-- MySQL dump 10.13  Distrib 5.7.23, for Linux (x86_64)
--
-- Host: localhost    Database: education_2
-- ------------------------------------------------------
-- Server version	5.7.23-0ubuntu0.16.04.1

/*!40101 SET @OLD_CHARACTER_SET_CLIENT=@@CHARACTER_SET_CLIENT */;
/*!40101 SET @OLD_CHARACTER_SET_RESULTS=@@CHARACTER_SET_RESULTS */;
/*!40101 SET @OLD_COLLATION_CONNECTION=@@COLLATION_CONNECTION */;
/*!40101 SET NAMES utf8 */;
/*!40103 SET @OLD_TIME_ZONE=@@TIME_ZONE */;
/*!40103 SET TIME_ZONE='+00:00' */;
/*!40014 SET @OLD_UNIQUE_CHECKS=@@UNIQUE_CHECKS, UNIQUE_CHECKS=0 */;
/*!40014 SET @OLD_FOREIGN_KEY_CHECKS=@@FOREIGN_KEY_CHECKS, FOREIGN_KEY_CHECKS=0 */;
/*!40101 SET @OLD_SQL_MODE=@@SQL_MODE, SQL_MODE='NO_AUTO_VALUE_ON_ZERO' */;
/*!40111 SET @OLD_SQL_NOTES=@@SQL_NOTES, SQL_NOTES=0 */;

--
-- Table structure for table `city`
--

DROP TABLE IF EXISTS `city`;
/*!40101 SET @saved_cs_client     = @@character_set_client */;
/*!40101 SET character_set_client = utf8 */;
CREATE TABLE `city` (
  `city_id` int(10) unsigned NOT NULL AUTO_INCREMENT,
  `title` tinytext,
  PRIMARY KEY (`city_id`)
) ENGINE=InnoDB AUTO_INCREMENT=8 DEFAULT CHARSET=utf8 COMMENT='cities';
/*!40101 SET character_set_client = @saved_cs_client */;

--
-- Dumping data for table `city`
--

LOCK TABLES `city` WRITE;
/*!40000 ALTER TABLE `city` DISABLE KEYS */;
INSERT INTO `city` VALUES (1,'Москва'),(2,'Санкт-Петербург'),(3,'Томск'),(4,'Основной'),(5,'Уфа'),(6,'Екатеринбург'),(7,'Новосибирск');
/*!40000 ALTER TABLE `city` ENABLE KEYS */;
UNLOCK TABLES;

--
-- Table structure for table `course`
--

DROP TABLE IF EXISTS `course`;
/*!40101 SET @saved_cs_client     = @@character_set_client */;
/*!40101 SET character_set_client = utf8 */;
CREATE TABLE `course` (
  `course_id` smallint(5) unsigned NOT NULL AUTO_INCREMENT,
  `title` text NOT NULL,
  `description` text,
  `synopses_link` text,
  `lessons_num` tinyint(3) unsigned DEFAULT NULL,
  `cost` decimal(10,0) DEFAULT NULL,
  `city_id` int(10) unsigned DEFAULT NULL,
  `product_id` int(11) DEFAULT NULL,
  PRIMARY KEY (`course_id`),
  KEY `city_ind` (`city_id`),
  KEY `fk_course_product` (`product_id`),
  CONSTRAINT `course_ibfk_1` FOREIGN KEY (`city_id`) REFERENCES `city` (`city_id`),
  CONSTRAINT `fk_course_product` FOREIGN KEY (`product_id`) REFERENCES `product` (`id`)
) ENGINE=InnoDB AUTO_INCREMENT=75 DEFAULT CHARSET=utf8 COMMENT='courses';
/*!40101 SET character_set_client = @saved_cs_client */;

--
-- Dumping data for table `course`
--

LOCK TABLES `course` WRITE;
/*!40000 ALTER TABLE `course` DISABLE KEYS */;
INSERT INTO `course` VALUES (4,'Творчество в Minecraft. Уровень 1. Компьютерная грамотность','Курс предназначен для детей, которые пока еще плохо управляются с компьютером, зато уже знают, что такое Minecraft. На занятиях с помощью платформы Minecraft и специального тренажера ученики изучат основные программы ПК, базовые понятия векторной графики, базу алгоритмики и основы геометрии. Используя новые знания, каждый ребенок подготовит свой первый чертеж и алгоритмическую программу.','https://docs.google.com/document/d/1ZhQtOgTqhDXT2ncQTMXEzkHxWywzdPpTdEEIADcKqSk/edit#',8,22000,NULL,NULL),(5,'Творчество в Minecraft. Уровень 3. 3D-моделирование и дизайн','На этом курсе дети осваивают 3D-моделирование, дизайн и программирование, создавая при этом свою оригинальную версию игры. Цель каждого ребенка — построить свой уникальный проект: город или парк мечты. Для этого ребята изучат правила построения 3D-объектов в редакторе Tinkercad, познакомятся с основами дизайна и правилами цветовой палитры для создания своих игровых текстур, на базовом уровне освоят Photoshop. Ребенок сможет применить полученные знания для создания своей версии игры Minecraft, а также в учебе и профессиональном развитии. \r\n','https://docs.google.com/document/d/1ZhQtOgTqhDXT2ncQTMXEzkHxWywzdPpTdEEIADcKqSk/edit#',8,22000,NULL,NULL),(6,'Творчество в Minecraft. Уровень 2. Квест','Обучение детей на данном курсе проходит в формате игрового квеста в Minecraft. Для успешного выполнения командного задания ученики изучают и создают алгоритмы, знакомятся с логическими системами (триггерами), проектируют и создают карты на прохождение внутри Minecraft. Все задачи, которые предстоит решить ученикам, обыгрываются с помощью наглядных сюжетов: например, для общения с туземцами ребятам нужно создать алгоритм.','https://docs.google.com/document/d/1ZhQtOgTqhDXT2ncQTMXEzkHxWywzdPpTdEEIADcKqSk/edit#',8,22000,NULL,NULL),(7,'Создание игр на Scratch. Уровень 1. Основы','На этом курсе ученики начинают программировать первые игры, используя специальный визуальный язык Scratch. На занятиях ребенок сам придумает механику, сюжет, героев и соберет настоящую игру, используя Scratch. Во время курса ребята под руководством преподавателя создадут 6 тренировочных проектов: «Танки» для двух игроков, Angry Birds с реалистичной физикой, классический арканоид, игры в жанре «стрелялки», игры по сбору бонусов с подсчетом очков.','https://docs.google.com/document/d/1ZhQtOgTqhDXT2ncQTMXEzkHxWywzdPpTdEEIADcKqSk/edit#',8,22000,NULL,NULL),(8,'Создание игр на Scratch. Уровень 2. Игровая логика','Курс предназначен для детей, которые уже знакомы с языком Scratch, но хотят прокачать свои навыки программирования и стать настоящими гуру. Занятия проходят в формате проектной работы: ребенок будет делать одну сложную логическую или графическую 2D-игру выбранного жанра. Для разработки игр ребята изучат математические функции и научатся выстраивать многоуровневые логические связи, чтобы писать алгоритмы. Проект будет проходить несколько основных этапов: проектирование, разработка, тестирование.\r\n','https://docs.google.com/document/d/1ZhQtOgTqhDXT2ncQTMXEzkHxWywzdPpTdEEIADcKqSk/edit#',8,22000,NULL,NULL),(9,'Программирование в Minecraft. Уровень 1. Основы \r\n','На этом курсе ребята в игровой форме изучат основы программирования, узнают понятия переменных, циклов и операторов. На занятиях используется обучающая модификация игры Minecraft, в которой можно создавать свои программы с помощью визуальных блоков, похожих на конструктор. Каждый ребенок сделает свою программу, благодаря которой его герой сможет выполнять нужные команды. Такая работа здорово прокачает навыки алгоритмического и пространственного мышления.\r\n','https://docs.google.com/document/d/1ZhQtOgTqhDXT2ncQTMXEzkHxWywzdPpTdEEIADcKqSk/edit#',8,22000,NULL,NULL),(10,'Программирование в Minecraft. Уровень 2. JavaScript\r\n','Ключевая задача курса — изучение языка JavaScript, знакомство с принципами работы удаленного сервера и редактора кода. Ребята научатся писать код игры, создадут сервер и несколько плагинов для него. Для этого детям предстоит изучить массивы, циклы, объекты и прочие структуры в JavaScript. Каждый ребенок напишет собственную программу с использованием специального объекта, который позволяет мгновенно построить здание или конструкцию. Дети узнают, как получить доступ к скрытым от обычного игрока файлам и настройкам игры, научатся взаимодействовать с сервером Minecraft и смогут сразу же увидеть результаты своей работы в игровом мире.\r\n\r\n','https://docs.google.com/document/d/1ZhQtOgTqhDXT2ncQTMXEzkHxWywzdPpTdEEIADcKqSk/edit#',8,22000,NULL,NULL),(11,'Программирование в Minecraft. Уровень 3. Профи. Мини-игры \r\n','Чтобы создать свою мини-игру, ребятам придется разобраться в архитектуре компьютера и стать почти что системным администраторами. Дети продолжат изучать язык JavaScript и познакомятся с новыми командами. Они узнают, как устроен сервер, начнут работу с плагинами, а также напишут свои двойные и тройные массивы. Объединившись в команды, дети создадут на общем сервере собственный игровой проект. \r\n','https://docs.google.com/document/d/1ZhQtOgTqhDXT2ncQTMXEzkHxWywzdPpTdEEIADcKqSk/edit#',8,22000,NULL,NULL),(12,'Создание игр на Unity. Уровень 1. Основы\r\n','На этом курсе ребята создают свои первые игровые проекты, используя популярный язык C# и движок Unity. Они учатся создавать линейные и нелинейные алгоритмы, писать код на C#, а также на примере движка Unity получают представление о том, как устроены разные программы. Каждые два занятия дети создают новый проект, прорабатывая при этом определенные навыки программирования. Опыт, который ребенок получит на курсе, может пригодиться при создании школьного или внеклассного проекта.\r\n','https://docs.google.com/document/d/1ZhQtOgTqhDXT2ncQTMXEzkHxWywzdPpTdEEIADcKqSk/edit#',8,22000,NULL,NULL),(13,'Создание игр на Unity. Уровень 2. Приложение для смартфона','Дети продолжают погружаться в разработку игр на платформе Unity. На этот раз цель каждого ребенка — собрать собственное игровое приложение. Для этого дети создают меню и элементы управления в игре, а также учатся подключать схему управления для сенсорного экрана смартфона. Они пишут сложный код, изучают процедуры и функции, понимают, из каких элементов кода состоит любой игровой проект. Это позволяет более свободно экспериментировать и смотреть, как конкретный код влияет на промежуточный результат. \r\n\r\n','https://docs.google.com/document/d/1ZhQtOgTqhDXT2ncQTMXEzkHxWywzdPpTdEEIADcKqSk/edit#',8,22000,NULL,NULL),(14,'Создание игр на Unity. Уровень 3. Профи. VR','Курс для тех, кто на волне новых технологий. Обучение на курсе позволит сильно расширить возможности в работе с движком Unity. Ребенок научится создавать графику, подключать дополнительные модули и настраивать анимацию. Управление в игре, которую напишет каждый ребенок, будет осуществляться взглядом. Чтобы не ограничивать фантазию детей при создании проектов, им будет предложена большая база графических материалов. Также каждому ребенку будет предоставлен шлем виртуальной реальности.\r\n','https://docs.google.com/document/d/1ZhQtOgTqhDXT2ncQTMXEzkHxWywzdPpTdEEIADcKqSk/edit#',8,22000,NULL,NULL),(15,'Создание игр на Unity. Уровень 4. Профи. Создание игровых миров \r\n','На этом курсе начинается настоящее «недетское» программирование. Ребята узнают разницу между процедурным и объектно-ориентированным подходами и используют их оба для решения разных задач в одном одном игровом проекте. Каждый ребенок напишет свою игру в популярном жанре «открытый мир», когда игрок свободно перемещается по карте и самостоятельно выбирает разные задания. Теперь ребята будут создавать мир не графически, а автоматически — с помощью специальных компонентов и настроек. В свой мир дети смогут добавлять любые объекты — готовые из библиотеки или созданные самостоятельно в графическом редакторе. В конце курса, все миры, созданные на занятиях, будут собраны в единую солнечную систему.\r\n','https://docs.google.com/document/d/1ZhQtOgTqhDXT2ncQTMXEzkHxWywzdPpTdEEIADcKqSk/edit#',8,22000,NULL,NULL),(16,'Разработка и дизайн сайтов. Уровень 1. Основы HTML и CSS','Курс предназначен для обучения основам создания сайтов и знакомству с главными техническими понятиями в интернете. Ребята получат базовые навыки разработки с использованием HTML и CSS. Ученики будут пользоваться популярными инструментами написания кода и работы с файлами на FTP сервере, а также коснутся процесса проектирования структуры и подготовки контента для сайта. ','',8,22000,NULL,NULL),(21,'Дизайн и анимация в играх. Уровень 1.										','','',8,22000,NULL,NULL),(22,'Создание игр: математика и логика. Уровень 1','','',8,22000,NULL,NULL),(23,'Python. Игры','В рамках курса дети познакомятся с одним из самых популярных языков программирования и узнают его структуру, подключат несколько библиотек по созданию игр и познакомятся с общей моделью конструирования игры. \r\n\r\nНавыки: логика, базовый python, понимание создания игры. \r\nРезультат: создание своей игры для ПК. \r\nЗАПИСАТЬСЯ\r\n','',8,NULL,NULL,NULL),(24,'Создание сайта на JavaScript','В этом курсе ребята познакомятся со структурой создания сайта, со всеми его сов этом курсе ребята познакомятся с структурой создания сайта, со всеми его составляющими, будут использовать html-верстку, css-стили, а после подключат Java script и узнают про его возможности. \r\n\r\nНавыки: язык верстки, подключение css и js синхронизация компонентов сайта, модель построения сайта (веб-приложения). \r\nРезультат: создание своего сайт с уникальным дизайном. ','',8,NULL,NULL,NULL),(25,'Создание бота в Telegram/ВКонтакте на Python','Обучение азам программирования на Python, понимание структуры клиент-сервер, понятие и взаимодействие с API. \r\n\r\nНавыки: работа над веб-проектами, программирование на Python. \r\nРезультат: создание бота с уникальным набором инструкций. ','',8,NULL,NULL,NULL),(26,'Создание игр на Unity. VR','Ребята научатся создавать приложения виртуальной реальности на Unity, познакомятся с разработкой для VR, графическими возможностями Unity, создание нескольких прототипов игры для VR. На занятиях ученики самостоятельно настроят взаимодействие взглядом с игровым миром с помощью VR-шлема, а также добавят в прототипы более сложные игровые механики и графику. \r\n\r\nНавыки: создание VR-приложения, работа с Unity и C#, анимация в Unity. \r\nРезультат: сборка и презентация собственного VR-проекта с уникальными элементами программного кода. ','',NULL,NULL,NULL,NULL),(27,'Разработка и дизайн сайтов. Основы HTML и CSS','В этом курсе ребята познакомятся со структурой создания сайта, со всеми его сов этом курсе ребята познакомятся с структурой создания сайта, со всеми его составляющими, будут использовать HTML-верстку, cssстили, а после подключат Java script и узнают про его возможности. \r\n\r\nНавыки: язык верстки, подключение CSS и JS синхронизация компонентов сайта, модель построения сайта (веб-приложения). \r\nРезультат: создание своего сайта с уникальным дизайном. ','',NULL,NULL,NULL,NULL),(28,'Городской лагерь. Создание стикеров для мессенджеров','На смене ребята изучат основы дизайна и работы в Adobe Photoshop, создадут своих оригинальных персонажей и разовьют в себе творческие навыки. Цель курса — научиться работать со сложным графическим редактором и изучить основы создания персонажа, путем разработки собственных стикеров. К концу смены каждый ребенок сделает свой стикерпак и опубликует его в Telegram.','',5,18900,NULL,NULL),(29,'Создание игр: математика и логика','Курс для юных программистов, в котором основное внимание уделяется математике и логике. На примере различных игровых механик ребята узнают важные математические приемы, которые не только помогут им отлично справляться на уроках математики в школе, но и дадут возможность в дальнейшем с легкостью освоить новые более сложные языки программирования. \r\n\r\nНа каждом занятии дети будут изучать разные темы из математики и информатики на примере создания простых (и не очень) игровых ситуаций на языке Scratch, которые потом ребенок сможет использовать для создания собственной игры в конце курса. \r\n','https://docs.google.com/document/d/1ZhQtOgTqhDXT2ncQTMXEzkHxWywzdPpTdEEIADcKqSk/edit#',8,20000,NULL,NULL),(30,'Дизайн и анимация в играх','Создание игр - очень разносторонний процесс, в котором принимают участие не только программисты, но и люди многих других профессий. Мы создали курс, рассчитанный на творческих ребят 6-9 лет, включающий в себя основы графического дизайна, геймдизайна и UX-дизайна (дизайн интерфейса), а также основы драматургии и анимации.\r\n\r\nScratch - в курсе используется для создания персонажа и анимации, а так же простейшего скриптинга, реализующего эту анимацию. \r\nStencyl - игровой конструктор. Используется в курсе для дизайна уровней и элементов интерфейса.\r\n','https://docs.google.com/document/d/1ZhQtOgTqhDXT2ncQTMXEzkHxWywzdPpTdEEIADcKqSk/edit#',8,20000,NULL,NULL),(32,'Монтаж своего видеоролика для YouTube (лагерь)','Курс молодого бойца для юных клипмейкеров. Здесь ребята не только научатся работать в Adobe Premiere Pro - одной из популярнейших профессиональных программ для редактирования видео, но и научатся подходить к монтажу как к мощному творческому инструменту. В курсе используются теоретические знания уровня высших творческих школ, которые обычно не включаются в уроки по монтажу, размещаемые в интернете. По окончании курса, используя полученные знания, ребенок создаст собственный видеоролик и загрузит его на Youtube.\r\n','',5,NULL,NULL,NULL),(33,'Кибербезопасность (лагерь)','Это смена-квест погружает ребят в запутанную историю исчезновения человека, которого срочно нужно найти. Однако у нас есть только его страничка в социальной сети. Ребята поймут, как зашифровать любую информацию, как её восстановить, если она была удалена, как получить удаленный доступ к компьютеру, как скрыть секретное послание в картинке или музыке, а также познакомятся с возможностями языка Python.','',5,NULL,NULL,NULL),(34,'Создание игр в AR (лагерь)','Данный лагерь предполагает изучение детьми такого инструмента как Vuforia (бесплатный SDK для работы с дополненной реальностью) на основе его интеграции с Unity и разработкой приложения с использованием технологии AR под мобильные устройства. Лагерь рассчитан на детей 10-13 лет, которые хотят научиться создавать приложения, использующие технологию дополненной реальности.','',5,NULL,NULL,NULL),(35,'Создание стикеров для мессенджеров (лагерь)','На смене ребята изучат основы дизайна и работы в Adobe Photoshop, создадут своих оригинальных персонажей и разовьют в себе творческие навыки. Цель курса - научиться работать со сложным графическим редактором и изучить основы создания персонажа, путем разработки собственных стикеров.К концу смены каждый ребенок сделает свой стикерпак и опубликует его в Telegram.\r\n','',5,NULL,NULL,NULL),(36,'Разработчик в Minecraft (лагерь)','Ключевая задача лагеря — изучение языка JavaScript, знакомство с принципами работы удаленного сервера и редактора кода. Каждый ребенок напишет собственную программу с использованием специального объекта, который позволяет мгновенно построить здание или конструкцию. Дети узнают, как получить доступ к скрытым от обычного игрока файлам и настройкам игры, научатся взаимодействовать с сервером Minecraft и смогут сразу же увидеть результаты своей работы в игровом мире.\r\n','',5,NULL,NULL,NULL),(37,'Разработка игр на Python (лагерь)','На занятиях дети овладеют основами программирования на языке Python, научатся работать с встроенными модулями Python 2.7. Цель участников лагеря - создать собственную 2D-игру при помощи скриптов. В процессе обучения дети научатся построению базовых алгоритмов, освоят понятия функций, переменных, условий, циклов, а также познакомятся с основами объектно-ориентированного программирования и пользовательских интерфейсов. Каждый участник представит свой проект в формате программы-игры, оснащенной уникальным UI.\r\n','',5,NULL,NULL,NULL),(38,'Программирование и электроника Raspberry Pi + Minecraft (лагерь)','Смена по программированию и работе с электроникой для юных любителей игры Minecraft. В лагере ребята познакомятся с микрокомпьютером Raspberry Pi и узнают, как управлять объектами в Minecraft с помощью языка программирования Python. Участники овладеют специальными инструментами языка, что позволит им дополнить код игры и создавать свой мир без ручного строительства.\r\n\r\nMinecraft PI Edition разработан для обучения детей программированию и элементарному конструированию. Это отличная возможность заинтересовать ребенка программированием, увлечь математикой и электроникой.\r\n','',5,NULL,NULL,NULL),(39,'Создание игр: математика и логика (лагерь)','Лагерь предназначен для ребят 7-10 лет и призван познакомить их с темами математики и информатики из школьной программы более старших классов на понятных игровых примерах. Занятия проходят в программе Scratch, позволяющей создавать игровые проекты на блоковом языке программирования. После смены дети не только смогут разбираться в этих темах лучше всех в классе, но и увидят практическую применимость математических знаний. Всё это вместе с базовыми знаниями по алгоритмике и программированию позволит ребенку создать в конце смены свою собственную игру с нуля. \r\n','',5,NULL,NULL,NULL),(40,'Дизайн и анимация в играх (лагерь)','Смена предназначена для творческих ребят 6-9 лет и включает в себя основы различных ответвлений дизайна. Узнав основы графического дизайна и анимации, ребята создадут и анимируют своего персонажа в программе Scratch. Затем персонаж будет перенесет в другую программу - Stencyl - где, узнав основы драматургии и геймдизайна, ребята разработают собственные игровые уровни, по которым персонаж сможет перемещаться. В конце к каждой игре будет добавлено стартовое меню, созданное также не без теории - здесь это основы дизайна интерфейса. По итогу у ребенка будет концепт игры а также понимание, как создавать проект, смотря на него глазами не только разработчика, но и пользователя.\r\n','',5,NULL,NULL,NULL),(41,'Создание игр в AR (лагерь) ','Данный лагерь предполагает изучение детьми такого инструмента как Vuforia (бесплатный SDK для работы с дополненной реальностью) на основе его интеграции с Unity и разработкой приложения с использованием технологии AR под мобильные устройства. Лагерь рассчитан на детей 10-13 лет, которые хотят научиться создавать приложения, использующие технологию дополненной реальности.','',NULL,NULL,NULL,NULL),(42,'Создание стикеров для мессенджеров (лагерь) ','На смене ребята изучат основы дизайна и работы в Adobe Photoshop, создадут своих оригинальных персонажей и разовьют в себе творческие навыки. Цель курса - научиться работать со сложным графическим редактором и изучить основы создания персонажа, путем разработки собственных стикеров.К концу смены каждый ребенок сделает свой стикерпак и опубликует его в Telegram','',NULL,NULL,NULL,NULL),(43,'Разработчик в Minecraft (лагерь) ','Ключевая задача лагеря — изучение языка JavaScript, знакомство с принципами работы удаленного сервера и редактора кода. Каждый ребенок напишет собственную программу с использованием специального объекта, который позволяет мгновенно построить здание или конструкцию. Дети узнают, как получить доступ к скрытым от обычного игрока файлам и настройкам игры, научатся взаимодействовать с сервером Minecraft и смогут сразу же увидеть результаты своей работы в игровом мире','',NULL,NULL,NULL,NULL),(44,'Монтаж своего видеоролика для YouTube (лагерь)','Курс молодого бойца для юных клипмейкеров. Здесь ребята не только научатся работать в Adobe Premiere Pro - одной из популярнейших профессиональных программ для редактирования видео, но и научатся подходить к монтажу как к мощному творческому инструменту. В курсе используются теоретические знания уровня высших творческих школ, которые обычно не включаются в уроки по монтажу, размещаемые в интернете. По окончании курса, используя полученные знания, ребенок создаст собственный видеоролик и загрузит его на Youtube.','',NULL,NULL,NULL,NULL),(45,'Создание игр: математика и логика (лагерь) ','Лагерь предназначен для ребят 7-10 лет и призван познакомить их с темами математики и информатики из школьной программы более старших классов на понятных игровых примерах. Занятия проходят в программе Scratch, позволяющей создавать игровые проекты на блоковом языке программирования. После смены дети не только смогут разбираться в этих темах лучше всех в классе, но и увидят практическую применимость математических знаний. Всё это вместе с базовыми знаниями по алгоритмике и программированию позволит ребенку создать в конце смены свою собственную игру с нуля. ','',NULL,NULL,NULL,NULL),(46,'Программирование и электроника Raspberry Pi + Minecraft (лагерь)','Смена по программированию и работе с электроникой для юных любителей игры Minecraft. В лагере ребята познакомятся с микрокомпьютером Raspberry Pi и узнают, как управлять объектами в Minecraft с помощью языка программирования Python. Участники овладеют специальными инструментами языка, что позволит им дополнить код игры и создавать свой мир без ручного строительства.\r\n\r\nMinecraft PI Edition разработан для обучения детей программированию и элементарному конструированию. Это отличная возможность заинтересовать ребенка программированием, увлечь математикой и электроникой','',NULL,NULL,NULL,NULL),(47,'Кибербезопасность (лагерь)','Это смена-квест погружает ребят в запутанную историю исчезновения человека, которого срочно нужно найти. Однако у нас есть только его страничка в социальной сети. Ребята поймут, как зашифровать любую информацию, как её восстановить, если она была удалена, как получить удаленный доступ к компьютеру, как скрыть секретное послание в картинке или музыке, а также познакомятся с возможностями языка Python.\r\n\r\nЗадача этой смены - познакомить ребят с некоторыми возможностями языка программирования Python и принципами шифрования и восстановления информации. Занятия построены в форме квеста, где детям предстоит срочно найти пропавшего человека, используя его страницу в социальной сети и удаленный доступ к компьютеру. Также ребята узнают, как скрывать секретные послания в картинке и даже в музыке.','',NULL,NULL,NULL,NULL),(48,'Дизайн и анимация в играх (лагерь)','Смена предназначена для творческих ребят 6-9 лет и включает в себя основы различных ответвлений дизайна. Узнав основы графического дизайна и анимации, ребята создадут и анимируют своего персонажа в программе Scratch. Затем персонаж будет перенесет в другую программу - Stencyl - где, узнав основы драматургии и геймдизайна, ребята разработают собственные игровые уровни, по которым персонаж сможет перемещаться. В конце к каждой игре будет добавлено стартовое меню, созданное также не без теории - здесь это основы дизайна интерфейса. По итогу у ребенка будет концепт игры а также понимание, как создавать проект, смотря на него глазами не только разработчика, но и пользователя.','',NULL,NULL,NULL,NULL),(49,'Разработка игр на Python (лагерь)','На занятиях дети овладеют основами программирования на языке Python, научатся работать с встроенными модулями Python 2.7. Цель участников лагеря - создать собственную 2D-игру при помощи скриптов. В процессе обучения дети научатся построению базовых алгоритмов, освоят понятия функций, переменных, условий, циклов, а также познакомятся с основами объектно-ориентированного программирования и пользовательских интерфейсов. Каждый участник представит свой проект в формате программы-игры, оснащенной уникальным UI.','',NULL,NULL,NULL,NULL),(50,'Minecraft 3D-моделирование и дизайн (лагерь)','На смене дети научатся 3D-моделированию и дизайну, чтобы сделать свою оригинальную версию игры. Цель каждого участника - построить свой уникальный проект, город или парк мечты, но ничего строить вручную не надо. Для этого ребята изучат правила построения 3D-объектов, используя редактор Tinkercad, познакомятся с основами дизайна и правилами цветовой палитры, чтобы создать свои игровые текстуры.\r\n','',5,NULL,NULL,NULL),(51,'Minecraft 3D-моделирование и дизайн (лагерь)','На смене дети научатся 3D-моделированию и дизайну, чтобы сделать свою оригинальную версию игры. Цель каждого участника - построить свой уникальный проект, город или парк мечты, но ничего строить вручную не надо. Для этого ребята изучат правила построения 3D-объектов, используя редактор Tinkercad, познакомятся с основами дизайна и правилами цветовой палитры, чтобы создать свои игровые текстуры.','',NULL,NULL,NULL,NULL),(52,'ДеньОткрытых Дверей','','',NULL,NULL,NULL,NULL),(53,'Дне Открытых Дверей','','',NULL,NULL,NULL,NULL),(55,'Unity. Создание игр. Уровень 1. Основа','Unity — взрослый инструмент для разработки игр и приложений, с помощью которого ребенок создаст собственную игру. Для этого он изучит основы языка программирования С#, узнает, как и зачем реализована физическая модель и освоит компонентную систему движка. Результатом станет готовая игра для Windows и Mac OC.','',8,12000,NULL,NULL),(56,'Создание игр на Scratch. Уровень 1.','Курс рассчитан на ребят 7-10 лет, не имеющих предварительного опыта в программировании. Задачи курса познакомить детей с основами работы в Scratch - структурой языка, основными алгоритмическими конструкциями и приемами решения тривиальных задач. Развить у учеников алгоритмическое мышление и навыки составления собственных алгоритмов. Познакомить с основами проектирования программ. В конце курса реализовать собственный игровой проект на языке Scratch, продуманный каждым учеником самостоятельно.','',8,12000,NULL,NULL),(57,'Программирование в Minecraft (лагерь)','На смене дети научатся основам программирования, чтобы сделать свою первую программу. В ходе создания своего проекта ребята познакомятся с условными операторами, переменными, циклами, научатся создавать свои программы, которые помогут в игровом мире. ','',5,13900,NULL,NULL),(58,'Создание игр: математика и логика (лагерь)','Лагерь предназначен для ребят 7-10 лет и призван познакомить их с темами математики и информатики из школьной программы более старших классов на понятных игровых примерах. Занятия проходят в программе Scratch, позволяющей создавать игровые проекты на блоковом языке программирования. После смены дети не только смогут разбираться в этих темах лучше всех в классе, но и увидят практическую применимость математических знаний. Всё это вместе с базовыми знаниями по алгоритмике и программированию позволит ребенку создать в конце смены свою собственную игру с нуля. ','',5,13900,NULL,NULL),(59,'Создание игр на Unity. Основы (лагерь)','Смена предназначена для знакомства с движком Unity и освоения базовых навыков  проектирования игр  и программирования на C#: дети получат представление об архитектуре программных компонентов Unity, освоят основы построения линейных и нелинейных алгоритмов, научатся писать код, направленный на решение конкретных задач. Таким образом каждый ученик создает свою работающую версию игры. ','',5,13900,NULL,NULL),(60,'Разработка и дизайн сайтов. Основы HTML и CSS (лагерь)','Курс будет интересен всем, кто хочет научиться создавать свои сайты с нуля. Ребята будут писать код в профессиональной среде разработки, поймут, как устроены сайты, получат необходимые навыки для самостоятельной работы. Дети будут изучать язык гипертекстовой разметки (HTML) и каскадные таблицы стилей (CSS), а также примерят на себя роль Веб-дизайнера.','',5,13900,NULL,NULL),(61,'День открытых дверей (старт)','Открытие Первой школы программирования и цифрового творчества  Кодабра в Новосибирске. В программе - бесплатные мастер-классы для ребенка. Ребенок попробуем свои силы в ИТ, выполняя небольшое задание из интересного ему курса и создаст небольшой фрагмент игры. Для родителей - презентация Школы, программ, примеры работ детей из других регионов, презентация работ ребят - участников ДОД.','',2,NULL,NULL,NULL),(62,'День открытых дверей - Атмосфера','','',2,NULL,NULL,NULL),(63,'Дне Открытых Дверей','','',NULL,NULL,NULL,NULL),(64,'Разработка и дизайн сайтов. Основы HTML и CSS','','',5,13900,NULL,NULL),(65,'Создание игр на Unity','На этом интенсивном курсе ребята создают свои первые игровые проекты, используя популярный язык C# и движок Unity. Они учатся создавать линейные и нелинейные алгоритмы, писать код на C#, а также на примере движка Unity получают представление о том, как устроены разные программы. Каждые два занятия дети создают новый проект, прорабатывая при этом определенные навыки программирования. Опыт, который ребенок получит на курсе, может пригодиться при создании школьного или внеклассного проекта.','',5,16900,NULL,NULL),(66,'Разработка игр на Python','На курсе дети изучат основы программирования на языке Python, научатся работать с встроенными модулями Python 2.7. Цель участников курса - создать собственную 2D-игру при помощи скриптов. В процессе обучения дети научатся построению базовых алгоритмов, освоят понятия функций, переменных, условий, циклов, а также познакомятся с основами объектно-ориентированного программирования и пользовательских интерфейсов. Каждый участник представит свой проект в формате программы-игры, оснащенной уникальным UI.','',8,20900,NULL,NULL),(67,'Разработка и дизайн сайтов. Основы HTML, CSS и JavaScript','Курс будет интересен всем, кто хочет научиться создавать свои сайты с нуля. Ребята будут писать код в профессиональной среде разработки, поймут, как устроены сайты, получат необходимые навыки для самостоятельной работы. Дети будут изучать язык гипертекстовой разметки (HTML), каскадные таблицы стилей (CSS) и самый востребованный язык программирования JavaScript в связке с фреймворком jQuery.','',8,20900,NULL,NULL),(68,'Разработка нейронной сети на Python','На интенсиве дети изучат основы программирования на языке Python, изучат основы построения нейронных сетей и научатся их использовать. Цель курса - узнать, что такое нейронная сеть, познакомиться с устройством нейросетей и научиться их использовать. Основная задача курса - запрограммировать нейронную сеть, способную распознавать изображения и генерировать описания к ним. В процессе обучения дети освоят базовые понятия алгоритмов, способы хранения данных, принципы «взрослого» функционального программирования; научатся использовать библиотеки языка Python - NumPy и TensorFlow; узнают, как работает машинное обучение и нейросети; научатся использовать их для решения прикладных задач.','',8,NULL,NULL,NULL),(70,'Разработка и дизайн сайтов. Уровень 1. Основы HTML и CSS (лагерь) ','Курс предназначен для обучения основам создания сайтов и знакомству с главными техническими понятиями в интернете. Ребята получат базовые навыки разработки с использованием HTML и CSS. Ученики будут пользоваться популярными инструментами написания кода и работы с файлами на FTP сервере, а также коснутся процесса проектирования структуры и подготовки контента для сайта.','',5,NULL,NULL,NULL),(71,'Создание игр на Unity. Основы. (Лагерь) ','На этом курсе ребята создают свои первые игровые проекты, используя популярный язык C# и движок Unity. Они учатся создавать линейные и нелинейные алгоритмы, писать код на C#, а также на примере движка Unity получают представление о том, как устроены разные программы. Каждые два занятия дети создают новый проект, прорабатывая при этом определенные навыки программирования. Опыт, который ребенок получит на курсе, может пригодиться при создании школьного или внеклассного проекта.','https://docs.google.com/document/d/1ZhQtOgTqhDXT2ncQTMXEzkHxWywzdPpTdEEIADcKqSk/edit#',8,22000,NULL,NULL),(72,'Программирование в Minecraft. Основы. (Лагерь)','На этом курсе ребята в игровой форме изучат основы программирования, узнают понятия переменных, циклов и операторов. На занятиях используется обучающая модификация игры Minecraft, в которой можно создавать свои программы с помощью визуальных блоков, похожих на конструктор. Каждый ребенок сделает свою программу, благодаря которой его герой сможет выполнять нужные команды. Такая работа здорово прокачает навыки алгоритмического и пространственного мышления.','https://docs.google.com/document/d/1ZhQtOgTqhDXT2ncQTMXEzkHxWywzdPpTdEEIADcKqSk/edit#',8,NULL,NULL,NULL),(73,'Создание игр на Python','','',8,NULL,NULL,NULL),(74,'Создание игр на Python','','',8,NULL,NULL,NULL);
/*!40000 ALTER TABLE `course` ENABLE KEYS */;
UNLOCK TABLES;

--
-- Table structure for table `course_in_city`
--

DROP TABLE IF EXISTS `course_in_city`;
/*!40101 SET @saved_cs_client     = @@character_set_client */;
/*!40101 SET character_set_client = utf8 */;
CREATE TABLE `course_in_city` (
  `course_in_city_id` int(10) unsigned NOT NULL AUTO_INCREMENT,
  `course_id` smallint(5) unsigned DEFAULT NULL,
  `city_id` int(10) unsigned DEFAULT NULL,
  `product_id` int(11) DEFAULT NULL,
  PRIMARY KEY (`course_in_city_id`),
  KEY `course_ind` (`course_id`),
  KEY `city_ind` (`city_id`),
  KEY `fk_course_in_city_pr` (`product_id`),
  CONSTRAINT `course_in_city_ibfk_1` FOREIGN KEY (`course_id`) REFERENCES `course` (`course_id`) ON DELETE SET NULL,
  CONSTRAINT `course_in_city_ibfk_2` FOREIGN KEY (`city_id`) REFERENCES `city` (`city_id`) ON DELETE SET NULL,
  CONSTRAINT `fk_course_in_city_pr` FOREIGN KEY (`product_id`) REFERENCES `product` (`id`)
) ENGINE=InnoDB AUTO_INCREMENT=203 DEFAULT CHARSET=utf8 COMMENT='course_in_city';
/*!40101 SET character_set_client = @saved_cs_client */;

--
-- Dumping data for table `course_in_city`
--

LOCK TABLES `course_in_city` WRITE;
/*!40000 ALTER TABLE `course_in_city` DISABLE KEYS */;
INSERT INTO `course_in_city` VALUES (46,NULL,1,NULL),(53,NULL,3,NULL),(54,NULL,2,NULL),(55,NULL,2,NULL),(56,NULL,3,NULL),(80,NULL,1,NULL),(103,NULL,5,NULL),(109,58,7,NULL),(122,4,1,2),(123,4,2,3),(124,5,1,2),(125,5,2,3),(126,6,1,2),(127,6,2,3),(128,7,1,2),(129,7,2,3),(130,8,1,2),(131,8,2,3),(132,9,1,2),(133,9,2,3),(134,10,1,2),(135,10,2,3),(136,11,1,2),(137,11,2,3),(138,12,1,2),(139,12,2,3),(140,13,1,2),(141,13,2,3),(142,14,1,2),(143,14,2,3),(144,15,1,2),(145,15,2,3),(146,16,1,2),(147,16,2,3),(148,21,1,2),(149,22,1,2),(150,23,1,2),(151,24,1,2),(152,25,1,2),(153,26,1,2),(154,27,1,2),(155,28,1,7),(156,29,2,3),(157,30,2,3),(158,32,2,11),(159,33,2,11),(160,34,2,11),(161,35,2,11),(162,36,2,11),(163,37,2,11),(164,38,2,11),(165,39,2,11),(166,40,2,11),(167,41,1,7),(168,42,1,7),(169,43,1,7),(170,44,1,7),(172,46,1,7),(173,47,1,7),(174,48,1,7),(175,49,1,7),(176,50,2,11),(177,51,1,7),(178,52,6,8),(179,53,2,11),(180,55,5,13),(181,56,5,6),(182,57,7,9),(183,59,7,9),(184,60,7,9),(185,61,7,9),(186,62,7,9),(187,63,1,7),(188,64,6,5),(189,65,1,2),(190,66,1,2),(191,67,1,2),(192,68,1,2),(193,70,6,8),(198,71,6,8),(200,72,6,8),(201,45,1,7),(202,45,6,8);
/*!40000 ALTER TABLE `course_in_city` ENABLE KEYS */;
UNLOCK TABLES;

--
-- Table structure for table `group`
--

DROP TABLE IF EXISTS `group`;
/*!40101 SET @saved_cs_client     = @@character_set_client */;
/*!40101 SET character_set_client = utf8 */;
CREATE TABLE `group` (
  `group_id` int(10) unsigned NOT NULL AUTO_INCREMENT,
  `title` tinytext NOT NULL,
  `participants_num` smallint(5) unsigned DEFAULT NULL,
  `participants_num_max` smallint(5) unsigned DEFAULT NULL,
  `city_id` int(10) unsigned DEFAULT NULL,
  PRIMARY KEY (`group_id`),
  KEY `city_ind` (`city_id`),
  CONSTRAINT `group_ibfk_1` FOREIGN KEY (`city_id`) REFERENCES `city` (`city_id`)
) ENGINE=InnoDB AUTO_INCREMENT=575 DEFAULT CHARSET=utf8 COMMENT='groups';
/*!40101 SET character_set_client = @saved_cs_client */;

--
-- Dumping data for table `group`
--

LOCK TABLES `group` WRITE;
/*!40000 ALTER TABLE `group` DISABLE KEYS */;
INSERT INTO `group` VALUES (12,'К1М1',NULL,10,1),(13,'К1М2',NULL,10,1),(14,'К1М3',NULL,10,1),(15,'С1М2',NULL,15,1),(16,'С1М3',NULL,10,1),(17,'С1М4',NULL,10,1),(18,'М1М1',NULL,10,1),(19,'М1М2',0,10,1),(20,'Ю1Ф1',NULL,10,1),(21,'Ю1М2',NULL,15,1),(22,'Ю1М2а',NULL,15,1),(23,'Ю1М4',NULL,14,1),(24,'К1Ф1',NULL,10,1),(25,'М1Ф1',NULL,10,1),(26,'С1Ф1',NULL,10,1),(27,'Ю1Ф1',NULL,10,1),(28,'С1Ф3',NULL,10,1),(29,'Ю1Ф3',NULL,10,1),(30,'Ю1Ф2',NULL,10,1),(31,'Ю1П3',NULL,15,1),(32,'С1А2',NULL,15,1),(33,'М1П3',NULL,15,1),(34,'М1Ш1',NULL,15,1),(35,'С1Ш1',NULL,15,1),(36,'К2Ш1',NULL,15,1),(37,'Ю1Ш1',NULL,15,1),(38,'Ю1Ш2',NULL,15,1),(39,'К1Ш1',NULL,15,1),(40,'С1Л1',NULL,15,1),(41,'Ю1Л1',NULL,15,1),(42,'Ю1А5',NULL,15,1),(43,'К1Л1',NULL,15,1),(44,'М1А3',NULL,15,1),(45,'М1Л1',NULL,15,1),(46,'Ю1Ш3',NULL,15,1),(47,'С1К1',NULL,15,1),(48,'К1К1',NULL,15,1),(49,'К2К1',NULL,25,1),(50,'М1К1',NULL,15,1),(51,'Ю1К1',NULL,15,1),(52,'Ю1И1',NULL,12,1),(53,'Ю1А6',NULL,15,1),(54,'К2И1',NULL,12,1),(55,'М1И1',NULL,12,1),(56,'С1Ш2',NULL,15,1),(57,'С1А3',NULL,15,1),(58,'Ю3А1',NULL,15,1),(59,'С2П1',NULL,15,1),(60,'Ю2П2',NULL,15,1),(61,'К1П2',8,15,1),(62,'К2П2',43,44,1),(63,'К2А2',NULL,15,1),(64,'М2П1',NULL,15,1),(65,'М1А4',NULL,15,1),(66,'М2А2',NULL,15,1),(67,'М3А1',NULL,15,1),(68,'С1Р1',0,20,1),(69,'Ю1Р1',NULL,20,1),(70,'Ю1П4',2,20,1),(71,'Ю1П5',6,20,1),(72,'К2Р1',4,20,1),(74,'М1Р1',1,20,1),(75,'М1А5',NULL,20,1),(76,'С1И1',NULL,12,1),(77,'М1Ш2',NULL,15,1),(78,'С1П2',53,60,1),(79,'Ю1А7',1,20,1),(80,'М1П4',13,20,1),(81,'Ю2А2',NULL,20,1),(82,'Ю2А3',NULL,20,1),(83,'К3А1',NULL,20,1),(84,'М2П2',NULL,20,1),(85,'С1Ш3',28,30,1),(86,'Ю1Ш4',10,20,1),(87,'К2Ш2',12,20,1),(88,'М1Ш3',11,20,1),(89,'С2А1',8,12,1),(90,'Ю2Л1',NULL,12,1),(91,'М2Ш1',3,12,1),(92,'К1Ш2',18,20,1),(93,'К1Л2',18,20,1),(94,'К2Л1',30,40,1),(95,'М1М3',NULL,15,1),(96,'С2М2',NULL,15,1),(97,'Ю2М1',NULL,15,1),(98,'К1У1',4,12,1),(99,'С1У1',10,12,1),(100,'М1У1',10,12,1),(101,'Ю1У1',5,12,1),(102,'В1Ш1',7,20,1),(103,'Ю2Ш1',2,12,1),(104,'С1Л2',21,25,1),(105,'Ю1Л2',42,45,1),(106,'М1Л2',42,45,1),(108,'С1У2',22,30,1),(109,'Ю1У2',21,30,1),(110,'Ю2А4',1,12,1),(111,'М2А3',12,12,1),(112,'Ю1П6',34,35,1),(113,'Ю1Ш5',22,25,1),(114,'М1Ш4',20,20,1),(115,'К1К2',26,30,1),(116,'К2К2',43,45,1),(117,'М1К2',39,40,1),(118,'С1К2',51,51,1),(119,'Ю1К2',45,45,1),(120,'тестовая',NULL,15,1),(121,'К2Ш3',50,50,1),(122,'С2Ш1',8,12,1),(123,'К3И1',4,10,1),(124,'М2И1',6,10,1),(125,'Ю2И1',5,10,1),(126,'К1У2',41,46,1),(127,'С1А4',30,30,1),(128,'М1А6',30,30,1),(129,'К1А2',40,40,1),(130,'К2А4',34,35,1),(131,'Ю1А8',15,20,1),(132,'Ю1И2',73,75,1),(133,'С1Ф4',44,50,1),(134,'Ю1Ф4',46,50,1),(135,'М1Ф2',43,50,1),(139,'К3Ф1',4,15,1),(140,'С2Ф1',7,15,1),(141,'М2Ф1',4,15,1),(142,'Ю2Ф1',12,15,1),(147,'Ю2Ф2',5,15,1),(149,'К1А3',14,15,1),(152,'Ю2К1',5,12,1),(154,'М1П5',50,51,1),(156,'М1У2',31,40,1),(157,'К3А2',12,12,1),(158,'В1П1',47,48,1),(159,'М2А4',12,12,1),(160,'Ю3А2',12,13,1),(162,'М3П1',4,12,1),(163,'Ю2П3',8,12,1),(164,'Ю2А5',9,12,1),(165,'Ю1А9',15,15,1),(166,'Ю1П7',60,68,1),(167,'К1П3',55,55,1),(168,'М1А7',31,31,1),(169,'К2А5',30,37,1),(170,'К2А6',6,12,1),(171,'Ю1К3',35,55,1),(172,'К2К3',35,50,1),(173,'М1К3',49,50,1),(174,'М1А8',9,12,1),(175,'М1И2',70,70,1),(176,'М1Ф3',3,20,1),(177,'С1К3',39,50,1),(178,'К2С1',20,40,1),(179,'С1С1',14,40,1),(180,'М1С1',20,40,1),(181,'Ю1С1',22,40,1),(182,'В1Р1',18,50,1),(183,'С2Р1',2,12,1),(184,'Ю2Ф3',6,20,1),(185,'М1Р2',19,50,1),(186,'К2Р2',19,50,1),(187,'Ю1Р2',13,30,1),(188,'Ю1А10',2,12,1),(189,'Ю1Х1',7,50,1),(190,'К2Х1',8,50,1),(191,'М1Х1',7,50,1),(192,'К1Фрунза',NULL,NULL,1),(193,'М2Ф2',1,20,2),(194,'М3А2',4,12,1),(199,'С1Х1',13,30,1),(200,'М3Ш1',6,12,1),(201,'К2И2',40,40,1),(203,'М2Х1',NULL,12,1),(204,'test tomsk',NULL,11,3),(205,'test spb',NULL,12,2),(206,'Ю1Х2',30,30,1),(207,'Ю4Х1',NULL,12,1),(208,'В1К1',24,30,1),(209,'М2Ш2',11,12,1),(210,'Ю1Ш7',20,30,1),(211,'К1Х1',20,30,1),(212,'М1Ш5',21,30,1),(213,'К2Т1',27,30,2),(214,'В1Х1',15,30,1),(215,'С1Т1',19,30,2),(216,'Ю1Т1',12,30,2),(217,'М1Т1',24,30,2),(218,'В1Т1',10,30,2),(219,'Ю1Ш6',3,12,1),(220,'К2Ш4',11,12,1),(221,'К3Ш1',6,12,1),(222,'М1П6',3,12,1),(223,'М2П3',2,12,1),(224,'Д1А1',20,30,1),(225,'К1Д1',20,20,1),(226,'К1Д2',20,20,1),(227,'С1Д1',19,20,1),(228,'С1Д2',15,15,1),(229,'К2Д1',20,20,1),(230,'К2Д2',20,20,1),(231,'Д1Д1',15,15,1),(232,'Д1Д2',23,23,1),(233,'М1Д1',13,15,1),(234,'М1Д2',17,20,1),(235,'М1Д3',15,15,1),(236,'М1Д4',20,20,1),(237,'М2Д1',1,15,1),(238,'М2Д2',2,15,1),(239,'М2Д3',NULL,15,1),(240,'М2Д4',13,15,1),(241,'Ю1Д1',15,15,1),(242,'Ю1Д2',6,15,1),(243,'Ю1Д3',20,20,1),(245,'Ю1Д4',20,20,1),(246,'В1Д1',15,15,1),(247,'В1Д2',12,15,1),(248,'В1Д3',20,20,1),(249,'В1Д4',14,15,1),(250,'К3К1',1,12,1),(251,'К2ОЗ1',18,30,2),(252,'С1ОЗ1',19,30,2),(253,'Ю1ОЗ1',20,30,2),(254,'М1ОЗ1',22,30,2),(255,'В1ОЗ1',7,30,2),(256,'М2К1',5,12,1),(257,'Ю2Ш2',7,12,1),(258,'К1Р1',38,50,1),(259,'К2Ф2',45,50,2),(260,'Ю1Т2',50,50,2),(261,'С1У3',41,50,2),(262,'Ю1У3',39,40,2),(263,'М1Ф4',52,60,2),(264,'С1Ф5',NULL,40,2),(265,'К1А4',25,30,1),(266,'К1Ш3',18,30,1),(267,'СБ:Квест(6-9)',13,13,1),(268,'Д1Ф1',48,60,2),(269,'С1В1',7,30,1),(270,'СБ:Sctatch(6-9)',15,15,1),(271,'СБ:Python(10-13)',10,10,1),(272,'СБ:Unity(10-13)',9,10,1),(273,'СБ:JS(14-17)',11,12,1),(274,'СБ:Созд.бота(14-17)',1,10,1),(275,'СБ:Unity(от12)с род.',4,10,1),(276,'СБ:JS,HTML(от12) с род.',4,7,1),(277,'К2В1',16,30,1),(278,'М1В1',30,30,1),(279,'Ю1В1',26,30,1),(280,'С2А2',12,12,1),(281,'С1Ш4',24,30,1),(282,'С1А5',22,23,1),(283,'К2А7',16,30,1),(284,'М2А5',8,12,1),(285,'Ю3И1',NULL,10,1),(286,'Ю2А6',7,10,1),(287,'М1Ш6',31,40,1),(288,'Ю1П8',21,30,1),(289,'ЛАГЕРЬТЕСТ',4,15,1),(290,'Ю3А3',7,10,1),(291,'С2У1',4,20,2),(292,'К3У1',4,20,2),(293,'Ю2У1',5,20,2),(294,'Ю3Ф1',8,20,2),(295,'Д1П1',26,30,1),(296,'К2П3',35,35,1),(297,'1тест',1,20,1),(298,'Ю1К4',32,32,1),(299,'К2Ф3',47,60,2),(300,'Ю2П4',10,12,1),(301,'Ю1Ф5',41,42,2),(302,'М2У1',4,30,2),(303,'С1Ц1',37,39,1),(304,'Ю1Ц1',30,30,1),(305,'К2Ц1',20,30,1),(306,'М1Ц1',18,30,1),(307,'Ю1Х3',7,30,1),(309,'В1А1',23,30,1),(310,'тест-пз-05-04',1,20,1),(311,'тест 05-04-2',2,30,1),(312,'К3А3',4,12,1),(313,'ЛР-О1',20,30,2),(314,'ЛД-О1',8,30,2),(315,'ЛК-Т1',12,30,2),(316,'ЛА-О1',2,30,2),(317,'ЛС-О1',0,30,2),(318,'ЛЛ-Т1',12,30,2),(319,'ЛП-О1',8,30,2),(320,'ЛК-О1',0,30,2),(321,'ЛВ-Т1',14,15,2),(322,'ЛВ-О1',0,30,2),(323,'ЛМ-О1',13,30,2),(324,'ЛМ-О1',NULL,30,2),(325,'ЛР-Т1',14,15,2),(326,'ЛР-О2',0,15,2),(328,'ЛК-Т2',15,30,2),(329,'ЛА-О2',13,20,2),(330,'ЛС-О2',NULL,30,2),(331,'ЛЛ-Т2',16,30,2),(332,'ЛП-О2',6,15,2),(333,'ЛК-О2',0,30,2),(334,'ЛВ-Т2',9,30,2),(335,'ЛВ-О2',0,30,2),(336,'ЛМ-О2',13,15,2),(338,'ЛР-О3',0,15,2),(339,'ЛД-О3',1,30,2),(340,'ЛК-Т3',7,30,2),(341,'ЛА-О3',11,15,2),(342,'ЛС-О3',NULL,30,2),(343,'ЛЛ-Т3',14,30,2),(344,'ЛП-О3',8,15,2),(345,'ЛК-О3',1,30,2),(346,'ЛВ-Т3',10,30,2),(347,'ЛВ-О3',0,30,2),(348,'ЛМ-О3',7,15,2),(349,'ЛР-Т3',9,30,2),(350,'ЛЛ-О1',NULL,30,2),(352,'ЛД-Т1',3,30,2),(353,'М2П4',0,12,1),(354,'М2Ф3',3,20,2),(355,'Ю2Ф4',4,20,2),(356,'ЛР-Б1',13,15,1),(357,'ЛД-Б1',13,15,1),(358,'ЛЛ-П1',18,18,1),(359,'ЛП-С1',14,15,1),(360,'ЛМ-С1',15,15,1),(361,'ЛА-Б1',8,15,1),(362,'ЛС-Б1',0,15,1),(363,'ЛК-П1',11,15,1),(364,'ЛВ-С1',9,15,1),(365,'ЛР-С1',15,15,1),(366,'ЛЛ-К1',13,15,1),(367,'ЛП-Б1',10,15,1),(368,'ЛК-Б1',11,15,1),(369,'ЛС-П1',9,15,1),(370,'ЛА-С1',14,15,1),(371,'ЛД-С1',12,15,1),(372,'ЛВ-К1',14,15,1),(373,'ЛВ-Б1',13,15,1),(374,'ЛМ-Б1',13,15,1),(375,'ЛА-П1',15,15,1),(376,'ЛЛ-С1',9,15,1),(377,'ЛС-С1',1,15,1),(378,'ЛР-К1',12,15,1),(379,'ЛР-Б2',4,15,1),(380,'ЛД-Б2',9,15,1),(381,'ЛЛ-П2',14,15,1),(382,'ЛП-С2',2,15,1),(383,'ЛМ-С2',11,15,1),(384,'ЛК-К1',6,15,1),(385,'ЛА-Б2',5,15,1),(386,'ЛС-Б2',4,15,1),(387,'ЛК-П2',NULL,15,1),(388,'ЛВ-С2',11,15,1),(389,'ЛР-С2',3,15,1),(390,'ЛЛ-К2',5,15,1),(391,'ЛП-Б2',8,15,1),(392,'ЛК-Б2',10,15,1),(393,'ЛС-П2',8,15,1),(394,'ЛА-С2',NULL,15,1),(395,'ЛД-С2',6,15,1),(396,'ЛВ-К2',1,15,1),(397,'ЛВ-Б2',14,15,1),(398,'ЛМ-Б2',15,15,1),(399,'ЛА-П2',15,15,1),(400,'ЛЛ-С2',12,15,1),(402,'ЛР-К2',13,13,1),(404,'ЛД-Б3',7,15,1),(405,'ЛЛ-П3',15,15,1),(406,'ЛП-С3',8,15,1),(407,'ЛМ-С3',0,15,1),(408,'ЛК-К2',8,12,1),(409,'ЛА-Б3',2,15,1),(410,'ЛС-Б3',0,15,1),(411,'ЛК-П3',NULL,15,1),(413,'ЛР-С3',1,15,1),(414,'ЛЛ-К3',11,12,1),(415,'ЛП-Б3',14,15,1),(416,'ЛК-Б3',5,15,1),(417,'ЛС-П3',5,15,1),(418,'ЛА-С3',9,15,1),(419,'ЛД-С3',11,15,1),(420,'ЛВ-К3',11,12,1),(421,'ЛВ-Б3',5,15,1),(422,'ЛМ-Б3',4,15,1),(423,'ЛА-П3',7,15,1),(424,'ЛЛ-С3',9,15,1),(425,'ЛС-С3',2,15,1),(426,'ЛР-К3',11,12,1),(427,'ЛЛ-Б1',0,15,1),(428,'ЛП-Б4',NULL,15,1),(429,'ЛД-П1',5,15,1),(430,'ЛК-С1',2,15,1),(431,'ЛВ-С4',8,15,1),(432,'ЛС-К1',NULL,15,1),(433,'ЛР-Б3',11,15,1),(434,'ЛТ-О1',0,20,2),(435,'ЛТ-Т1',9,20,2),(436,'ЛТ-О2',14,15,2),(437,'ЛТ-С1',6,15,1),(438,'ЛТ-П1',15,15,1),(439,'ЛТ-С2',7,15,1),(440,'ЛТ-П2',15,15,1),(441,'ЛТ-К1',6,12,1),(442,'П11ДОД',35,35,1),(443,'П12ДОД',32,35,1),(444,'П13ДОД',16,35,1),(445,'П15ДОД',12,35,1),(446,'М11ДОД',29,35,1),(447,'М12ДОД',11,35,1),(448,'М13ДОД',8,35,1),(449,'М15ДОД',6,35,1),(450,'ЛЛ-Е1',15,15,1),(451,'ЛХ-Е1',12,15,1),(452,'ЛЮ-Е1',11,16,1),(453,'ЛО-Е1',14,15,1),(454,'ЛЛ-Е2',8,15,1),(455,'ЛЮ-Е2',8,15,1),(456,'ЛО-Е3',10,15,1),(457,'ЛЮ-Е3',4,15,1),(458,'ЛХ-Е2',8,15,1),(459,'ЛО-Е2',11,15,1),(460,'ЛХ-Е3',4,15,1),(461,'ЛЛ-Е3',6,15,1),(462,'ДОД-1МЛ',28,30,2),(463,'ДОД-1СТ',22,30,2),(464,'ДОД-2МЛ',16,30,2),(465,'ДОД-2СТ',16,30,2),(469,'М.М2П1-18',NULL,12,1),(470,'М.Ю2П1-18',2,12,1),(471,'М.К2П1-18',NULL,15,1),(472,'М.С1П1-18',1,15,1),(473,'М.К1С1-18',4,12,1),(474,'М.М1С1-18',1,12,1),(475,'М.В1С1-18',1,12,1),(476,'М.Д1С1-18',1,12,1),(479,'Е11ДОД',35,35,6),(480,'Е13ДОД',30,35,6),(481,'Е15ДОД',32,35,6),(482,'УЮ1К1',7,8,5),(483,'УС1К1',NULL,8,5),(492,'ЛД-С4',NULL,15,1),(493,'ЛМ-С4',0,15,1),(496,'ЛЛ-НА1',NULL,15,7),(497,'ЛХ-НА1',1,15,7),(498,'ЛО-НН1',1,15,7),(500,'ЛЛ-НН1',1,15,7),(501,'ЛО-НА1',0,15,7),(502,'ЛХ-НН1',NULL,15,7),(503,'ПД11',49,53,2),(504,'ПД13',27,35,2),(505,'ЛЮ-НН1',2,15,7),(506,'ДД-НH1 cлот 1',0,50,7),(507,'ДД-НА1 Мастер-класс Математика и логика.',21,50,7),(508,'ДД-НН1 слот 2',1,30,7),(509,'ДД-НА1 Мастер-класс. Создание игр на Unity. Основы. ',NULL,30,7),(510,'М.К3А1-18',1,10,1),(511,'М.М2А1-18',2,10,1),(512,'М.Ю4А1-18',1,10,1),(513,'М.М3А1-18',2,10,1),(514,'М.С1Ф1-18',NULL,12,1),(515,'М.С2Ф1-18',NULL,12,1),(516,'М.Ю1Ф1-18',2,12,1),(517,'Е1122ДОД',31,35,6),(518,'Е1222ДОД',32,35,6),(519,'Е1322ДОД',18,35,6),(520,'Е1422ДОД',5,35,6),(521,'УЮ1К2',5,8,5),(522,'ПД11-Д280718',46,60,2),(523,'ПД13-Д280718',38,60,2),(524,'21МД11',31,35,1),(525,'21МД12',14,35,1),(526,'21МД13',8,35,1),(527,'21МД15',5,35,1),(528,'А11ДОД',16,16,1),(529,'А12ДОД',16,16,1),(530,'А14ДОД',14,16,1),(531,'А15ДОД',14,16,1),(532,'ЛХ-Е3',NULL,15,6),(533,'Инт.Ю1-1',1,12,1),(534,'Инт.В1-1',1,12,1),(535,'Инт.П1-1',10,12,1),(536,'Инт.Н1-1',8,12,1),(537,'Инт.В2-1',4,12,1),(538,'А14-1ДОД',13,16,1),(539,'А15-1ДОД',9,16,1),(540,'ДД-НН1 слот 1 Мастер-класс Математика и логика. ',3,15,7),(541,'ДД-НН1 слот 1 Мастер-класс Основы программирования в Minecraft',21,40,7),(542,'ДД-НН1 слот 2 Мастер-класс Программирование Unity',12,15,7),(543,'ДД-НН1  слот 2. Мастер-класс Создание сайтов',9,15,7),(545,'А12-1ДОД',3,16,1),(546,'ЛЮ-НА1',1,15,7),(547,'ДД-НА1 Мастер-класс Программирование в Minecraft. Основы. ',9,15,7),(548,'ДД-НА1 Мастер-класс Создание сайтов',7,25,7),(549,'ДД-НА1 Мастер-класс Создание игр на Unity. Основы. ',14,25,7),(550,'ДД-НА1 Мастер-класс Создание сайтов',NULL,25,7),(552,'А.Инт.П1-1',16,NULL,1),(553,'А.Инт.В2-1',13,NULL,1),(554,'А2.Инт.П1-1',14,NULL,1),(555,'М.К2Л1-18',NULL,NULL,1),(556,'М.М1Л1-18',NULL,NULL,1),(557,'М.С1Л1-18',NULL,NULL,1),(558,'М.П1Л1-18',NULL,NULL,1),(559,'М.Ю1Л1-18',NULL,NULL,1),(560,'М.С1Д1-18',NULL,NULL,1),(561,'М.Ю1Д1-18',NULL,NULL,1),(562,'М.К1Д1-18',NULL,NULL,1),(563,'М.В1Д1-18',NULL,NULL,1),(564,'М.М2Д1-18',NULL,NULL,1),(565,'М.К3К1-18',NULL,NULL,1),(566,'М.М2К1-18',NULL,NULL,1),(567,'М.Д1К1-18',NULL,NULL,1),(568,'М.С2К1-18',NULL,NULL,1),(569,'М.П1Ф1-18',NULL,NULL,1),(570,'М.Ю2Ф1-18',1,NULL,1),(571,'А.Инт.Ю1-1',NULL,NULL,1),(572,'А.Инт.В1-1',NULL,NULL,1),(573,'А2.Инт.Ю1-1',NULL,NULL,1),(574,'А2.Инт.В1-1',NULL,NULL,1);
/*!40000 ALTER TABLE `group` ENABLE KEYS */;
UNLOCK TABLES;

--
-- Table structure for table `group_in_city`
--

DROP TABLE IF EXISTS `group_in_city`;
/*!40101 SET @saved_cs_client     = @@character_set_client */;
/*!40101 SET character_set_client = utf8 */;
CREATE TABLE `group_in_city` (
  `group_in_city_id` int(10) unsigned NOT NULL AUTO_INCREMENT,
  `group_id` int(10) unsigned DEFAULT NULL,
  `city_id` int(10) unsigned DEFAULT NULL,
  PRIMARY KEY (`group_in_city_id`),
  KEY `group_ind` (`group_id`),
  KEY `city_ind` (`city_id`),
  CONSTRAINT `group_in_city_ibfk_1` FOREIGN KEY (`group_id`) REFERENCES `group` (`group_id`) ON DELETE SET NULL,
  CONSTRAINT `group_in_city_ibfk_2` FOREIGN KEY (`city_id`) REFERENCES `city` (`city_id`) ON DELETE SET NULL
) ENGINE=InnoDB DEFAULT CHARSET=utf8 COMMENT='group_in_city';
/*!40101 SET character_set_client = @saved_cs_client */;

--
-- Dumping data for table `group_in_city`
--

LOCK TABLES `group_in_city` WRITE;
/*!40000 ALTER TABLE `group_in_city` DISABLE KEYS */;
/*!40000 ALTER TABLE `group_in_city` ENABLE KEYS */;
UNLOCK TABLES;

--
-- Table structure for table `lecture_hall`
--

DROP TABLE IF EXISTS `lecture_hall`;
/*!40101 SET @saved_cs_client     = @@character_set_client */;
/*!40101 SET character_set_client = utf8 */;
CREATE TABLE `lecture_hall` (
  `lecture_hall_id` smallint(5) unsigned NOT NULL AUTO_INCREMENT,
  `metro_station` tinytext,
  `city_id` int(10) unsigned DEFAULT NULL,
  `title` tinytext,
  `place_description` text,
  `link_yandex_map` text,
  `google_calendar_name` varchar(255) DEFAULT NULL,
  PRIMARY KEY (`lecture_hall_id`)
) ENGINE=InnoDB AUTO_INCREMENT=53 DEFAULT CHARSET=utf8 COMMENT='lecture_halls';
/*!40101 SET character_set_client = @saved_cs_client */;

--
-- Dumping data for table `lecture_hall`
--

LOCK TABLES `lecture_hall` WRITE;
/*!40000 ALTER TABLE `lecture_hall` DISABLE KEYS */;
INSERT INTO `lecture_hall` VALUES (13,'Павелецкая',1,'Центральная детская библиотека № 14','м. Павелецкая, Бахрушина 4 с1 (Детская библиотека №14) https://goo.gl/RgW8rF','https://yandex.ru/maps/-/CBQ2eIGFTB',NULL),(14,'Аэропорт',1,'Офис Mail.ru Group','м. Аэропорт, Ленинградский пр-т 39 с79 (Офис Mail.ru). Не забудьте паспорт. https://goo.gl/SaHoS1','https://yandex.ru/maps/-/CBQ2aPqFwC',NULL),(15,'Площадь Александра Невского',2,'Офис Mail.ru Group (Одноклассники)','м. Площадь Александра Невского, Херсонская 12 (вход с улицы Исполкомская, БЦ «Ренессанс Правда», 8 этаж) https://goo.gl/UfWXXs','https://yandex.ru/maps/-/CBaQE-dDkB',NULL),(16,'Чкаловская',2,'Офис i-Free','м. Чкаловская, ул. Лодейнопольская 5, литера А (БЦ «Петроконгресс», 6 этаж) https://goo.gl/8fiLFG','https://yandex.com/maps/-/CBQxU6xYXA',NULL),(17,'Раменки',1,'Новая школа','м. Раменки, Мосфильмовская 88к5 (Новая Школа) https://goo.gl/DHnPhc','https://yandex.ru/maps/-/CBQmyGuj-C',NULL),(18,'Автозаводская',1,'Офис Crazy Panda','м. Автозаводская, ул. Ленинская Слобода 26, БЦ «OMEGA-2», корпус С, офис Crazy Panda (справа от входа находится ресторан «Friends & Family»). Не забудьте паспорт. https://goo.gl/fJ9TPz','https://yandex.ru/maps/-/CBQ2eMCYGC',NULL),(19,'Петровско-Разумовская',1,'Офис Детского мира','м. Петровско-Разумовская (МЦК Окружная), 3-й Нижнелихоборский проезд 3с6 (Офис компании Детский Мир) https://goo.gl/CCuwpj','https://yandex.ru/maps/-/CBUij2sR2C',NULL),(20,'Таганская',1,'Офис Инновы','м. Таганская, ул. Николоямская 24с1 (Компания Иннова). Не забудьте паспорт. https://goo.gl/RypjR2','https://yandex.ru/maps/-/CBUPU2QbSA',NULL),(21,'Лубянка',1,'Офис ФРИИ','м. Лубянка, ул. Мясницкая 13с18 (следуйте указателям «ФРИИ») https://goo.gl/g2MGx3','https://yandex.ru/maps/-/CBaQIJgDWA',NULL),(22,'Парк Победы',2,'Университет ИТМО','м. Парк Победы, ул. Гастелло 12 (Университет ИТМО, 4 этаж, ауд. 406) https://goo.gl/L5ZtfG','https://yandex.ru/maps/-/CBaZYCW~GC\r\n',NULL),(23,'Московские ворота ',2,'SEMrush','м. Московские ворота, Заставская улица, 22, корп. 2, БЦ Мегапарк, 2 этаж https://goo.gl/z1aj3a','https://yandex.ru/maps/2/saint-petersburg/?source=serp_navig&mode=search&text=%D1%8B%D1%83%D1%8C%D0%BA%D0%B3%D1%8B%D1%80&sll=30.327735%2C59.888568&ol=biz&oid=1518847259',NULL),(24,'Октябрьское поле',1,'Хорошевская школа ','м. Октябрьское поле, автобусная остановка \"Народного Ополчения д.3\", улица Народного Ополчения, 9А (Хорошкола). Не забудьте паспорт. https://goo.gl/AHRgeH','https://yandex.ru/maps/-/CBeqQ6t-XC',NULL),(25,'m',3,'test tomsk','a','',NULL),(27,'Петроградская',2,'Центр Прототипирования ','м. Петроградская, Центр Прототипирования, Набережная реки Карповки, 5, лит 33 (вход через арку с надписью \"Группа М\" с Пр. Медиков, 5 или ул. Профессора Попова, 4) Как добраться - https://goo.gl/KmnzrA','https://yandex.ru/maps/2/saint-petersburg/?source=wizgeo&utm_source=serp&l=map&utm_medium=maps-desktop&mode=search&text=%D0%A0%D0%BE%D1%81%D1%81%D0%B8%D1%8F%2C%20%D0%A1%D0%B0%D0%BD%D0%BA%D1%82-%D0%9F%D0%B5%D1%82%D0%B5%D1%80%D0%B1%D1%83%D1%80%D0%B3%2C%20%D0%BF%D1%80%D0%BE%D1%81%D0%BF%D0%B5%D0%BA%D1%82%20%D0%9C%D0%B5%D0%B4%D0%B8%D0%BA%D0%BE%D0%B2%2C%203&sll=30.315868%2C59.939095',NULL),(28,'ВДНХ',1,'Библиотека-медиацентр № 67','м. ВДНХ, ул. Аргуновская, 14 стр. 2 (Библиотека-медиацентр № 67) https://goo.gl/LMGWRv','https://yandex.ru/maps/-/CBe0fSbfWC',NULL),(29,'Кутузовская',1,'Сбербанк-Технологии','м. Кутузовская, Кутузовский проспект, 32, корп. 1','',NULL),(31,'ЦСКА',1,'Кидзания','м. ЦСКА, Ходынский бульвар, 4, ТЦ Авиапарк (4 этаж, Кидзания) https://bit.ly/2v4MQdW ','',NULL),(32,'Василеостровская ',2,'Пространство для ваших идей JSPRO','м. Василеостровская (БЦ \"Конторский дом\", 2-я линия В.О. 37 А. Офис 212/1,) https://goo.gl/YuhA8K','https://goo.gl/YuhA8K',NULL),(33,'Бауманская',1,'Библиотека №20 им. А.А. Дельвига','м. Бауманская (Аптекарский пер., д. 8/2) https://goo.gl/LBN8Co\r\n','https://goo.gl/LBN8Co\"',NULL),(34,'Сокол ',1,'Частная школа \"Макарун\"','м. Сокол (2ой Балтийский переулок, д. 3А) https://goo.gl/iNLUD3','https://goo.gl/iNLUD3\"',NULL),(35,'Крылатское',1,'Библиотека имени Анны Ахматовой/SMART-библиотека','м. Крылатское, ул. Крылатские холмы, 34. Вход в библиотеку расположен слева от аптеки https://goo.gl/9QFUSx','https://goo.gl/9QFUSx',NULL),(36,'Площадь 1905 года',6,'Библиотека для детей и молодежи им В.П. Крапивина (г. Екатеринбург)','м. Площадь 1905 года, ул. К. Либкнехта, д. 8 (Библиотека для детей и молодежи им В.П. Крапивина)','',NULL),(37,'Петроградская',2,'Точка кипения','м. Петроградская, Центр Прототипирования, Набережная реки Карповки, 5, лит 33 (вход через арку с надписью \"Группа М\" с Пр. Медиков, 5 или ул. Профессора Попова, 4) Как добраться - https://goo.gl/KmnzrA. Вход укажет рыжий кот с надписью \"Инновации\", 4 этаж','https://yandex.ru/maps/2/saint-petersburg/?source=wizgeo&utm_source=serp&l=map&utm_medium=maps-desktop&mode=search&text=%D0%A0%D0%BE%D1%81%D1%81%D0%B8%D1%8F%2C%20%D0%A1%D0%B0%D0%BD%D0%BA%D1%82-%D0%9F%D0%B5%D1%82%D0%B5%D1%80%D0%B1%D1%83%D1%80%D0%B3%2C%20%D0%BF%D1%80%D0%BE%D1%81%D0%BF%D0%B5%D0%BA%D1%82%20%D0%9C%D0%B5%D0%B4%D0%B8%D0%BA%D0%BE%D0%B2%2C%203&sll=30.315868%2C59.939095',NULL),(40,'',5,'Коворкинг Time Office','г. Уфа, ул. К.Маркса 15/2','',NULL),(41,'',5,'Детская академия развития талантов \"Сократ\"','г.Уфа, ул. Зорге, 69','',NULL),(42,'',5,'ДатаТех','г.Уфа, ул. Кирова, 52','',NULL),(44,'Геологическая',6,'Антикафе Альмаматер','м. Геологическая, ул. Большакова, д. 71 (Антикафе Альмаматер)','',NULL),(45,'м. Достоевская',2,'м. Достоевская','м. Достоевская, ул. Достоевского, д. 19/21, лит. Б','',NULL),(46,'',5,'Коворкинг Time Office','г.Уфа, ул. Кавказская, 12','',NULL),(47,'Петроградская',2,'Петроградская Лагерь','м. Петроградская, Набережная реки Карповки, 5Г (вход через арку с надписью \"Группа М\" с Пр. Медиков, 5) Как добраться - http://bit.ly/codabrapetrogradka','https://yandex.ru/maps/-/CBqx6JeFXD',NULL),(48,'Сибирская, Маршала Покрышкина',7,'Центр психологических игр \"Атмосфера\"','ул. Некрасова, 42','https://yandex.ru/maps/65/novosibirsk/?ll=82.925667%2C55.045470&z=16&mode=search&ol=geo&ouri=ymapsbm1%3A%2F%2Fgeo%3Fll%3D82.926%252C55.045%26spn%3D0.001%252C0.001%26text%3D%25D0%25A0%25D0%25BE%25D1%2581%25D1%2581%25D0%25B8%25D1%258F%252C%2520%25D0%259D%25D0%25BE%25D0%25B2%25D0%25BE%25D1%2581%25D0%25B8%25D0%25B1%25D0%25B8%25D1%2580%25D1%2581%25D0%25BA%252C%2520%25D1%2583%25D0%25BB%25D0%25B8%25D1%2586%25D0%25B0%2520%25D0%259D%25D0%25B5%25D0%25BA%25D1%2580%25D0%25B0%25D1%2581%25D0%25BE%25D0%25B2%25D0%25B0%252C%252042%2520',NULL),(49,'Студенческая',7,'Центр \"Наше место\". Благотворительный фонд \"Созвездие сердец\"','ул. Геодезическая 4/1','https://yandex.ru/maps/65/novosibirsk/?ll=82.903577%2C54.989863&z=16&mode=search&ol=geo&ouri=ymapsbm1%3A%2F%2Fgeo%3Fll%3D82.904%252C54.990%26spn%3D0.001%252C0.001%26text%3D%25D0%25A0%25D0%25BE%25D1%2581%25D1%2581%25D0%25B8%25D1%258F%252C%2520%25D0%259D%25D0%25BE%25D0%25B2%25D0%25BE%25D1%2581%25D0%25B8%25D0%25B1%25D0%25B8%25D1%2580%25D1%2581%25D0%25BA%252C%2520%25D0%2593%25D0%25B5%25D0%25BE%25D0%25B4%25D0%25B5%25D0%25B7%25D0%25B8%25D1%2587%25D0%25B5%25D1%2581%25D0%25BA%25D0%25B0%25D1%258F%2520%25D1%2583%25D0%25BB%25D0%25B8%25D1%2586%25D0%25B0%252C%25204%252F1%2520',NULL),(50,'Фрунзенская',1,'Happy Mind','ул. 3-я Фрунзенская, д.19','',NULL),(51,'ЦСКА',1,'Площадка Кодабры','м. ЦСКА, Ул. Ходынский бульвар, д.4, ТЦ Авиапарк, 3 этаж рядом Стокманн и Trend Island http://bit.ly/Aviacodabra','',NULL),(52,'Лубянка',1,'Школа Алгоритм','м. Лубянка, ул. Новая площадь, 8/2','',NULL);
/*!40000 ALTER TABLE `lecture_hall` ENABLE KEYS */;
UNLOCK TABLES;

--
-- Table structure for table `lesson`
--

DROP TABLE IF EXISTS `lesson`;
/*!40101 SET @saved_cs_client     = @@character_set_client */;
/*!40101 SET character_set_client = utf8 */;
CREATE TABLE `lesson` (
  `lesson_id` int(10) unsigned NOT NULL AUTO_INCREMENT,
  `cost` decimal(10,0) unsigned DEFAULT NULL,
  `group_id` int(10) unsigned DEFAULT NULL,
  `lecture_hall_id` smallint(5) unsigned DEFAULT NULL,
  `course_id` smallint(5) unsigned DEFAULT NULL,
  `teacher_id` smallint(5) unsigned DEFAULT NULL,
  `date_start` date DEFAULT NULL,
  `time_start` time DEFAULT NULL,
  `lead_link` text,
  `calendar_event_id` text,
  `duration` int(11) DEFAULT NULL,
  `city_id` int(10) unsigned DEFAULT NULL,
  `capacity` smallint(5) unsigned NOT NULL,
  `start` tinyint(1) DEFAULT '0',
  PRIMARY KEY (`lesson_id`),
  KEY `city_ind` (`city_id`),
  CONSTRAINT `lesson_ibfk_1` FOREIGN KEY (`city_id`) REFERENCES `city` (`city_id`)
) ENGINE=InnoDB AUTO_INCREMENT=561 DEFAULT CHARSET=utf8 COMMENT='lessons';
/*!40101 SET character_set_client = @saved_cs_client */;

--
-- Dumping data for table `lesson`
--

LOCK TABLES `lesson` WRITE;
/*!40000 ALTER TABLE `lesson` DISABLE KEYS */;
INSERT INTO `lesson` VALUES (9,NULL,7,13,5,7,'2017-11-02','14:00:00',NULL,NULL,NULL,1,0,1),(72,NULL,59,13,8,24,'2017-11-12','10:30:00',NULL,'iinmenud5t268jm1kemf5ln41s@google.com',NULL,1,15,1),(73,NULL,60,13,13,13,'2017-11-11','17:30:00',NULL,'bn0oe6l0r63itpa1j1fp7155vs@google.com',NULL,1,15,1),(74,NULL,61,13,4,36,'2017-12-02','10:30:00','https://codabra.amocrm.ru/leads/pipeline/592459/?filter%5Bcf%5D%5B202121%5D%5Bto%5D=74&filter%5Bcf%5D%5B185143%5D%5Bto%5D=%D0%9A1%D0%9F2','fde87o7nnc2gdqqtovuab00h80@google.com',180,1,15,1),(75,NULL,62,13,6,40,'2018-01-28','10:15:00','https://codabra.amocrm.ru/leads/pipeline/592459/?filter%5Bcf%5D%5B190651%5D=420737&filter%5Bcf%5D%5B190053%5D=415223&filter%5Bcf%5D%5B190049%5D%5Bfrom%5D=28.01.2018&filter%5Bcf%5D%5B190049%5D%5Bto%5D=28.01.2018&filter%5Btags_logic%5D=or&useFilter=y','9gvc19r4hqi8k6cffphs228r2k@google.com',180,1,44,1),(76,NULL,63,14,6,36,'2017-11-12','14:30:00',NULL,'9dma2m250ah88ra75l52gfh9vo@google.com',NULL,1,15,1),(77,NULL,64,13,10,29,'2017-11-12','16:45:00',NULL,'14njtrl6c2a9i5fg85kjekumhc@google.com',NULL,1,15,1),(78,NULL,65,14,9,40,'2017-11-12','18:00:00',NULL,'mgklo5oe03uallergc410i94fc@google.com',NULL,1,15,1),(79,NULL,66,14,10,NULL,'2017-11-12','14:30:00',NULL,'a4rkpeh0oqnirp5i8rsn1vd9s4@google.com',NULL,1,15,1),(80,NULL,67,14,11,30,'2017-11-12','11:00:00',NULL,'67uu4o9bmnc2dk8mbjfde92d7g@google.com',NULL,1,15,1),(87,NULL,70,13,12,12,'2017-11-19','16:45:00',NULL,'39no563ipmd5oncrdjhdrv16m0@google.com',180,1,20,1),(88,NULL,69,21,12,6,'2017-11-19','14:00:00',NULL,'g3u9udfk494j5pcggp77vl4v5k@google.com',180,1,20,1),(89,NULL,81,14,13,10,'2017-11-18','18:00:00',NULL,'0ot3h21gh5odg1ag0bkvo2j614@google.com',180,1,20,1),(90,NULL,82,14,13,13,'2017-11-19','18:00:00',NULL,'m4cjiu0oof586813dn77aaeip8@google.com',180,1,20,1),(91,NULL,83,14,5,36,'2017-11-18','14:30:00',NULL,'alp2n54rin3k8kba3oh8eghi8g@google.com',180,1,20,1),(92,NULL,84,13,10,39,'2017-11-18','14:00:00',NULL,'7de7tqf8oi943a1cm9of61g148@google.com',180,1,20,1),(93,NULL,75,14,9,32,'2017-11-19','14:30:00',NULL,'bt0ekh0ag42sle5t5vrrgacqlk@google.com',180,1,20,1),(95,NULL,72,21,6,30,'2017-11-25','12:00:00','https://codabra.amocrm.ru/leads/pipeline/592459/?filter%5Bcf%5D%5B202121%5D%5Bto%5D=95','m1jqldhdse56eq60ukm2hijm3o@google.com',180,1,20,1),(96,NULL,74,21,9,30,'2017-11-25','16:00:00','https://codabra.amocrm.ru/leads/pipeline/592459/?filter%5Bcf%5D%5B202121%5D%5Bto%5D=96','fst3gogk9ka7krslguem2chtqk@google.com',180,1,20,1),(99,NULL,90,17,13,12,'2017-12-02','18:00:00',NULL,'gfsrgqeu9asl7lm04c5nl0bnvo@google.com',180,1,12,1),(100,NULL,71,13,12,41,'2017-12-02','17:30:00','https://codabra.amocrm.ru/leads/pipeline/592459/?filter%5Bcf%5D%5B202121%5D%5Bto%5D=100&filter%5Bcf%5D%5B185143%5D%5Bto%5D=%D0%AE1%D0%9F5','ha0o1l9ptfips0f7r2rmshvuoc@google.com',180,1,20,1),(101,NULL,79,14,12,10,'2017-12-03','18:00:00','https://codabra.amocrm.ru/leads/pipeline/592459/?filter%5Bcf%5D%5B202121%5D%5Bto%5D=101&filter%5Bcf%5D%5B185143%5D%5Bto%5D=%D0%AE1%D0%907','86v0qpbl0csb23s33cv080l034@google.com',180,1,20,1),(102,NULL,91,17,9,33,'2017-12-03','18:00:00','https://codabra.amocrm.ru/leads/pipeline/826213/?filter%5Bcf%5D%5B202121%5D%5Bto%5D=102&filter%5Bcf%5D%5B185143%5D%5Bto%5D=%D0%9C2%D0%A81','69trli5d2u7h2uomh335jtmg1c@google.com',180,1,12,1),(103,NULL,96,15,8,16,'2017-11-26','11:00:00',NULL,'j6gok13254bskg9kghm7m0q0ig@google.com',180,1,15,1),(104,NULL,97,15,13,16,'2017-11-26','14:20:00',NULL,'kqoa1lspnnr7necb9e2to084fc@google.com',180,1,15,1),(105,NULL,95,15,9,21,'2017-11-26','17:40:00',NULL,'if6j2pe76qcl4q347pl4rpcb00@google.com',180,1,15,1),(106,NULL,98,22,6,23,'2017-12-10','11:00:00','https://codabra.amocrm.ru/leads/pipeline/592459/?filter%5Bcf%5D%5B202121%5D%5Bto%5D=106&filter%5Bcf%5D%5B185143%5D%5Bto%5D=%D0%9A1%D0%A31','r9025rgf5lsptci9cf8c5dr9is@google.com',180,1,12,1),(107,NULL,99,22,7,19,'2017-12-10','14:20:00','https://codabra.amocrm.ru/leads/pipeline/592459/?filter%5Bcf%5D%5B202121%5D%5Bto%5D=107&filter%5Bcf%5D%5B185143%5D%5Bto%5D=%D0%A11%D0%A31','fduo5lvqdcpqlgph5q1ss91328@google.com',180,1,12,1),(108,NULL,100,22,9,19,'2018-01-14','17:40:00','https://codabra.amocrm.ru/leads/pipeline/592459/?filter%5Bcf%5D%5B190651%5D=432991&filter%5Bcf%5D%5B190053%5D=undefined&filter%5Bcf%5D%5B190049%5D%5Bfrom%5D=24.12.2017&filter%5Bcf%5D%5B190049%5D%5Bto%5D=24.12.2017&filter%5Btags_logic%5D=or&useFilter=y','7bgog6sodb9vo0iddkf5vsc4j4@google.com',180,1,12,1),(109,NULL,101,22,12,44,'2017-12-09','14:20:00','https://codabra.amocrm.ru/leads/pipeline/592459/?filter%5Bcf%5D%5B202121%5D%5Bto%5D=109&filter%5Bcf%5D%5B185143%5D%5Bto%5D=%D0%AE1%D0%A31','odf7mh72pe347da0ekokl6dsa8@google.com',180,1,12,1),(110,NULL,102,17,16,24,'2017-12-17','18:00:00','https://codabra.amocrm.ru/leads/pipeline/592459/?filter%5Bcf%5D%5B202121%5D%5Bto%5D=110&filter%5Bcf%5D%5B%5Bobject%20Object%5D%5Bfrom%5D=2017-12-17&filter%5Bcf%5D%5B%5Bobject%20Object%5D%5Bto%5D=2017-12-17&filter%5Bcf%5D%5B%5Bobject%20Object%5D%5Bto%5D=%D0%921%D0%A81','ihreie9g24edatiunc2m2jti00@google.com',180,1,20,1),(111,NULL,85,17,7,NULL,'2018-01-20','11:00:00','https://codabra.amocrm.ru/leads/pipeline/592459/?filter%5Bcf%5D%5B190651%5D=432309&filter%5Bcf%5D%5B190053%5D=413819&filter%5Bcf%5D%5B190049%5D%5Bfrom%5D=20.01.2018&filter%5Bcf%5D%5B190049%5D%5Bto%5D=20.01.2018&filter%5Btags_logic%5D=or&useFilter=y','k2vqa3qak4d09pofc3ufcoat6o@google.com',180,1,30,1),(112,NULL,86,17,12,27,'2017-12-09','18:00:00','https://codabra.amocrm.ru/leads/pipeline/592459/?filter%5Bcf%5D%5B202121%5D%5Bto%5D=112&filter%5Bcf%5D%5B185143%5D%5Bto%5D=%D0%AE1%D0%A84','uji81hmuap2vh8uhppbumt3j2o@google.com',180,1,20,1),(113,NULL,103,17,13,5,'2017-12-09','18:00:00','https://codabra.amocrm.ru/leads/pipeline/592459/?filter%5Bcf%5D%5B202121%5D%5Bto%5D=113&filter%5Bcf%5D%5B185143%5D%5Bto%5D=%D0%AE2%D0%A81','rndb004sepe07at5i2bh4qq6nc@google.com',180,1,12,1),(114,NULL,87,17,6,42,'2017-12-09','11:00:00','https://codabra.amocrm.ru/leads/pipeline/826213/?filter%5Bcf%5D%5B202121%5D%5Bto%5D=114&filter%5Bcf%5D%5B185143%5D%5Bto%5D=%D0%9A2%D0%A82','3oppl1f1gpl8ife1qkg3i0ibfc@google.com',180,1,20,1),(115,NULL,80,13,9,29,'2017-12-10','13:30:00','https://codabra.amocrm.ru/leads/pipeline/592459/?filter%5Bcf%5D%5B202121%5D%5Bto%5D=115&filter%5Bcf%5D%5B185143%5D%5Bto%5D=%D0%9C1%D0%9F4','dao3jmgv7enhimv7jb099ogcvg@google.com',180,1,20,1),(116,NULL,88,17,9,42,'2017-12-09','14:30:00','https://codabra.amocrm.ru/leads/pipeline/592459/?filter%5Bcf%5D%5B202121%5D%5Bto%5D=116&filter%5Bcf%5D%5B185143%5D%5Bto%5D=%D0%9C1%D0%A83','0pkpgauek0plq07v3oi8dbhmqs@google.com',180,1,20,1),(117,NULL,89,14,8,5,'2018-01-13','11:00:00','https://codabra.amocrm.ru/leads/pipeline/912136/?filter%5Bcf%5D%5B190651%5D=410249&filter%5Bcf%5D%5B190053%5D=413819&filter%5Bcf%5D%5B190049%5D%5Bfrom%5D=13.01.2018&filter%5Bcf%5D%5B190049%5D%5Bto%5D=13.01.2018&filter%5Btags_logic%5D=or&useFilter=y','43i5frpvef4s2tcs1dts6bb3ok@google.com',180,1,12,1),(118,NULL,108,22,7,18,'2018-01-13','11:00:00','https://codabra.amocrm.ru/leads/pipeline/592459/?filter%5Bcf%5D%5B190651%5D=435237&filter%5Bcf%5D%5B190053%5D=413819&filter%5Bcf%5D%5B190049%5D%5Bfrom%5D=13.01.2018&filter%5Bcf%5D%5B190049%5D%5Bto%5D=13.01.2018&filter%5Btags_logic%5D=or&useFilter=y','bvbrcv7u1hvgk47d3i02tlq4kk@google.com',180,1,30,1),(119,NULL,109,22,12,44,'2018-01-13','17:40:00','https://codabra.amocrm.ru/leads/pipeline/592459/?filter%5Bcf%5D%5B190651%5D=435239&filter%5Bcf%5D%5B190053%5D=436477&filter%5Bcf%5D%5B190049%5D%5Bfrom%5D=13.01.2018&filter%5Bcf%5D%5B190049%5D%5Bto%5D=13.01.2018&filter%5Btags_logic%5D=or&useFilter=y','baq4dpb4j78c3m46aa1vhpnu6g@google.com',180,1,30,1),(120,NULL,110,14,13,14,'2017-12-17','14:30:00','https://codabra.amocrm.ru/leads/pipeline/592459/?filter%5Bcf%5D%5B202121%5D%5Bto%5D=120&filter%5Bcf%5D%5B185143%5D%5Bto%5D=%D0%AE2%D0%904','slkm92os0uss96ssoqmvokp598@google.com',180,1,12,1),(123,NULL,111,14,10,39,'2018-01-14','18:00:00','https://codabra.amocrm.ru/leads/pipeline/826213/?filter%5Bcf%5D%5B190651%5D=433283&filter%5Bcf%5D%5B190053%5D=413847&filter%5Bcf%5D%5B190049%5D%5Bfrom%5D=14.01.2018&filter%5Bcf%5D%5B190049%5D%5Bto%5D=14.01.2018&filter%5Btags_logic%5D=or&useFilter=y','o04mq0661nn6pb307fmckjbui4@google.com',180,1,12,1),(124,NULL,112,13,12,12,'2018-01-20','14:00:00','https://codabra.amocrm.ru/leads/pipeline/592459/?filter%5Bcf%5D%5B190651%5D=434685&filter%5Bcf%5D%5B190053%5D=413831&filter%5Bcf%5D%5B190049%5D%5Bfrom%5D=20.01.2018&filter%5Bcf%5D%5B190049%5D%5Bto%5D=20.01.2018&filter%5Btags_logic%5D=or&useFilter=y','61top6ep6ugoi263bso1mf2d28@google.com',180,1,35,1),(125,NULL,113,17,12,NULL,'2018-01-13','14:30:00','https://codabra.amocrm.ru/leads/pipeline/592459/?filter%5Bcf%5D%5B190651%5D=434687&filter%5Bcf%5D%5B190053%5D=413833&filter%5Bcf%5D%5B190049%5D%5Bfrom%5D=13.01.2018&filter%5Bcf%5D%5B190049%5D%5Bto%5D=13.01.2018&filter%5Btags_logic%5D=or&useFilter=y','rglpgqeh6d4shch77jbvp2fob0@google.com',180,1,25,1),(126,NULL,114,17,9,52,'2017-12-24','18:00:00','https://codabra.amocrm.ru/leads/pipeline/592459/?filter%5Bcf%5D%5B190651%5D=434689&filter%5Bcf%5D%5B190053%5D=413847&filter%5Bcf%5D%5B190049%5D%5Bfrom%5D=24.12.2017&filter%5Bcf%5D%5B190049%5D%5Bto%5D=24.12.2017&filter%5Btags_logic%5D=or&useFilter=y','bnm2topcfpjrsvpak37khkn3k8@google.com',180,1,20,1),(128,NULL,115,18,4,NULL,'2017-01-13','11:00:00',NULL,'hp7gn876733jk6fi4jq2gb2h9k@google.com',180,1,30,1),(129,NULL,116,18,6,NULL,'2018-01-13','14:30:00','https://codabra.amocrm.ru/leads/pipeline/592459/?filter%5Bcf%5D%5B190651%5D=435359&filter%5Bcf%5D%5B190053%5D=413833&filter%5Bcf%5D%5B190049%5D%5Bfrom%5D=13.01.2018&filter%5Bcf%5D%5B190049%5D%5Bto%5D=13.01.2018&filter%5Btags_logic%5D=or&useFilter=y','ug9r5vnaoabg34c1osu57o89lo@google.com',180,1,45,1),(130,NULL,117,18,9,33,'2018-01-13','18:00:00','https://codabra.amocrm.ru/leads/pipeline/592459/?filter%5Bcf%5D%5B190651%5D=435361&filter%5Bcf%5D%5B190053%5D=413847&filter%5Bcf%5D%5B190049%5D%5Bfrom%5D=13.01.2018&filter%5Bcf%5D%5B190049%5D%5Bto%5D=13.01.2018&filter%5Btags_logic%5D=or&useFilter=y','3ukc1qtl7s9b3bvc88nme5psc0@google.com',180,1,40,1),(131,NULL,118,18,7,NULL,'2018-01-21','11:00:00','https://codabra.amocrm.ru/leads/pipeline/592459/?filter%5Bcf%5D%5B190651%5D=435363&filter%5Bcf%5D%5B190053%5D=413819&filter%5Bcf%5D%5B190049%5D%5Bfrom%5D=21.01.2018&filter%5Bcf%5D%5B190049%5D%5Bto%5D=21.01.2018&filter%5Btags_logic%5D=or&useFilter=y','mkm2u45s25q10qples5d56j5k0@google.com',180,1,51,1),(132,NULL,119,18,12,5,'2018-01-21','14:30:00','https://codabra.amocrm.ru/leads/pipeline/592459/?filter%5Bcf%5D%5B190651%5D=435365&filter%5Bcf%5D%5B190053%5D=413833&filter%5Bcf%5D%5B190049%5D%5Bfrom%5D=21.01.2018&filter%5Bcf%5D%5B190049%5D%5Bto%5D=21.01.2018&filter%5Btags_logic%5D=or&useFilter=y','j6oio980nks28tr0pu04mlnr10@google.com',180,1,45,1),(133,NULL,121,17,6,54,'2018-01-28','14:30:00','https://codabra.amocrm.ru/leads/pipeline/592459/?filter%5Bcf%5D%5B190651%5D=435575&filter%5Bcf%5D%5B190053%5D=413833&filter%5Bcf%5D%5B190049%5D%5Bfrom%5D=28.01.2018&filter%5Bcf%5D%5B190049%5D%5Bto%5D=28.01.2018&filter%5Btags_logic%5D=or&useFilter=y','29d7a7q7s6rbu06j3inppqan18@google.com',180,1,50,1),(134,NULL,122,17,8,NULL,'2018-01-21','11:00:00','https://codabra.amocrm.ru/leads/pipeline/592459/?filter%5Bcf%5D%5B190651%5D=435577&filter%5Bcf%5D%5B190053%5D=413819&filter%5Bcf%5D%5B190049%5D%5Bfrom%5D=21.01.2018&filter%5Bcf%5D%5B190049%5D%5Bto%5D=21.01.2018&filter%5Btags_logic%5D=or&useFilter=y','sk16aje88u9sgdsgda3oapulis@google.com',180,1,12,1),(135,NULL,123,20,5,NULL,'2018-02-11','11:00:00','https://codabra.amocrm.ru/leads/pipeline/592459/?filter%5Bcf%5D%5B190651%5D=435579&filter%5Bcf%5D%5B190053%5D=413819&filter%5Bcf%5D%5B190049%5D%5Bfrom%5D=11.02.2018&filter%5Bcf%5D%5B190049%5D%5Bto%5D=11.02.2018&filter%5Btags_logic%5D=or&useFilter=y','ti45ns6mtqodms36sb5j8eh26k@google.com',180,1,10,1),(137,NULL,125,20,13,NULL,'2018-01-13','14:30:00','https://codabra.amocrm.ru/leads/pipeline/826213/?filter%5Bcf%5D%5B190651%5D=435583&filter%5Bcf%5D%5B190053%5D=413833&filter%5Bcf%5D%5B190049%5D%5Bfrom%5D=13.01.2018&filter%5Bcf%5D%5B190049%5D%5Bto%5D=13.01.2018&filter%5Btags_logic%5D=or&useFilter=y','mc7ergug97ch3e75me1t2sfp5k@google.com',180,1,10,1),(139,NULL,105,19,12,46,'2018-01-14','14:30:00','https://codabra.amocrm.ru/leads/pipeline/818353/?filter%5Bcf%5D%5B190651%5D=435657&filter%5Bcf%5D%5B190053%5D=413833&filter%5Bcf%5D%5B190049%5D%5Bfrom%5D=14.01.2018&filter%5Bcf%5D%5B190049%5D%5Bto%5D=14.01.2018&filter%5Btags_logic%5D=or&useFilter=y','egouun4ekol4ivsfuv0pf1dreg@google.com',180,1,45,1),(140,NULL,92,17,4,33,'2017-12-17','11:00:00','https://codabra.amocrm.ru/leads/pipeline/592459/?filter%5Bcf%5D%5B190651%5D=433049&filter%5Bcf%5D%5B190053%5D=413819&filter%5Bcf%5D%5B190049%5D%5Bfrom%5D=17.12.2017&filter%5Bcf%5D%5B190049%5D%5Bto%5D=17.12.2017&filter%5Btags_logic%5D=or&useFilter=y','q9o670ul45p975km3ntu1fnmdk@google.com',180,1,20,1),(141,NULL,126,22,6,53,'2018-01-13','14:20:00','https://codabra.amocrm.ru/leads/pipeline/592459/?filter%5Bcf%5D%5B190651%5D=435641&filter%5Bcf%5D%5B190053%5D=418381&filter%5Bcf%5D%5B190049%5D%5Bfrom%5D=13.01.2018&filter%5Bcf%5D%5B190049%5D%5Bto%5D=13.01.2018&filter%5Btags_logic%5D=or&useFilter=y','mfi9513i5iec5plgpr0cp2touc@google.com',180,1,46,1),(145,NULL,127,14,7,NULL,'2018-01-27','11:00:00','https://codabra.amocrm.ru/leads/pipeline/592459/?filter%5Bcf%5D%5B190651%5D=436027&filter%5Bcf%5D%5B190053%5D=413819&filter%5Bcf%5D%5B190049%5D%5Bfrom%5D=27.01.2018&filter%5Bcf%5D%5B190049%5D%5Bto%5D=27.01.2018&filter%5Btags_logic%5D=or&useFilter=y','3uah5ovldsdbllirg8u15lqn1o@google.com',180,1,30,1),(146,NULL,128,14,9,54,'2018-01-27','18:00:00','https://codabra.amocrm.ru/leads/pipeline/592459/?filter%5Bcf%5D%5B190651%5D=435811&filter%5Bcf%5D%5B190053%5D=413847&filter%5Bcf%5D%5B190049%5D%5Bfrom%5D=27.01.2018&filter%5Bcf%5D%5B190049%5D%5Bto%5D=27.01.2018&filter%5Btags_logic%5D=or&useFilter=y','imfe5um1pfkqnmalmf9rhj05k8@google.com',180,1,30,1),(147,NULL,129,14,4,NULL,'2018-02-04','11:00:00','https://codabra.amocrm.ru/leads/pipeline/592459/?filter%5Bcf%5D%5B190651%5D=431315&filter%5Bcf%5D%5B190053%5D=413819&filter%5Bcf%5D%5B190049%5D%5Bfrom%5D=4.02.2018&filter%5Bcf%5D%5B190049%5D%5Bto%5D=4.02.2018&filter%5Btags_logic%5D=or&useFilter=y','7174mtg1o6uj609icpp6aqidqs@google.com',180,1,40,1),(148,NULL,130,14,6,NULL,'2018-02-04','14:30:00','https://codabra.amocrm.ru/leads/pipeline/592459/?filter%5Bcf%5D%5B190651%5D=435751&filter%5Bcf%5D%5B190053%5D=413833&filter%5Bcf%5D%5B190049%5D%5Bfrom%5D=4.02.2018&filter%5Bcf%5D%5B190049%5D%5Bto%5D=4.02.2018&filter%5Btags_logic%5D=or&useFilter=y','dhkr05ggt87r97fbj82l0kpr54@google.com',180,1,35,1),(149,NULL,131,14,12,14,'2018-01-20','14:30:00','https://codabra.amocrm.ru/leads/pipeline/655627/?filter%5Bcf%5D%5B190651%5D=435749&filter%5Bcf%5D%5B190053%5D=413833&filter%5Bcf%5D%5B190049%5D%5Bfrom%5D=20.01.2018&filter%5Bcf%5D%5B190049%5D%5Bto%5D=20.01.2018&filter%5Btags_logic%5D=or&useFilter=y','0mpu1nipnb5gg8kj1i2rs2r450@google.com',180,1,20,1),(150,NULL,132,20,12,NULL,'2018-02-03','11:00:00','https://codabra.amocrm.ru/leads/pipeline/874927/?filter%5Bcf%5D%5B190651%5D=436045&filter%5Bcf%5D%5B190053%5D=413819&filter%5Bcf%5D%5B190049%5D%5Bfrom%5D=3.02.2018&filter%5Bcf%5D%5B190049%5D%5Bto%5D=3.02.2018&filter%5Btags_logic%5D=or&useFilter=y','auhr3cjv4304mmasicg212hp6o@google.com',180,1,75,1),(152,NULL,106,19,9,42,'2018-01-21','18:00:00','https://codabra.amocrm.ru/leads/pipeline/818353/?filter%5Bcf%5D%5B190651%5D=432833&filter%5Bcf%5D%5B190053%5D=413847&filter%5Bcf%5D%5B190049%5D%5Bfrom%5D=21.01.2018&filter%5Bcf%5D%5B190049%5D%5Bto%5D=21.01.2018&filter%5Btags_logic%5D=or&useFilter=y','abokictegqmrfvd4gvs8qn5hbc@google.com',180,1,45,1),(154,NULL,140,16,8,18,'2018-01-13','11:00:00','https://codabra.amocrm.ru/leads/pipeline/826213/?filter%5Bcf%5D%5B190651%5D=436001&filter%5Bcf%5D%5B190053%5D=413819&filter%5Bcf%5D%5B190049%5D%5Bfrom%5D=13.01.2018&filter%5Bcf%5D%5B190049%5D%5Bto%5D=13.01.2018&filter%5Btags_logic%5D=or&useFilter=y','m1b7mtpggi4nt04ggbtib5mr98@google.com',180,1,15,1),(155,NULL,141,16,10,19,'2018-01-13','14:20:00','https://codabra.amocrm.ru/leads/pipeline/826213/?filter%5Bcf%5D%5B190651%5D=436005&filter%5Bcf%5D%5B190053%5D=418381&filter%5Bcf%5D%5B190049%5D%5Bfrom%5D=13.01.2018&filter%5Bcf%5D%5B190049%5D%5Bto%5D=13.01.2018&filter%5Btags_logic%5D=or&useFilter=y','uer4arqa1fble16ho288krj934@google.com',180,1,15,1),(156,NULL,142,16,13,22,'2018-01-14','17:40:00','https://codabra.amocrm.ru/leads/pipeline/826213/?filter%5Bcf%5D%5B190651%5D=436003&filter%5Bcf%5D%5B190053%5D=436477&filter%5Bcf%5D%5B190049%5D%5Bfrom%5D=14.01.2018&filter%5Bcf%5D%5B190049%5D%5Bto%5D=14.01.2018&filter%5Btags_logic%5D=or&useFilter=y','uvsidg90uvs7mecj3msae2u720@google.com',180,1,15,1),(157,NULL,139,16,5,20,'2018-01-14','11:00:00','https://codabra.amocrm.ru/leads/pipeline/826213/?filter%5Bcf%5D%5B190651%5D=435999&filter%5Bcf%5D%5B190053%5D=413819&filter%5Bcf%5D%5B190049%5D%5Bfrom%5D=14.01.2018&filter%5Bcf%5D%5B190049%5D%5Bto%5D=14.01.2018&filter%5Btags_logic%5D=or&useFilter=y','kbcib3epb4f3k5psulbtm75fmk@google.com',180,1,15,1),(160,NULL,134,16,12,22,'2018-01-28','14:20:00','https://codabra.amocrm.ru/leads/pipeline/592459/?filter%5Bcf%5D%5B190651%5D=435993&filter%5Bcf%5D%5B190053%5D=418381&filter%5Bcf%5D%5B190049%5D%5Bfrom%5D=28.01.2018&filter%5Bcf%5D%5B190049%5D%5Bto%5D=28.01.2018&filter%5Btags_logic%5D=or&useFilter=y','shb0dc97fr2tpc5tf4fdi2uk7s@google.com',180,1,50,1),(161,NULL,135,16,9,21,'2018-01-27','17:40:00','https://codabra.amocrm.ru/leads/pipeline/592459/?filter%5Bcf%5D%5B190651%5D=435995&filter%5Bcf%5D%5B190053%5D=436477&filter%5Bcf%5D%5B190049%5D%5Bfrom%5D=27.01.2018&filter%5Bcf%5D%5B190049%5D%5Bto%5D=27.01.2018&filter%5Btags_logic%5D=or&useFilter=y','flo8fakqa1l3sdsvqgor52c0lg@google.com',180,1,50,1),(163,NULL,115,18,4,NULL,'2018-01-13','11:00:00','https://codabra.amocrm.ru/leads/pipeline/912136/?filter%5Bcf%5D%5B190651%5D=435357&filter%5Bcf%5D%5B190053%5D=413819&filter%5Bcf%5D%5B190049%5D%5Bfrom%5D=13.01.2018&filter%5Bcf%5D%5B190049%5D%5Bto%5D=13.01.2018&filter%5Btags_logic%5D=or&useFilter=y','ito25eh2s1mlp7v7t47puqdmls@google.com',180,1,30,1),(164,NULL,133,16,7,18,'2018-01-27','14:20:00','https://codabra.amocrm.ru/leads/pipeline/592459/?filter%5Bcf%5D%5B190651%5D=435991&filter%5Bcf%5D%5B190053%5D=418381&filter%5Bcf%5D%5B190049%5D%5Bfrom%5D=27.01.2018&filter%5Bcf%5D%5B190049%5D%5Bto%5D=27.01.2018&filter%5Btags_logic%5D=or&useFilter=y','j6bblpgt2l4kuaqqdmublntvas@google.com',180,1,50,1),(166,NULL,147,16,13,22,'2018-01-13','17:40:00','https://codabra.amocrm.ru/leads/pipeline/912136/?filter%5Bcf%5D%5B190651%5D=436585&filter%5Bcf%5D%5B190053%5D=436477&filter%5Bcf%5D%5B190049%5D%5Bfrom%5D=13.01.2018&filter%5Bcf%5D%5B190049%5D%5Bto%5D=13.01.2018&filter%5Btags_logic%5D=or&useFilter=y','qaq2oudukujcg81uu1m6dnc7hg@google.com',180,1,15,1),(168,NULL,152,18,13,5,'2018-01-21','18:00:00','https://codabra.amocrm.ru/leads/pipeline/826213/?filter%5Bcf%5D%5B190651%5D=436601&filter%5Bcf%5D%5B190053%5D=413847&filter%5Bcf%5D%5B190049%5D%5Bfrom%5D=21.01.2018&filter%5Bcf%5D%5B190049%5D%5Bto%5D=21.01.2018&filter%5Btags_logic%5D=or&useFilter=y','hn8u6do75e1323qkbj88cc1gcc@google.com',180,1,12,1),(169,NULL,154,13,9,40,'2018-02-04','13:30:00','https://codabra.amocrm.ru/leads/pipeline/592459/?filter%5Bcf%5D%5B190651%5D=436593&filter%5Bcf%5D%5B190053%5D=413829&filter%5Bcf%5D%5B190049%5D%5Bfrom%5D=4.02.2018&filter%5Bcf%5D%5B190049%5D%5Bto%5D=4.02.2018&filter%5Btags_logic%5D=or&useFilter=y','hktqfmemtm9vbm90p75939hobg@google.com',180,1,51,1),(170,NULL,156,22,9,19,'2018-01-28','17:40:00','https://codabra.amocrm.ru/leads/pipeline/592459/?filter%5Bcf%5D%5B190651%5D=436723&filter%5Bcf%5D%5B190053%5D=436477&filter%5Bcf%5D%5B190049%5D%5Bfrom%5D=28.01.2018&filter%5Bcf%5D%5B190049%5D%5Bto%5D=28.01.2018&filter%5Btags_logic%5D=or&useFilter=y','88kmg1jdf8teej597m2k6gttk0@google.com',180,1,40,1),(171,NULL,157,14,5,36,'2018-02-11','11:00:00','https://codabra.amocrm.ru/leads/pipeline/818353/?filter%5Bcf%5D%5B190651%5D=438801&filter%5Bcf%5D%5B190053%5D=413819&filter%5Bcf%5D%5B190049%5D%5Bfrom%5D=11.02.2018&filter%5Bcf%5D%5B190049%5D%5Bto%5D=11.02.2018&filter%5Btags_logic%5D=or&useFilter=y','sf564m41i2jut9u45v1uqgsn4g@google.com',180,1,12,1),(172,NULL,158,13,16,24,'2018-02-03','17:30:00','https://codabra.amocrm.ru/leads/pipeline/592459/?filter%5Bcf%5D%5B190651%5D=439041&filter%5Bcf%5D%5B190053%5D=413845&filter%5Bcf%5D%5B190049%5D%5Bfrom%5D=3.02.2018&filter%5Bcf%5D%5B190049%5D%5Bto%5D=3.02.2018&filter%5Btags_logic%5D=or&useFilter=y','3j81oljp92ot38al667bt3c4bo@google.com',180,1,48,1),(173,NULL,159,14,10,NULL,'2018-02-11','14:30:00','https://codabra.amocrm.ru/leads/pipeline/826213/?filter%5Bcf%5D%5B190651%5D=439043&filter%5Bcf%5D%5B190053%5D=413833&filter%5Bcf%5D%5B190049%5D%5Bfrom%5D=11.02.2018&filter%5Bcf%5D%5B190049%5D%5Bto%5D=11.02.2018&filter%5Btags_logic%5D=or&useFilter=y','renfsg48ns5mdgsre8vqoo8op0@google.com',180,1,12,1),(174,NULL,160,14,14,NULL,'2018-02-10','18:00:00','https://codabra.amocrm.ru/leads/pipeline/826213/?filter%5Bcf%5D%5B190651%5D=439045&filter%5Bcf%5D%5B190053%5D=413847&filter%5Bcf%5D%5B190049%5D%5Bfrom%5D=10.02.2018&filter%5Bcf%5D%5B190049%5D%5Bto%5D=10.02.2018&filter%5Btags_logic%5D=or&useFilter=y','5dnvrv8iq783b5qld6t8dvr22c@google.com',180,1,13,1),(175,NULL,162,13,11,NULL,'2018-02-11','16:45:00','https://codabra.amocrm.ru/leads/pipeline/592459/?filter%5Bcf%5D%5B190651%5D=439047&filter%5Bcf%5D%5B190053%5D=415249&filter%5Bcf%5D%5B190049%5D%5Bfrom%5D=11.02.2018&filter%5Bcf%5D%5B190049%5D%5Bto%5D=11.02.2018&filter%5Btags_logic%5D=or&useFilter=y','jdhgjuc2a37nc1564q98m8895k@google.com',180,1,12,1),(176,NULL,163,13,13,NULL,'2018-03-03','17:30:00','https://codabra.amocrm.ru/leads/pipeline/826213/?filter%5Bcf%5D%5B190651%5D=431575&filter%5Bcf%5D%5B190053%5D=413845&filter%5Bcf%5D%5B190049%5D%5Bfrom%5D=3.03.2018&filter%5Bcf%5D%5B190049%5D%5Bto%5D=3.03.2018&filter%5Btags_logic%5D=or&useFilter=y','buoat03q4jqutqisniqv87k9us@google.com',180,1,12,1),(177,NULL,164,14,13,NULL,'2018-03-04','18:00:00','https://codabra.amocrm.ru/leads/pipeline/826213/?filter%5Bcf%5D%5B190651%5D=439059&filter%5Bcf%5D%5B190053%5D=413847&filter%5Bcf%5D%5B190049%5D%5Bfrom%5D=4.03.2018&filter%5Bcf%5D%5B190049%5D%5Bto%5D=4.03.2018&filter%5Btags_logic%5D=or&useFilter=y','cfs4aobljk0d3k6solr2qc5ipo@google.com',180,1,12,1),(178,NULL,165,14,12,NULL,'2018-02-04','18:00:00','https://codabra.amocrm.ru/leads/pipeline/826213/?filter%5Bcf%5D%5B190651%5D=439061&filter%5Bcf%5D%5B190053%5D=413847&filter%5Bcf%5D%5B190049%5D%5Bfrom%5D=4.02.2018&filter%5Bcf%5D%5B190049%5D%5Bto%5D=4.02.2018&filter%5Btags_logic%5D=or&useFilter=y','d7mr8nkngkv01uoe0a1mfrv57c@google.com',180,1,15,1),(179,NULL,78,13,7,NULL,'2018-02-10','10:30:00','https://codabra.amocrm.ru/leads/pipeline/592459/?filter%5Bcf%5D%5B190651%5D=432433&filter%5Bcf%5D%5B190053%5D=413817&filter%5Bcf%5D%5B190049%5D%5Bfrom%5D=10.02.2018&filter%5Bcf%5D%5B190049%5D%5Bto%5D=10.02.2018&filter%5Btags_logic%5D=or&useFilter=y','ko36h77ufbdua0jq4g9g3cdd40@google.com',180,1,60,1),(180,NULL,166,13,12,48,'2018-02-11','16:45:00','https://codabra.amocrm.ru/leads/pipeline/826213/?filter%5Bcf%5D%5B190651%5D=439063&filter%5Bcf%5D%5B190053%5D=415249&filter%5Bcf%5D%5B190049%5D%5Bfrom%5D=11.02.2018&filter%5Bcf%5D%5B190049%5D%5Bto%5D=11.02.2018&filter%5Btags_logic%5D=or&useFilter=y','eusqd4obe2rn41nfl82mi4msvk@google.com',180,1,68,1),(181,NULL,167,13,4,NULL,'2018-02-10','14:00:00','https://codabra.amocrm.ru/leads/pipeline/592459/?filter%5Bcf%5D%5B190651%5D=439117&filter%5Bcf%5D%5B190053%5D=413831&filter%5Bcf%5D%5B190049%5D%5Bfrom%5D=10.02.2018&filter%5Bcf%5D%5B190049%5D%5Bto%5D=10.02.2018&filter%5Btags_logic%5D=or&useFilter=y','95n4frcspst36o87vl3egv7u7s@google.com',180,1,55,1),(182,NULL,168,14,9,NULL,'2018-02-03','14:30:00','https://codabra.amocrm.ru/leads/pipeline/592459/?filter%5Bcf%5D%5B190651%5D=439141&filter%5Bcf%5D%5B190053%5D=413833&filter%5Bcf%5D%5B190049%5D%5Bfrom%5D=3.02.2018&filter%5Bcf%5D%5B190049%5D%5Bto%5D=3.02.2018&filter%5Btags_logic%5D=or&useFilter=y','uhtg25ootc7jip2jjdsqg5ibv4@google.com',180,1,31,1),(183,NULL,169,14,6,NULL,'2018-02-10','14:30:00','https://codabra.amocrm.ru/leads/pipeline/592459/?filter%5Bcf%5D%5B190651%5D=439143&filter%5Bcf%5D%5B190053%5D=413833&filter%5Bcf%5D%5B190049%5D%5Bfrom%5D=10.02.2018&filter%5Bcf%5D%5B190049%5D%5Bto%5D=10.02.2018&filter%5Btags_logic%5D=or&useFilter=y','8c4eca9qj08cdt6dk87c8mrmi4@google.com',180,1,37,1),(184,NULL,170,14,6,NULL,'2018-03-04','14:30:00','https://codabra.amocrm.ru/leads/pipeline/592459/?filter%5Bcf%5D%5B190651%5D=439231&filter%5Bcf%5D%5B190053%5D=413833&filter%5Bcf%5D%5B190049%5D%5Bfrom%5D=4.03.2018&filter%5Bcf%5D%5B190049%5D%5Bto%5D=4.03.2018&filter%5Btags_logic%5D=or&useFilter=y','6m9jsbckgecb46e99u2ogm3sa0@google.com',180,1,12,1),(185,NULL,171,18,12,NULL,'2018-03-18','18:00:00','https://codabra.amocrm.ru/leads/pipeline/826213/?filter%5Bcf%5D%5B190651%5D=439235&filter%5Bcf%5D%5B190053%5D=413847&filter%5Bcf%5D%5B190049%5D%5Bfrom%5D=18.03.2018&filter%5Bcf%5D%5B190049%5D%5Bto%5D=18.03.2018&filter%5Btags_logic%5D=or&useFilter=y','r5n1i318hm53tpcst024ai6ae4@google.com',180,1,55,1),(186,NULL,172,18,6,NULL,'2018-03-17','11:00:00','https://codabra.amocrm.ru/leads/pipeline/592459/?filter%5Bcf%5D%5B190651%5D=439311&filter%5Bcf%5D%5B190053%5D=413819&filter%5Bcf%5D%5B190049%5D%5Bfrom%5D=17.03.2018&filter%5Bcf%5D%5B190049%5D%5Bto%5D=17.03.2018&filter%5Btags_logic%5D=or&useFilter=y','0cd9t4864eiam18424komci7v0@google.com',180,1,50,1),(187,NULL,173,18,9,NULL,'2018-02-10','14:30:00','https://codabra.amocrm.ru/leads/pipeline/592459/?filter%5Bcf%5D%5B190651%5D=439313&filter%5Bcf%5D%5B190053%5D=413833&filter%5Bcf%5D%5B190049%5D%5Bfrom%5D=10.02.2018&filter%5Bcf%5D%5B190049%5D%5Bto%5D=10.02.2018&filter%5Btags_logic%5D=or&useFilter=y','b8iv3sjvli5bpg8pojnuqle05k@google.com',180,1,50,1),(188,NULL,94,19,6,NULL,'2018-02-10','11:00:00','https://codabra.amocrm.ru/leads/pipeline/826213/?filter%5Bcf%5D%5B190651%5D=425797&filter%5Bcf%5D%5B190053%5D=413819&filter%5Bcf%5D%5B190049%5D%5Bfrom%5D=10.02.2018&filter%5Bcf%5D%5B190049%5D%5Bto%5D=10.02.2018&filter%5Btags_logic%5D=or&useFilter=y','ephbr7ccburdfs2vbo5dn8egbs@google.com',180,1,40,1),(190,NULL,175,20,9,32,'2018-04-01','14:30:00','https://codabra.amocrm.ru/leads/pipeline/592459/?filter%5Bcf%5D%5B190651%5D=439644&filter%5Bcf%5D%5B190053%5D=413833&filter%5Bcf%5D%5B190049%5D%5Bfrom%5D=1.04.2018&filter%5Bcf%5D%5B190049%5D%5Bto%5D=1.04.2018&filter%5Btags_logic%5D=or&useFilter=y','atmmkj1oh2v7611jl4h059qa6c@google.com',180,1,70,1),(191,NULL,176,16,9,19,'2018-01-27','17:40:00','https://codabra.amocrm.ru/leads/pipeline/592459/?filter%5Bcf%5D%5B190651%5D=439688&filter%5Bcf%5D%5B190053%5D=436477&filter%5Bcf%5D%5B190049%5D%5Bfrom%5D=27.01.2018&filter%5Bcf%5D%5B190049%5D%5Bto%5D=27.01.2018&filter%5Btags_logic%5D=or&useFilter=y','nnjuj36gpnvotb8ulbl4f1fcn4@google.com',180,1,20,1),(192,NULL,177,18,7,25,'2018-02-18','11:00:00','https://codabra.amocrm.ru/leads/pipeline/592459/?filter%5Bcf%5D%5B190651%5D=439756&filter%5Bcf%5D%5B190053%5D=413819&filter%5Bcf%5D%5B190049%5D%5Bfrom%5D=18.02.2018&filter%5Bcf%5D%5B190049%5D%5Bto%5D=18.02.2018&filter%5Btags_logic%5D=or&useFilter=y','jvghi0l4j3cbg1hqu4kmnrs7i4@google.com',180,1,50,1),(193,NULL,178,23,6,20,'2018-02-17','11:00:00','https://codabra.amocrm.ru/leads/pipeline/592459/?filter%5Bcf%5D%5B190651%5D=440072&filter%5Bcf%5D%5B190053%5D=413819&filter%5Bcf%5D%5B190049%5D%5Bfrom%5D=17.02.2018&filter%5Bcf%5D%5B190049%5D%5Bto%5D=17.02.2018&filter%5Btags_logic%5D=or&useFilter=y','30a39gubmvsglj78q96h7820s0@google.com',180,1,40,1),(194,NULL,179,23,7,20,'2018-02-17','14:20:00','https://codabra.amocrm.ru/leads/pipeline/592459/?filter%5Bcf%5D%5B190651%5D=440074&filter%5Bcf%5D%5B190053%5D=418381&filter%5Bcf%5D%5B190049%5D%5Bfrom%5D=17.02.2018&filter%5Bcf%5D%5B190049%5D%5Bto%5D=17.02.2018&filter%5Btags_logic%5D=or&useFilter=y','mm5d9nnveknp550qfnhn4stlb0@google.com',180,1,40,1),(195,NULL,180,23,9,23,'2018-02-17','17:40:00','https://codabra.amocrm.ru/leads/pipeline/592459/?filter%5Bcf%5D%5B190651%5D=440076&filter%5Bcf%5D%5B190053%5D=436477&filter%5Bcf%5D%5B190049%5D%5Bfrom%5D=17.02.2018&filter%5Bcf%5D%5B190049%5D%5Bto%5D=17.02.2018&filter%5Btags_logic%5D=or&useFilter=y','ko2vfodv4qn86lg55j68c64uao@google.com',180,1,40,1),(196,NULL,181,23,12,16,'2018-02-18','17:40:00','https://codabra.amocrm.ru/leads/pipeline/592459/?filter%5Bcf%5D%5B190651%5D=440078&filter%5Bcf%5D%5B190053%5D=436477&filter%5Bcf%5D%5B190049%5D%5Bfrom%5D=18.02.2018&filter%5Bcf%5D%5B190049%5D%5Bto%5D=18.02.2018&filter%5Btags_logic%5D=or&useFilter=y','pgmdluhirc6gu00e2vnkfh20sc@google.com',180,1,40,1),(197,NULL,182,21,16,15,'2018-02-18','18:00:00','https://codabra.amocrm.ru/leads/pipeline/592459/?filter%5Bcf%5D%5B190651%5D=440282&filter%5Bcf%5D%5B190053%5D=413847&filter%5Bcf%5D%5B190049%5D%5Bfrom%5D=18.02.2018&filter%5Bcf%5D%5B190049%5D%5Bto%5D=18.02.2018&filter%5Btags_logic%5D=or&useFilter=y',NULL,180,1,50,1),(198,NULL,NULL,NULL,NULL,NULL,NULL,NULL,NULL,'vvd69l3mpvt8uuoief8d9mc7to@google.com',NULL,1,0,1),(199,NULL,183,21,8,7,'2018-02-10','11:00:00','https://codabra.amocrm.ru/leads/pipeline/826213/?filter%5Bcf%5D%5B190651%5D=440304&filter%5Bcf%5D%5B190053%5D=413819&filter%5Bcf%5D%5B190049%5D%5Bfrom%5D=10.02.2018&filter%5Bcf%5D%5B190049%5D%5Bto%5D=10.02.2018&filter%5Btags_logic%5D=or&useFilter=y','nt8f2f299emb2c6dju6roufgos@google.com',180,1,12,1),(200,NULL,184,16,13,22,'2018-02-11','11:00:00','https://codabra.amocrm.ru/leads/pipeline/592459/?filter%5Bcf%5D%5B190651%5D=440306&filter%5Bcf%5D%5B190053%5D=413819&filter%5Bcf%5D%5B190049%5D%5Bfrom%5D=11.02.2018&filter%5Bcf%5D%5B190049%5D%5Bto%5D=11.02.2018&filter%5Btags_logic%5D=or&useFilter=y','sue1b3ud5g0d8ab6u1tb0g7c8k@google.com',180,1,20,1),(201,NULL,185,21,9,30,'2018-02-17','18:00:00','https://codabra.amocrm.ru/leads/pipeline/592459/?filter%5Bcf%5D%5B190651%5D=440346&filter%5Bcf%5D%5B190053%5D=413847&filter%5Bcf%5D%5B190049%5D%5Bfrom%5D=17.02.2018&filter%5Bcf%5D%5B190049%5D%5Bto%5D=17.02.2018&filter%5Btags_logic%5D=or&useFilter=y','2b7cn5mvkf5am2fcdk4d616518@google.com',180,1,50,1),(202,NULL,186,21,6,30,'2018-03-03','14:30:00','https://codabra.amocrm.ru/leads/pipeline/818353/?filter%5Bcf%5D%5B190651%5D=440344&filter%5Bcf%5D%5B190053%5D=413833&filter%5Bcf%5D%5B190049%5D%5Bfrom%5D=3.03.2018&filter%5Bcf%5D%5B190049%5D%5Bto%5D=3.03.2018&filter%5Btags_logic%5D=or&useFilter=y','ot3radrm4s6aeeelmeitlcghho@google.com',180,1,50,1),(203,NULL,187,21,12,11,'2018-02-18','11:00:00','https://codabra.amocrm.ru/leads/pipeline/592459/?filter%5Bcf%5D%5B190651%5D=440348&filter%5Bcf%5D%5B190053%5D=413819&filter%5Bcf%5D%5B190049%5D%5Bfrom%5D=18.02.2018&filter%5Bcf%5D%5B190049%5D%5Bto%5D=18.02.2018&filter%5Btags_logic%5D=or&useFilter=y','n5p6e9bopk7cemrks0rfvgvtug@google.com',180,1,30,1),(204,NULL,188,14,12,NULL,'2018-02-11','18:00:00','https://codabra.amocrm.ru/leads/pipeline/592459/?filter%5Bcf%5D%5B190651%5D=441410&filter%5Bcf%5D%5B190053%5D=413847&filter%5Bcf%5D%5B190049%5D%5Bfrom%5D=11.02.2018&filter%5Bcf%5D%5B190049%5D%5Bto%5D=11.02.2018&filter%5Btags_logic%5D=or&useFilter=y','p4an7oj4hhp4buopi1lin2drb4@google.com',NULL,1,12,1),(205,NULL,190,24,6,NULL,'2018-03-03','11:00:00','https://codabra.amocrm.ru/leads/pipeline/592459/?filter%5Bcf%5D%5B190651%5D=441414&filter%5Bcf%5D%5B190053%5D=413819&filter%5Bcf%5D%5B190049%5D%5Bfrom%5D=3.03.2018&filter%5Bcf%5D%5B190049%5D%5Bto%5D=3.03.2018&filter%5Btags_logic%5D=or&useFilter=y','s66r1oa467g7nmsvp0sf97k9sk@google.com',180,1,50,1),(206,NULL,191,24,9,NULL,'2018-03-03','14:30:00','https://codabra.amocrm.ru/leads/pipeline/592459/?filter%5Bcf%5D%5B190651%5D=441412&filter%5Bcf%5D%5B190053%5D=413833&filter%5Bcf%5D%5B190049%5D%5Bfrom%5D=3.03.2018&filter%5Bcf%5D%5B190049%5D%5Bto%5D=3.03.2018&filter%5Btags_logic%5D=or&useFilter=y','q3ktrl8ojjdr735nbo83us1f2k@google.com',NULL,1,50,1),(207,NULL,189,24,12,NULL,'2018-03-03','18:00:00','https://codabra.amocrm.ru/leads/pipeline/592459/?filter%5Bcf%5D%5B190651%5D=441416&filter%5Bcf%5D%5B190053%5D=413847&filter%5Bcf%5D%5B190049%5D%5Bfrom%5D=3.03.2018&filter%5Bcf%5D%5B190049%5D%5Bto%5D=3.03.2018&filter%5Btags_logic%5D=or&useFilter=y','e7er1q85g5slkcammf81mkbiag@google.com',NULL,1,50,1),(208,NULL,192,NULL,4,39,'2018-02-05','15:00:00',NULL,'4nunj6r4i69k7mr33bmv1g2i9k@google.com',120,1,0,1),(209,NULL,193,16,10,21,'2018-02-18','17:40:00','https://codabra.amocrm.ru/leads/pipeline/826213/?filter%5Bcf%5D%5B190651%5D=441716&filter%5Bcf%5D%5B190053%5D=436477&filter%5Bcf%5D%5B190049%5D%5Bfrom%5D=18.02.2018&filter%5Bcf%5D%5B190049%5D%5Bto%5D=18.02.2018&filter%5Btags_logic%5D=or&useFilter=y','5hr8dfjlim6cid2o3ue8hgv530@google.com',180,1,20,1),(210,NULL,194,14,11,30,'2018-03-25','11:00:00','https://codabra.amocrm.ru/leads/pipeline/826213/?filter%5Bcf%5D%5B190651%5D=441770&filter%5Bcf%5D%5B190053%5D=413819&filter%5Bcf%5D%5B190049%5D%5Bfrom%5D=25.03.2018&filter%5Bcf%5D%5B190049%5D%5Bto%5D=25.03.2018&filter%5Btags_logic%5D=or&useFilter=y','2oiutd3laaigk3akbgsu4368ps@google.com',180,1,12,1),(211,NULL,199,24,7,25,'2018-03-17','14:30:00','https://codabra.amocrm.ru/leads/pipeline/592459/?filter%5Bcf%5D%5B190651%5D=442708&filter%5Bcf%5D%5B190053%5D=413833&filter%5Bcf%5D%5B190049%5D%5Bfrom%5D=17.03.2018&filter%5Bcf%5D%5B190049%5D%5Bto%5D=17.03.2018&filter%5Btags_logic%5D=or&useFilter=y',NULL,NULL,NULL,30,1),(212,NULL,200,17,11,33,'2018-03-04','14:30:00','https://codabra.amocrm.ru/leads/pipeline/826213/?filter%5Bcf%5D%5B190651%5D=443792&filter%5Bcf%5D%5B190053%5D=413833&filter%5Bcf%5D%5B190049%5D%5Bfrom%5D=4.03.2018&filter%5Bcf%5D%5B190049%5D%5Bto%5D=4.03.2018&filter%5Btags_logic%5D=or&useFilter=y','p9its82ink1ajdfrvqsmamou1g@google.com',180,1,12,1),(213,NULL,201,20,6,NULL,'2018-03-25','11:00:00','https://codabra.amocrm.ru/leads/pipeline/592459/?filter%5Bcf%5D%5B190651%5D=443794&filter%5Bcf%5D%5B190053%5D=413819&filter%5Bcf%5D%5B190049%5D%5Bfrom%5D=25.03.2018&filter%5Bcf%5D%5B190049%5D%5Bto%5D=25.03.2018&filter%5Btags_logic%5D=or&useFilter=y','tbf7br4lg8957cmfl6g96ro1d4@google.com',180,NULL,40,1),(214,NULL,202,24,10,NULL,'2018-03-18','14:30:00',NULL,'6aaaj4je2okuvp3j3fkr42cn5o@google.com',180,NULL,0,1),(215,NULL,203,24,10,NULL,'2018-03-18','18:00:00',NULL,'t0dm7kosh33qklnuleub2m45g0@google.com',180,NULL,12,1),(216,NULL,205,15,20,56,NULL,'11:11:00',NULL,'p9jh1f70lh1l2b8rqe9rsj3f1k@google.com',654,NULL,12,1),(219,NULL,206,24,12,NULL,'2018-03-25','14:30:00','https://codabra.amocrm.ru/leads/pipeline/592459/?filter%5Bcf%5D%5B190651%5D=444096&filter%5Bcf%5D%5B190053%5D=413833&filter%5Bcf%5D%5B190049%5D%5Bfrom%5D=25.03.2018&filter%5Bcf%5D%5B190049%5D%5Bto%5D=25.03.2018&filter%5Btags_logic%5D=or&useFilter=y','qjqigp502eiscimbs7d17qmbc8@google.com',180,1,30,1),(220,NULL,205,16,20,56,'2018-02-10','12:00:00',NULL,NULL,120,2,12,1),(221,NULL,205,16,20,56,'2018-02-10','12:00:00',NULL,'i3tqdaii8sr2jo86ldihi83kqc@google.com',120,NULL,12,1),(222,NULL,205,16,20,56,'2018-02-10','12:00:00',NULL,'a6fvohdqbt37f96iip8bbvc5p0@google.com',120,NULL,12,1),(223,NULL,205,15,5,56,'2018-02-22','12:12:00',NULL,'0b76f682s7oqujv9rj9du2pegk@google.com',NULL,NULL,12,1),(224,NULL,205,16,20,56,'2018-02-10','12:00:00',NULL,'k1r8nkqj8cn8v34piln3fp04go@google.com',120,NULL,12,1),(225,NULL,205,15,5,56,'2018-02-22','12:12:00',NULL,'njnvap3uo6h9vo3uogicinudg4@google.com',NULL,NULL,12,1),(226,NULL,205,15,5,56,'2018-02-22','12:12:00',NULL,'bgf03qumvf47ci9d7424smiatk@google.com',NULL,NULL,12,1),(227,NULL,205,16,20,56,'2018-02-10','12:00:00',NULL,'hv14glk9ciq5iq2jk8nsvghen4@google.com',120,NULL,12,1),(228,NULL,205,16,20,56,'2018-02-10','12:00:00',NULL,'h7etmgk2d9c8qm81rs1h58vpto@google.com',120,NULL,12,1),(229,NULL,205,16,20,56,'2018-02-10','12:00:00',NULL,'fiphh84q5n8f0iuvu5tcpo9o24@google.com',120,NULL,12,1),(230,NULL,205,16,20,56,'2018-02-10','12:00:00',NULL,'218o7crr140imnt6navbh500g8@google.com',120,NULL,12,1),(231,NULL,205,16,20,56,'2018-02-10','12:00:00',NULL,'mp2b1pmo66qq8a3r31p5dnehh8@google.com',120,NULL,12,1),(232,NULL,205,16,20,56,'2018-02-10','12:00:00',NULL,'h9uho4v3khp4udhbh380h2leog@google.com',120,NULL,12,1),(233,NULL,205,16,20,56,'2018-02-10','12:00:00',NULL,'1qt2ji3k8prf4mkur03qi9puo8@google.com',120,2,12,1),(234,NULL,205,16,20,56,'2018-02-10','12:00:00',NULL,'urf9cmv3r7l6m9bbnt7tq1e16c@google.com',120,2,12,1),(235,NULL,205,16,20,56,'2018-02-10','12:00:00',NULL,'9fvaso7nfkgusecpfkduto8ams@google.com',120,2,12,1),(236,NULL,205,16,20,56,'2018-02-10','12:00:00',NULL,'l6dm43b6it76e7be5e3obg6oe8@google.com',120,2,12,1),(237,NULL,205,16,20,56,'2018-02-10','12:00:00',NULL,'g1p4pib9psqn1bco954rbjpkpg@google.com',120,2,12,1),(238,NULL,205,16,20,56,'2018-02-10','12:00:00',NULL,'lp9hu7u218fh94kkpvatj6idn8@google.com',120,2,12,1),(239,NULL,205,16,20,56,'2018-02-10','12:00:00',NULL,'l0dah07bvevj3hcnj82c6s8ors@google.com',120,2,12,1),(240,NULL,205,16,20,56,'2018-02-10','12:00:00',NULL,'is7jo330qmbl7ss3tmjtel3mb0@google.com',120,2,12,1),(241,NULL,205,16,20,56,'2018-02-10','12:00:00',NULL,'ksfk4psaj7la6jfivsuu18m5vc@google.com',120,2,12,1),(242,NULL,205,16,20,56,'2018-02-10','12:00:00',NULL,'a7oquiatffl8q5vpa8dr5p72h0@google.com',120,2,12,1),(243,NULL,205,16,20,56,'2018-02-10','12:00:00',NULL,'en04b1fiaqgv29t6n41bqjpr0c@google.com',120,2,12,1),(244,NULL,205,16,20,56,'2018-02-10','12:00:00',NULL,'33pa71d7of2eopi48lfi6o7p08@google.com',120,2,12,1),(245,NULL,205,16,20,56,'2018-02-10','12:00:00',NULL,'oifu40glj5ek0p8dgq1fb1heuk@google.com',120,2,12,1),(246,NULL,205,16,20,56,'2018-02-10','12:00:00',NULL,'t6jcv7u72mj9ae9m16u8kkagq4@google.com',120,2,12,1),(247,NULL,205,16,20,56,'2018-02-10','12:00:00',NULL,'0of3vq7pijkmovjt4hhtksr2fc@google.com',120,2,12,1),(248,NULL,205,16,20,56,'2018-02-10','12:00:00',NULL,'q1vud49ri0jnk6t8qlac5r7g1g@google.com',120,2,12,1),(249,NULL,205,16,20,56,'2018-02-10','12:00:00',NULL,'o9025a4od5k9bv6hpg30bd2hv4@google.com',120,2,12,1),(250,NULL,205,16,20,56,'2018-02-10','12:00:00',NULL,'5e7hg59vqk3csf8rn7ilgroqv8@google.com',120,2,12,1),(251,NULL,205,16,20,56,'2018-02-10','12:00:00',NULL,'l33oq6qq0bemuljfif8rfub82g@google.com',120,2,12,1),(252,NULL,205,15,5,56,'2018-02-22','12:12:00',NULL,'d490un704f9j02ug8dgcr0d1e0@google.com',NULL,NULL,12,1),(253,NULL,205,15,5,56,'2018-02-22','12:12:00',NULL,'jjmm1h1l23hhaj790n1aavduf0@google.com',NULL,NULL,12,1),(254,NULL,207,24,15,48,'2018-03-17','18:00:00',NULL,'ajr1onuj1v57m67fif0bj2819c@google.com',180,1,12,1),(255,NULL,208,18,16,NULL,'2018-03-31','18:00:00','https://codabra.amocrm.ru/leads/pipeline/592459/?filter%5Bcf%5D%5B190651%5D=444230&filter%5Bcf%5D%5B190053%5D=413847&filter%5Bcf%5D%5B190049%5D%5Bfrom%5D=31.03.2018&filter%5Bcf%5D%5B190049%5D%5Bto%5D=31.03.2018&filter%5Btags_logic%5D=or&useFilter=y','dss1goqpda55ov0r7rq15j8n5k@google.com',180,1,30,1),(256,NULL,209,17,10,NULL,'2018-03-25','11:00:00','https://codabra.amocrm.ru/leads/pipeline/826213/?filter%5Bcf%5D%5B190651%5D=444232&filter%5Bcf%5D%5B190053%5D=413819&filter%5Bcf%5D%5B190049%5D%5Bfrom%5D=25.03.2018&filter%5Bcf%5D%5B190049%5D%5Bto%5D=25.03.2018&filter%5Btags_logic%5D=or&useFilter=y','bv1bi0t9v0vdmaipi5cvrflar4@google.com',180,1,12,1),(260,NULL,210,17,12,NULL,'2018-03-18','18:00:00','https://codabra.amocrm.ru/leads/pipeline/592459/?filter%5Bcf%5D%5B190651%5D=443066&filter%5Bcf%5D%5B190053%5D=413847&filter%5Bcf%5D%5B190049%5D%5Bfrom%5D=18.03.2018&filter%5Bcf%5D%5B190049%5D%5Bto%5D=18.03.2018&filter%5Btags_logic%5D=or&useFilter=y','7gscgkn9cv2ls7vntmb77cto2s@google.com',180,1,30,1),(261,NULL,211,24,4,NULL,'2018-03-18','11:00:00','https://codabra.amocrm.ru/leads/pipeline/592459/?filter%5Bcf%5D%5B190651%5D=443068&filter%5Bcf%5D%5B190053%5D=413819&filter%5Bcf%5D%5B190049%5D%5Bfrom%5D=18.03.2018&filter%5Bcf%5D%5B190049%5D%5Bto%5D=18.03.2018&filter%5Btags_logic%5D=or&useFilter=y','b54qp68ll6fmo7n4m0ngpkajd0@google.com',180,1,30,1),(262,NULL,212,17,9,NULL,'2018-03-17','18:00:00','https://codabra.amocrm.ru/leads/pipeline/592459/?filter%5Bcf%5D%5B190651%5D=442948&filter%5Bcf%5D%5B190053%5D=413847&filter%5Bcf%5D%5B190049%5D%5Bfrom%5D=17.03.2018&filter%5Bcf%5D%5B190049%5D%5Bto%5D=17.03.2018&filter%5Btags_logic%5D=or&useFilter=y','7k34qf4632796bm56qt3cfcabc@google.com',180,1,30,1),(263,NULL,214,24,16,NULL,'2018-03-18','14:30:00','https://codabra.amocrm.ru/leads/pipeline/912136/?filter%5Bcf%5D%5B190651%5D=443070&filter%5Bcf%5D%5B190053%5D=413833&filter%5Bcf%5D%5B190049%5D%5Bfrom%5D=18.03.2018&filter%5Bcf%5D%5B190049%5D%5Bto%5D=18.03.2018&filter%5Btags_logic%5D=or&useFilter=y','1b8kp25q47hv7k075rko3583fg@google.com',180,1,30,1),(264,NULL,219,17,12,NULL,'2018-03-03','18:00:00','https://codabra.amocrm.ru/leads/pipeline/592459/?filter%5Bcf%5D%5B190651%5D=442104&filter%5Bcf%5D%5B190053%5D=413847&filter%5Bcf%5D%5B190049%5D%5Bfrom%5D=3.03.2018&filter%5Bcf%5D%5B190049%5D%5Bto%5D=3.03.2018&filter%5Btags_logic%5D=or&useFilter=y','k9l99502n2v9pdlj953hj20elg@google.com',180,1,12,1),(265,NULL,220,17,6,NULL,'2018-03-17','14:30:00','https://codabra.amocrm.ru/leads/pipeline/592459/?filter%5Bcf%5D%5B190651%5D=442102&filter%5Bcf%5D%5B190053%5D=413833&filter%5Bcf%5D%5B190049%5D%5Bfrom%5D=17.03.2018&filter%5Bcf%5D%5B190049%5D%5Bto%5D=17.03.2018&filter%5Btags_logic%5D=or&useFilter=y','693iqkskngsqg6bared05tl6us@google.com',180,1,12,1),(266,NULL,221,17,5,NULL,'2018-04-15','11:00:00','https://codabra.amocrm.ru/leads/pipeline/826213/?filter%5Bcf%5D%5B190651%5D=442094&filter%5Bcf%5D%5B190053%5D=413819&filter%5Bcf%5D%5B190049%5D%5Bfrom%5D=15.04.2018&filter%5Bcf%5D%5B190049%5D%5Bto%5D=15.04.2018&filter%5Btags_logic%5D=or&useFilter=y','0140oht1nb4flpkkdc76jfrkqk@google.com',180,1,12,1),(267,NULL,213,27,6,20,'2018-03-18','11:00:00','https://codabra.amocrm.ru/leads/pipeline/592459/?filter%5Bcf%5D%5B190651%5D=444776&filter%5Bcf%5D%5B190053%5D=413819&filter%5Bcf%5D%5B190049%5D%5Bfrom%5D=18.03.2018&filter%5Bcf%5D%5B190049%5D%5Bto%5D=18.03.2018&filter%5Btags_logic%5D=or&useFilter=y','2mfjlmirt5bgd168epccr8ad98@google.com',180,NULL,30,1),(268,NULL,222,13,9,29,'2018-03-04','16:45:00','https://codabra.amocrm.ru/leads/pipeline/912136/?filter%5Bcf%5D%5B190651%5D=442090&filter%5Bcf%5D%5B190053%5D=415249&filter%5Bcf%5D%5B190049%5D%5Bfrom%5D=4.03.2018&filter%5Bcf%5D%5B190049%5D%5Bto%5D=4.03.2018&filter%5Btags_logic%5D=or&useFilter=y','i0pbh1r19079i40blo1i26ent0@google.com',180,1,12,1),(269,NULL,215,27,7,16,'2018-03-17','11:00:00','https://codabra.amocrm.ru/leads/pipeline/592459/?filter%5Bcf%5D%5B190651%5D=444772&filter%5Bcf%5D%5B190053%5D=413819&filter%5Bcf%5D%5B190049%5D%5Bfrom%5D=17.03.2018&filter%5Bcf%5D%5B190049%5D%5Bto%5D=17.03.2018&filter%5Btags_logic%5D=or&useFilter=y','v4lobac4efl3gciel8eiibiupk@google.com',180,NULL,30,1),(270,NULL,223,13,10,29,'2018-03-04','13:30:00','https://codabra.amocrm.ru/leads/pipeline/592459/?filter%5Bcf%5D%5B190651%5D=442088&filter%5Bcf%5D%5B190053%5D=413829&filter%5Bcf%5D%5B190049%5D%5Bfrom%5D=4.03.2018&filter%5Bcf%5D%5B190049%5D%5Bto%5D=4.03.2018&filter%5Btags_logic%5D=or&useFilter=y','ufvugutqofcmj7g3maijqclpr4@google.com',180,1,12,1),(271,NULL,174,14,9,NULL,'2018-03-17','18:00:00','https://codabra.amocrm.ru/leads/pipeline/592459/?filter%5Bcf%5D%5B190651%5D=439512&filter%5Bcf%5D%5B190053%5D=413847&filter%5Bcf%5D%5B190049%5D%5Bfrom%5D=17.03.2018&filter%5Bcf%5D%5B190049%5D%5Bto%5D=17.03.2018&filter%5Btags_logic%5D=or&useFilter=y','p9utitqhg50j92tgnjsae06o08@google.com',180,1,12,1),(272,NULL,216,27,12,16,'2018-03-17','14:20:00','https://codabra.amocrm.ru/leads/pipeline/592459/?filter%5Bcf%5D%5B190651%5D=444774&filter%5Bcf%5D%5B190053%5D=418381&filter%5Bcf%5D%5B190049%5D%5Bfrom%5D=17.03.2018&filter%5Bcf%5D%5B190049%5D%5Bto%5D=17.03.2018&filter%5Btags_logic%5D=or&useFilter=y','vm7ic17cd68jffv41mgtnu1aa0@google.com',180,NULL,30,1),(273,NULL,217,27,9,53,'2018-03-18','17:40:00','https://codabra.amocrm.ru/leads/pipeline/592459/?filter%5Bcf%5D%5B190651%5D=444778&filter%5Bcf%5D%5B190053%5D=436477&filter%5Bcf%5D%5B190049%5D%5Bfrom%5D=18.03.2018&filter%5Bcf%5D%5B190049%5D%5Bto%5D=18.03.2018&filter%5Btags_logic%5D=or&useFilter=y','1hl4q4mn6bu185g88v8tbdaahk@google.com',180,NULL,30,1),(274,NULL,218,27,16,20,'2018-03-18','14:20:00','https://codabra.amocrm.ru/leads/pipeline/592459/?filter%5Bcf%5D%5B190651%5D=444780&filter%5Bcf%5D%5B190053%5D=418381&filter%5Bcf%5D%5B190049%5D%5Bfrom%5D=18.03.2018&filter%5Bcf%5D%5B190049%5D%5Bto%5D=18.03.2018&filter%5Btags_logic%5D=or&useFilter=y','p39dasjod8dvf455a32c7043ao@google.com',180,NULL,30,1),(275,NULL,224,14,21,7,'2018-03-31','11:00:00','https://codabra.amocrm.ru/leads/pipeline/592459/?filter%5Bcf%5D%5B190651%5D=445230&filter%5Bcf%5D%5B190053%5D=413819&filter%5Bcf%5D%5B190049%5D%5Bfrom%5D=31.03.2018&filter%5Bcf%5D%5B190049%5D%5Bto%5D=31.03.2018&filter%5Btags_logic%5D=or&useFilter=y','84qsqjq1kpu54n9hje8d1d39dg@google.com',180,1,30,1),(276,NULL,250,18,5,NULL,'2018-04-07','14:30:00','https://codabra.amocrm.ru/leads/pipeline/826213/?filter%5Bcf%5D%5B190651%5D=445630&filter%5Bcf%5D%5B190053%5D=413833&filter%5Bcf%5D%5B190049%5D%5Bfrom%5D=7.04.2018&filter%5Bcf%5D%5B190049%5D%5Bto%5D=7.04.2018&filter%5Btags_logic%5D=or&useFilter=y','asas1ahnjm3m5d4o7t7767q5q8@google.com',180,1,12,1),(277,NULL,256,18,10,NULL,'2018-03-31','18:00:00','https://codabra.amocrm.ru/leads/pipeline/592459/?filter%5Bcf%5D%5B190651%5D=445846&filter%5Bcf%5D%5B190053%5D=413847&filter%5Bcf%5D%5B190049%5D%5Bfrom%5D=31.03.2018&filter%5Bcf%5D%5B190049%5D%5Bto%5D=31.03.2018&filter%5Btags_logic%5D=or&useFilter=y','8jto7g7nltvfl5ju7vmfn1kg2c@google.com',180,1,12,1),(278,NULL,257,17,13,NULL,'2018-03-25','18:00:00','https://codabra.amocrm.ru/leads/pipeline/826213/?filter%5Bcf%5D%5B190651%5D=445860&filter%5Bcf%5D%5B190053%5D=413847&filter%5Bcf%5D%5B190049%5D%5Bfrom%5D=25.03.2018&filter%5Bcf%5D%5B190049%5D%5Bto%5D=25.03.2018&filter%5Btags_logic%5D=or&useFilter=y','ph0bnm69njn7s2blmcnq5bst48@google.com',180,1,12,1),(279,NULL,258,21,4,NULL,'2018-04-08','14:30:00','https://codabra.amocrm.ru/leads/pipeline/592459/?filter%5Bcf%5D%5B190651%5D=446198&filter%5Bcf%5D%5B190053%5D=413833&filter%5Bcf%5D%5B190049%5D%5Bfrom%5D=8.04.2018&filter%5Bcf%5D%5B190049%5D%5Bto%5D=8.04.2018&filter%5Btags_logic%5D=or&useFilter=y','0e3bfi088cvpftecnd757pkpno@google.com',180,1,50,1),(281,NULL,265,14,4,NULL,'2018-04-22','11:00:00','https://codabra.amocrm.ru/leads/pipeline/592459/?filter%5Bcf%5D%5B190651%5D=446336&filter%5Bcf%5D%5B190053%5D=413819&filter%5Bcf%5D%5B190049%5D%5Bfrom%5D=22.04.2018&filter%5Bcf%5D%5B190049%5D%5Bto%5D=22.04.2018&filter%5Btags_logic%5D=or&useFilter=y','6uaf6nu374htftkt50t09kqdek@google.com',180,1,30,1),(282,NULL,266,17,4,42,'2018-04-07','11:00:00','https://codabra.amocrm.ru/leads/pipeline/798337/?filter%5Bcf%5D%5B190651%5D=446340&filter%5Bcf%5D%5B190053%5D=413819&filter%5Bcf%5D%5B190049%5D%5Bfrom%5D=7.04.2018&filter%5Bcf%5D%5B190049%5D%5Bto%5D=7.04.2018&filter%5Btags_logic%5D=or&useFilter=y','ueadjufj655a9j2nccg00238uc@google.com',180,1,30,1),(284,NULL,269,28,22,NULL,'2018-04-14','14:30:00','https://codabra.amocrm.ru/leads/pipeline/826213/?filter%5Bcf%5D%5B190651%5D=447532&filter%5Bcf%5D%5B190053%5D=413833&filter%5Bcf%5D%5B190049%5D%5Bfrom%5D=7.04.2018&filter%5Bcf%5D%5B190049%5D%5Bto%5D=7.04.2018&filter%5Btags_logic%5D=or&useFilter=y','ip8ht8i2340fdepseanu9d71po@google.com',180,1,30,1),(286,NULL,267,29,6,NULL,'2018-04-06','17:00:00','https://codabra.amocrm.ru/leads/pipeline/997494/?filter%5Bcf%5D%5B190651%5D=446812&filter%5Bcf%5D%5B190053%5D=413843&filter%5Bcf%5D%5B190049%5D%5Bfrom%5D=6.04.2018&filter%5Bcf%5D%5B190049%5D%5Bto%5D=6.04.2018&filter%5Btags_logic%5D=or&useFilter=y','emhofpot20pe57gt8m0ggam2fo@google.com',180,1,13,1),(287,NULL,270,29,7,NULL,'2018-04-06','17:00:00','https://codabra.amocrm.ru/leads/pipeline/997494/?filter%5Bcf%5D%5B190651%5D=undefined&filter%5Bcf%5D%5B190053%5D=413843&filter%5Bcf%5D%5B190049%5D%5Bfrom%5D=6.04.2018&filter%5Bcf%5D%5B190049%5D%5Bto%5D=6.04.2018&filter%5Btags_logic%5D=or&useFilter=y','onm5n4g23vvcpcu8pqnu7e2o20@google.com',180,1,15,1),(288,NULL,271,29,23,NULL,'2018-04-06','18:30:00','https://codabra.amocrm.ru/leads/pipeline/997494/?filter%5Bcf%5D%5B190651%5D=446816&filter%5Bcf%5D%5B190053%5D=413849&filter%5Bcf%5D%5B190049%5D%5Bfrom%5D=6.04.2018&filter%5Bcf%5D%5B190049%5D%5Bto%5D=6.04.2018&filter%5Btags_logic%5D=or&useFilter=y','l9du5rapk6jbim55vaq8k07dbc@google.com',180,1,10,1),(289,NULL,272,29,12,NULL,'2018-04-06','18:30:00','https://codabra.amocrm.ru/leads/pipeline/997494/?filter%5Bcf%5D%5B190651%5D=446818&filter%5Bcf%5D%5B190053%5D=413849&filter%5Bcf%5D%5B190049%5D%5Bfrom%5D=6.04.2018&filter%5Bcf%5D%5B190049%5D%5Bto%5D=6.04.2018&filter%5Btags_logic%5D=or&useFilter=y','4l81fv6e1q101pko9gtn0f87a0@google.com',180,1,10,1),(290,NULL,273,29,24,NULL,'2018-04-06','18:30:00','https://codabra.amocrm.ru/leads/pipeline/997494/?filter%5Bcf%5D%5B190651%5D=446820&filter%5Bcf%5D%5B190053%5D=413849&filter%5Bcf%5D%5B190049%5D%5Bfrom%5D=6.04.2018&filter%5Bcf%5D%5B190049%5D%5Bto%5D=6.04.2018&filter%5Btags_logic%5D=or&useFilter=y','i83beeap7u8t4klmjl498rqut0@google.com',180,1,12,1),(291,NULL,274,29,25,NULL,'2018-04-06','18:30:00','https://codabra.amocrm.ru/leads/pipeline/997494/?filter%5Bcf%5D%5B190651%5D=446822&filter%5Bcf%5D%5B190053%5D=413849&filter%5Bcf%5D%5B190049%5D%5Bfrom%5D=6.04.2018&filter%5Bcf%5D%5B190049%5D%5Bto%5D=6.04.2018&filter%5Btags_logic%5D=or&useFilter=y','27s3mecf9mtpkajj4lut5glous@google.com',180,1,10,1),(292,NULL,275,29,26,NULL,'2018-04-06','18:30:00','https://codabra.amocrm.ru/leads/pipeline/997494/?filter%5Bcf%5D%5B190651%5D=undefined&filter%5Bcf%5D%5B190053%5D=413849&filter%5Bcf%5D%5B190049%5D%5Bfrom%5D=6.04.2018&filter%5Bcf%5D%5B190049%5D%5Bto%5D=6.04.2018&filter%5Btags_logic%5D=or&useFilter=y','l5glunud274jgjudb0m0fsul50@google.com',180,1,10,1),(293,NULL,276,29,27,NULL,'2018-04-06','18:30:00','https://codabra.amocrm.ru/leads/pipeline/997494/?filter%5Bcf%5D%5B190651%5D=446826&filter%5Bcf%5D%5B190053%5D=413849&filter%5Bcf%5D%5B190049%5D%5Bfrom%5D=6.04.2018&filter%5Bcf%5D%5B190049%5D%5Bto%5D=6.04.2018&filter%5Btags_logic%5D=or&useFilter=y','qiode9d94vl21ho6111ml4be94@google.com',180,1,7,1),(294,NULL,259,16,6,57,'2018-04-01','11:00:00','https://codabra.amocrm.ru/leads/pipeline/592459/?filter%5Bcf%5D%5B190651%5D=446324&filter%5Bcf%5D%5B190053%5D=413819&filter%5Bcf%5D%5B190049%5D%5Bfrom%5D=1.04.2018&filter%5Bcf%5D%5B190049%5D%5Bto%5D=1.04.2018&filter%5Btags_logic%5D=or&useFilter=y','1sf3qbpknv3h1cm9mce4epji5k@google.com',180,2,50,1),(295,NULL,260,27,12,58,'2018-04-07','17:40:00','https://codabra.amocrm.ru/leads/pipeline/592459/?filter%5Bcf%5D%5B190651%5D=446326&filter%5Bcf%5D%5B190053%5D=436477&filter%5Bcf%5D%5B190049%5D%5Bfrom%5D=7.04.2018&filter%5Bcf%5D%5B190049%5D%5Bto%5D=7.04.2018&filter%5Btags_logic%5D=or&useFilter=y','4ng1t750jkk212bj040jolshhk@google.com',180,2,50,1),(296,NULL,261,22,7,19,'2018-04-01','11:00:00',NULL,NULL,180,NULL,50,1),(297,NULL,262,22,12,60,'2018-04-08','14:20:00','https://codabra.amocrm.ru/leads/pipeline/592459/?filter%5Bcf%5D%5B190651%5D=446330&filter%5Bcf%5D%5B190053%5D=418381&filter%5Bcf%5D%5B190049%5D%5Bfrom%5D=8.04.2018&filter%5Bcf%5D%5B190049%5D%5Bto%5D=8.04.2018&filter%5Btags_logic%5D=or&useFilter=y','35egr2vibj703tmdeg9g6p1v3o@google.com',180,2,40,1),(298,NULL,261,22,7,19,'2018-04-01','11:00:00','https://codabra.amocrm.ru/leads/pipeline/592459/?filter%5Bcf%5D%5B190651%5D=446328&filter%5Bcf%5D%5B190053%5D=413819&filter%5Bcf%5D%5B190049%5D%5Bfrom%5D=1.04.2018&filter%5Bcf%5D%5B190049%5D%5Bto%5D=1.04.2018&filter%5Btags_logic%5D=or&useFilter=y','vnb8hqt913qtem5gpuvss0q4qk@google.com',180,2,50,1),(299,NULL,263,16,9,21,'2018-04-07','14:20:00','https://codabra.amocrm.ru/leads/pipeline/592459/?filter%5Bcf%5D%5B190651%5D=446332&filter%5Bcf%5D%5B190053%5D=418381&filter%5Bcf%5D%5B190049%5D%5Bfrom%5D=7.04.2018&filter%5Bcf%5D%5B190049%5D%5Bto%5D=7.04.2018&filter%5Btags_logic%5D=or&useFilter=y','9uh3nglhjutchvucb2je82nu6s@google.com',180,2,60,1),(300,NULL,268,16,7,59,'2018-04-07','11:00:00','https://codabra.amocrm.ru/leads/pipeline/592459/?filter%5Bcf%5D%5B190651%5D=446874&filter%5Bcf%5D%5B190053%5D=413819&filter%5Bcf%5D%5B190049%5D%5Bfrom%5D=7.04.2018&filter%5Bcf%5D%5B190049%5D%5Bto%5D=7.04.2018&filter%5Btags_logic%5D=or&useFilter=y','77p1menv3bhtrb1vha5s84gr4k@google.com',180,2,60,1),(301,NULL,277,28,6,NULL,'2018-04-08','13:40:00','https://codabra.amocrm.ru/leads/pipeline/592459/?filter%5Bcf%5D%5B190651%5D=446876&filter%5Bcf%5D%5B190053%5D=446890&filter%5Bcf%5D%5B190049%5D%5Bfrom%5D=8.04.2018&filter%5Bcf%5D%5B190049%5D%5Bto%5D=8.04.2018&filter%5Btags_logic%5D=or&useFilter=y','0oqsk94isic5g20kt84gh89v8s@google.com',180,1,30,1),(302,NULL,278,28,9,NULL,'2018-04-08','17:00:00','https://codabra.amocrm.ru/leads/pipeline/592459/?filter%5Bcf%5D%5B190651%5D=446878&filter%5Bcf%5D%5B190053%5D=413843&filter%5Bcf%5D%5B190049%5D%5Bfrom%5D=8.04.2018&filter%5Bcf%5D%5B190049%5D%5Bto%5D=8.04.2018&filter%5Btags_logic%5D=or&useFilter=y','jnu26jrm5qpseg4jg6km0iprb0@google.com',180,1,30,1),(304,NULL,279,28,12,NULL,'2018-04-07','18:00:00','https://codabra.amocrm.ru/leads/pipeline/592459/?filter%5Bcf%5D%5B190651%5D=447480&filter%5Bcf%5D%5B190053%5D=413847&filter%5Bcf%5D%5B190049%5D%5Bfrom%5D=7.04.2018&filter%5Bcf%5D%5B190049%5D%5Bto%5D=7.04.2018&filter%5Btags_logic%5D=or&useFilter=y','jsdh3cmc5fg2me1php1j7n716g@google.com',180,1,30,1),(305,NULL,280,14,8,NULL,'2018-04-07','11:00:00','https://codabra.amocrm.ru/leads/pipeline/826213/?filter%5Bcf%5D%5B190651%5D=447710&filter%5Bcf%5D%5B190053%5D=413819&filter%5Bcf%5D%5B190049%5D%5Bfrom%5D=7.04.2018&filter%5Bcf%5D%5B190049%5D%5Bto%5D=7.04.2018&filter%5Btags_logic%5D=or&useFilter=y','c8lbo5tg8eki8hnlob58qv6p3k@google.com',180,1,12,1),(306,NULL,281,17,22,25,'2018-04-07','11:00:00','https://codabra.amocrm.ru/leads/pipeline/592459/?filter%5Bcf%5D%5B190651%5D=447712&filter%5Bcf%5D%5B190053%5D=413819&filter%5Bcf%5D%5B190049%5D%5Bfrom%5D=7.04.2018&filter%5Bcf%5D%5B190049%5D%5Bto%5D=7.04.2018&filter%5Btags_logic%5D=or&useFilter=y','edl03lmj42h2n4aksukhm6blvc@google.com',180,1,30,1),(307,NULL,282,14,22,NULL,'2018-04-07','14:30:00','https://codabra.amocrm.ru/leads/pipeline/592459/?filter%5Bcf%5D%5B190651%5D=447728&filter%5Bcf%5D%5B190053%5D=413833&filter%5Bcf%5D%5B190049%5D%5Bfrom%5D=7.04.2018&filter%5Bcf%5D%5B190049%5D%5Bto%5D=7.04.2018&filter%5Btags_logic%5D=or&useFilter=y','p0i59fi2n4r9pbsdqgbdep8u6k@google.com',180,1,23,1),(308,NULL,283,14,6,NULL,'2018-04-07','11:00:00','https://codabra.amocrm.ru/leads/pipeline/592459/?filter%5Bcf%5D%5B190651%5D=447730&filter%5Bcf%5D%5B190053%5D=413819&filter%5Bcf%5D%5B190049%5D%5Bfrom%5D=7.04.2018&filter%5Bcf%5D%5B190049%5D%5Bto%5D=7.04.2018&filter%5Btags_logic%5D=or&useFilter=y','5gcu6e45urr0l3rq6bd60csod0@google.com',180,1,30,1),(309,NULL,284,14,10,NULL,'2018-04-07','18:00:00','https://codabra.amocrm.ru/leads/pipeline/826213/?filter%5Bcf%5D%5B190651%5D=447754&filter%5Bcf%5D%5B190053%5D=413847&filter%5Bcf%5D%5B190049%5D%5Bfrom%5D=7.04.2018&filter%5Bcf%5D%5B190049%5D%5Bto%5D=7.04.2018&filter%5Btags_logic%5D=or&useFilter=y','hi14hn7v7o2trhok6akmccqfvo@google.com',NULL,1,12,1),(310,NULL,285,20,14,47,'2018-03-24','14:30:00',NULL,'tudhnn99b6pbpc4l5b131q3jn8@google.com',180,1,10,1),(311,NULL,286,14,13,NULL,'2018-04-14','14:30:00','https://codabra.amocrm.ru/leads/pipeline/826213/?filter%5Bcf%5D%5B190651%5D=447760&filter%5Bcf%5D%5B190053%5D=413833&filter%5Bcf%5D%5B190049%5D%5Bfrom%5D=14.04.2018&filter%5Bcf%5D%5B190049%5D%5Bto%5D=14.04.2018&filter%5Btags_logic%5D=or&useFilter=y','cupq4a6fgn1cvv42smavnb59vs@google.com',180,1,10,1),(313,NULL,288,13,12,12,'2018-04-14','14:00:00','https://codabra.amocrm.ru/leads/pipeline/592459/?filter%5Bcf%5D%5B190651%5D=448056&filter%5Bcf%5D%5B190053%5D=413831&filter%5Bcf%5D%5B190049%5D%5Bfrom%5D=14.04.2018&filter%5Bcf%5D%5B190049%5D%5Bto%5D=14.04.2018&filter%5Btags_logic%5D=or&useFilter=y','i4ceechrsus0ao969nqstqes88@google.com',180,1,30,1),(314,NULL,289,30,28,51,'2018-06-04','09:00:00','https://codabra.amocrm.ru/leads/pipeline/798337/?filter%5Bcf%5D%5B190651%5D=448112&filter%5Bcf%5D%5B190053%5D=448116&filter%5Bcf%5D%5B190049%5D%5Bfrom%5D=4.06.2018&filter%5Bcf%5D%5B190049%5D%5Bto%5D=4.06.2018&filter%5Btags_logic%5D=or&useFilter=y','si4elu6ukbeltp5cg77e21bm24@google.com',180,1,15,1),(315,NULL,290,14,14,NULL,'2018-04-21','18:00:00','https://codabra.amocrm.ru/leads/pipeline/826213/?filter%5Bcf%5D%5B190651%5D=448432&filter%5Bcf%5D%5B190053%5D=413847&filter%5Bcf%5D%5B190049%5D%5Bfrom%5D=21.04.2018&filter%5Bcf%5D%5B190049%5D%5Bto%5D=21.04.2018&filter%5Btags_logic%5D=or&useFilter=y','da5q2flp18f407fv99cpqfa5i4@google.com',180,1,10,1),(316,NULL,291,22,8,44,'2018-04-07','11:00:00','https://codabra.amocrm.ru/leads/pipeline/826213/?filter%5Bcf%5D%5B190651%5D=448470&filter%5Bcf%5D%5B190053%5D=413819&filter%5Bcf%5D%5B190049%5D%5Bfrom%5D=7.04.2018&filter%5Bcf%5D%5B190049%5D%5Bto%5D=7.04.2018&filter%5Btags_logic%5D=or&useFilter=y','posvihve3l0unq76r0utu2jhfo@google.com',180,2,20,1),(317,NULL,292,22,5,53,'2018-04-07','14:20:00','https://codabra.amocrm.ru/leads/pipeline/826213/?filter%5Bcf%5D%5B190651%5D=448472&filter%5Bcf%5D%5B190053%5D=418381&filter%5Bcf%5D%5B190049%5D%5Bfrom%5D=7.04.2018&filter%5Bcf%5D%5B190049%5D%5Bto%5D=7.04.2018&filter%5Btags_logic%5D=or&useFilter=y','v57n6t5ao4j5iuc5ko6c6tkagk@google.com',180,2,20,1),(318,NULL,287,17,9,33,'2018-04-15','11:00:00','https://codabra.amocrm.ru/leads/pipeline/592459/?filter%5Bcf%5D%5B190651%5D=447822&filter%5Bcf%5D%5B190053%5D=413819&filter%5Bcf%5D%5B190049%5D%5Bfrom%5D=15.04.2018&filter%5Bcf%5D%5B190049%5D%5Bto%5D=15.04.2018&filter%5Btags_logic%5D=or&useFilter=y','khvlcq2mr049sb5pt80831q1ak@google.com',180,1,40,1),(319,NULL,293,22,13,44,'2018-04-07','17:40:00','https://codabra.amocrm.ru/leads/pipeline/826213/?filter%5Bcf%5D%5B190651%5D=448474&filter%5Bcf%5D%5B190053%5D=436477&filter%5Bcf%5D%5B190049%5D%5Bfrom%5D=7.04.2018&filter%5Bcf%5D%5B190049%5D%5Bto%5D=7.04.2018&filter%5Btags_logic%5D=or&useFilter=y','70d03012e1s82slb2tvo5qs1j0@google.com',180,2,20,1),(320,NULL,294,16,14,22,'2018-04-08','17:40:00','https://codabra.amocrm.ru/leads/pipeline/826213/?filter%5Bcf%5D%5B190651%5D=448476&filter%5Bcf%5D%5B190053%5D=436477&filter%5Bcf%5D%5B190049%5D%5Bfrom%5D=8.04.2018&filter%5Bcf%5D%5B190049%5D%5Bto%5D=8.04.2018&filter%5Btags_logic%5D=or&useFilter=y','kuhtfbsr22cu6bva5m43oabkjc@google.com',180,2,20,1),(322,NULL,295,13,21,7,'2018-04-22','10:15:00','https://codabra.amocrm.ru/leads/pipeline/592459/?filter%5Bcf%5D%5B190651%5D=448482&filter%5Bcf%5D%5B190053%5D=415223&filter%5Bcf%5D%5B190049%5D%5Bfrom%5D=22.04.2018&filter%5Bcf%5D%5B190049%5D%5Bto%5D=22.04.2018&filter%5Btags_logic%5D=or&useFilter=y','bthkn4hlpploh4t5ocgshk5cbg@google.com',180,1,30,1),(323,NULL,296,13,6,36,'2018-04-21','10:30:00','https://codabra.amocrm.ru/leads/pipeline/592459/?filter%5Bcf%5D%5B190651%5D=420741&filter%5Bcf%5D%5B190053%5D=413817&filter%5Bcf%5D%5B190049%5D%5Bfrom%5D=21.04.2018&filter%5Bcf%5D%5B190049%5D%5Bto%5D=21.04.2018&filter%5Btags_logic%5D=or&useFilter=y','smfk4j2kvhhahn2ghhd5fee7ug@google.com',180,1,35,1),(324,NULL,297,13,27,35,'2019-01-01','04:00:00','https://codabra.amocrm.ru/leads/pipeline/1005492/?filter%5Bcf%5D%5B190651%5D=undefined&filter%5Bcf%5D%5B190053%5D=undefined&filter%5Bcf%5D%5B190049%5D%5Bfrom%5D=1.01.2019&filter%5Bcf%5D%5B190049%5D%5Bto%5D=1.01.2019&filter%5Btags_logic%5D=or&useFilter=y','u67bu68660u9be0ddukn742cr4@google.com',600,1,20,1),(325,NULL,298,18,12,12,'2018-04-22','14:30:00','https://codabra.amocrm.ru/leads/pipeline/592459/?filter%5Bcf%5D%5B190651%5D=448656&filter%5Bcf%5D%5B190053%5D=413833&filter%5Bcf%5D%5B190049%5D%5Bfrom%5D=22.04.2018&filter%5Bcf%5D%5B190049%5D%5Bto%5D=22.04.2018&filter%5Btags_logic%5D=or&useFilter=y','1q6gq3qg47a42rphagi89tfcs0@google.com',180,1,32,1),(326,NULL,299,16,6,57,'2018-04-22','14:20:00','https://codabra.amocrm.ru/leads/pipeline/592459/?filter%5Bcf%5D%5B190651%5D=449096&filter%5Bcf%5D%5B190053%5D=418381&filter%5Bcf%5D%5B190049%5D%5Bfrom%5D=22.04.2018&filter%5Bcf%5D%5B190049%5D%5Bto%5D=22.04.2018&filter%5Btags_logic%5D=or&useFilter=y','k538dje96t7ebme7qi8ai3vhqc@google.com',180,2,60,1),(327,NULL,300,13,13,NULL,'2018-04-22','16:45:00','https://codabra.amocrm.ru/leads/pipeline/826213/?filter%5Bcf%5D%5B190651%5D=449094&filter%5Bcf%5D%5B190053%5D=415249&filter%5Bcf%5D%5B190049%5D%5Bfrom%5D=22.04.2018&filter%5Bcf%5D%5B190049%5D%5Bto%5D=22.04.2018&filter%5Btags_logic%5D=or&useFilter=y','u4t0qg489vnbhgu4j89v1p8umc@google.com',180,1,12,1),(328,NULL,301,16,12,22,'2018-04-21','17:40:00','https://codabra.amocrm.ru/leads/pipeline/592459/?filter%5Bcf%5D%5B190651%5D=449098&filter%5Bcf%5D%5B190053%5D=436477&filter%5Bcf%5D%5B190049%5D%5Bfrom%5D=21.04.2018&filter%5Bcf%5D%5B190049%5D%5Bto%5D=21.04.2018&filter%5Btags_logic%5D=or&useFilter=y','45lsrve02744ea3baoa1ocoin8@google.com',180,2,42,1),(329,NULL,302,22,10,19,'2018-04-08','17:40:00','https://codabra.amocrm.ru/leads/pipeline/826213/?filter%5Bcf%5D%5B190651%5D=449292&filter%5Bcf%5D%5B190053%5D=436477&filter%5Bcf%5D%5B190049%5D%5Bfrom%5D=8.04.2018&filter%5Bcf%5D%5B190049%5D%5Bto%5D=8.04.2018&filter%5Btags_logic%5D=or&useFilter=y','18p64io5u96kcnlsonutj0h278@google.com',180,2,30,1),(330,NULL,303,31,22,NULL,'2018-04-21','14:30:00','https://codabra.amocrm.ru/leads/pipeline/818353/?filter%5Bcf%5D%5B190651%5D=449166&filter%5Bcf%5D%5B190053%5D=413833&filter%5Bcf%5D%5B190049%5D%5Bfrom%5D=21.04.2018&filter%5Bcf%5D%5B190049%5D%5Bto%5D=21.04.2018&filter%5Btags_logic%5D=or&useFilter=y','dbdrgto2nhj1e4chh5srulm6to@google.com',180,1,39,1),(331,NULL,304,31,12,48,'2018-04-21','18:00:00','https://codabra.amocrm.ru/leads/pipeline/798337/?filter%5Bcf%5D%5B190651%5D=449168&filter%5Bcf%5D%5B190053%5D=413847&filter%5Bcf%5D%5B190049%5D%5Bfrom%5D=21.04.2018&filter%5Bcf%5D%5B190049%5D%5Bto%5D=21.04.2018&filter%5Btags_logic%5D=or&useFilter=y','9qpvrj2u55a4q4endg06k634f0@google.com',180,1,30,1),(332,NULL,305,31,6,39,'2018-04-22','11:00:00','https://codabra.amocrm.ru/leads/pipeline/592459/?filter%5Bcf%5D%5B190651%5D=449162&filter%5Bcf%5D%5B190053%5D=413819&filter%5Bcf%5D%5B190049%5D%5Bfrom%5D=22.04.2018&filter%5Bcf%5D%5B190049%5D%5Bto%5D=22.04.2018&filter%5Btags_logic%5D=or&useFilter=y','jar8rv4or5cl2jrc0hrcjna7a8@google.com',180,1,30,1),(333,NULL,306,31,9,39,'2018-04-22','14:30:00','https://codabra.amocrm.ru/leads/pipeline/592459/?filter%5Bcf%5D%5B190651%5D=449164&filter%5Bcf%5D%5B190053%5D=413833&filter%5Bcf%5D%5B190049%5D%5Bfrom%5D=22.04.2018&filter%5Bcf%5D%5B190049%5D%5Bto%5D=22.04.2018&filter%5Btags_logic%5D=or&useFilter=y','jnbir9av64old33eglpkomrljc@google.com',180,1,30,1),(335,NULL,307,24,12,46,'2018-04-22','18:00:00','https://codabra.amocrm.ru/leads/pipeline/592459/?filter%5Bcf%5D%5B190651%5D=449440&filter%5Bcf%5D%5B190053%5D=413847&filter%5Bcf%5D%5B190049%5D%5Bfrom%5D=22.04.2018&filter%5Bcf%5D%5B190049%5D%5Bto%5D=22.04.2018&filter%5Btags_logic%5D=or&useFilter=y','acfl17v7fd0np0ld86ithnmvgk@google.com',180,1,30,1),(337,NULL,309,14,16,30,'2018-04-22','14:30:00','https://codabra.amocrm.ru/leads/pipeline/818353/?filter%5Bcf%5D%5B190651%5D=449548&filter%5Bcf%5D%5B190053%5D=413833&filter%5Bcf%5D%5B190049%5D%5Bfrom%5D=22.04.2018&filter%5Bcf%5D%5B190049%5D%5Bto%5D=22.04.2018&filter%5Btags_logic%5D=or&useFilter=y','l6pibhq1jte40qm06kjelte1cs@google.com',180,1,30,1),(338,NULL,311,13,31,36,'2018-04-21','00:02:00','https://codabra.amocrm.ru/leads/pipeline/1005492/?filter%5Bcf%5D%5B190651%5D=undefined&filter%5Bcf%5D%5B190053%5D=undefined&filter%5Bcf%5D%5B190049%5D%5Bfrom%5D=21.04.2018&filter%5Bcf%5D%5B190049%5D%5Bto%5D=21.04.2018&filter%5Btags_logic%5D=or&useFilter=y','am0mclal10sqcb4874l74pbrp4@google.com',3,1,30,1),(339,NULL,312,14,5,54,'2018-04-21','14:30:00','https://codabra.amocrm.ru/leads/pipeline/818353/?filter%5Bcf%5D%5B190651%5D=449674&filter%5Bcf%5D%5B190053%5D=413833&filter%5Bcf%5D%5B190049%5D%5Bfrom%5D=21.04.2018&filter%5Bcf%5D%5B190049%5D%5Bto%5D=21.04.2018&filter%5Btags_logic%5D=or&useFilter=y','afvjgrtu7pap0mfihrotp1jlj4@google.com',180,1,12,1),(340,NULL,313,32,38,NULL,'2018-06-04','09:00:00','https://codabra.amocrm.ru/leads/pipeline/798337/?filter%5Bcf%5D%5B190651%5D=450316&filter%5Bcf%5D%5B190053%5D=448116&filter%5Bcf%5D%5B190049%5D%5Bfrom%5D=4.06.2018&filter%5Bcf%5D%5B190049%5D%5Bto%5D=4.06.2018&filter%5Btags_logic%5D=or&useFilter=y','2r7j5qsj70l6mr4ubb54g4v9bo@google.com',NULL,2,30,1),(341,NULL,314,27,40,NULL,'2018-06-04','09:00:00','https://codabra.amocrm.ru/leads/pipeline/798337/?filter%5Bcf%5D%5B190651%5D=450318&filter%5Bcf%5D%5B190053%5D=448116&filter%5Bcf%5D%5B190049%5D%5Bfrom%5D=4.06.2018&filter%5Bcf%5D%5B190049%5D%5Bto%5D=4.06.2018&filter%5Btags_logic%5D=or&useFilter=y','kacqm6u0kqkjsuijfioeor31dc@google.com',NULL,2,30,1),(342,NULL,315,27,33,NULL,'2018-06-04','09:00:00','https://codabra.amocrm.ru/leads/pipeline/798337/?filter%5Bcf%5D%5B190651%5D=450320&filter%5Bcf%5D%5B190053%5D=448116&filter%5Bcf%5D%5B190049%5D%5Bfrom%5D=4.06.2018&filter%5Bcf%5D%5B190049%5D%5Bto%5D=4.06.2018&filter%5Btags_logic%5D=or&useFilter=y','lu7bcemscuv868l8tdjqrn5pa4@google.com',NULL,2,30,1),(343,NULL,316,32,34,NULL,'2018-06-11','09:00:00','https://codabra.amocrm.ru/leads/pipeline/592459/?filter%5Bcf%5D%5B190651%5D=450322&filter%5Bcf%5D%5B190053%5D=448116&filter%5Bcf%5D%5B190049%5D%5Bfrom%5D=11.06.2018&filter%5Bcf%5D%5B190049%5D%5Bto%5D=11.06.2018&filter%5Btags_logic%5D=or&useFilter=y','bkj80q4q9b6olrrqa188b3dn7g@google.com',NULL,2,30,1),(344,NULL,317,32,35,NULL,'2018-06-11','09:00:00','https://codabra.amocrm.ru/leads/pipeline/798337/?filter%5Bcf%5D%5B190651%5D=450324&filter%5Bcf%5D%5B190053%5D=448116&filter%5Bcf%5D%5B190049%5D%5Bfrom%5D=11.06.2018&filter%5Bcf%5D%5B190049%5D%5Bto%5D=11.06.2018&filter%5Btags_logic%5D=or&useFilter=y','jkrt1kcfukdamhi5nm6aeqkvus@google.com',NULL,2,30,1),(345,NULL,318,47,39,NULL,'2018-06-11','09:00:00','https://codabra.amocrm.ru/leads/pipeline/798337/?filter%5Bcf%5D%5B190651%5D=450326&filter%5Bcf%5D%5B190053%5D=448116&filter%5Bcf%5D%5B190049%5D%5Bfrom%5D=11.06.2018&filter%5Bcf%5D%5B190049%5D%5Bto%5D=11.06.2018&filter%5Btags_logic%5D=or&useFilter=y','p64ou19tludm79t7kme8isvue4@google.com',NULL,2,30,1),(346,NULL,319,32,37,NULL,'2018-06-18','09:00:00','https://codabra.amocrm.ru/leads/pipeline/798337/?filter%5Bcf%5D%5B190651%5D=450328&filter%5Bcf%5D%5B190053%5D=448116&filter%5Bcf%5D%5B190049%5D%5Bfrom%5D=18.06.2018&filter%5Bcf%5D%5B190049%5D%5Bto%5D=18.06.2018&filter%5Btags_logic%5D=or&useFilter=y','mvefoeph72nn0ld0o3rlhkvm48@google.com',NULL,2,30,1),(347,NULL,320,32,33,NULL,'2018-06-18','09:00:00','https://codabra.amocrm.ru/leads/pipeline/798337/?filter%5Bcf%5D%5B190651%5D=450330&filter%5Bcf%5D%5B190053%5D=448116&filter%5Bcf%5D%5B190049%5D%5Bfrom%5D=18.06.2018&filter%5Bcf%5D%5B190049%5D%5Bto%5D=18.06.2018&filter%5Btags_logic%5D=or&useFilter=y','9q4t5mrapn6rep8gf0ikclvan0@google.com',NULL,2,30,1),(348,NULL,321,27,32,NULL,'2018-06-18','09:00:00','https://codabra.amocrm.ru/leads/pipeline/798337/?filter%5Bcf%5D%5B190651%5D=450332&filter%5Bcf%5D%5B190053%5D=448116&filter%5Bcf%5D%5B190049%5D%5Bfrom%5D=18.06.2018&filter%5Bcf%5D%5B190049%5D%5Bto%5D=18.06.2018&filter%5Btags_logic%5D=or&useFilter=y','drbubop01afqok9uklrl6svib8@google.com',NULL,2,15,1),(349,NULL,322,32,32,NULL,'2018-06-25','09:00:00','https://codabra.amocrm.ru/leads/pipeline/798337/?filter%5Bcf%5D%5B190651%5D=450334&filter%5Bcf%5D%5B190053%5D=448116&filter%5Bcf%5D%5B190049%5D%5Bfrom%5D=25.06.2018&filter%5Bcf%5D%5B190049%5D%5Bto%5D=25.06.2018&filter%5Btags_logic%5D=or&useFilter=y','gp2k3lod45sevpnfgle3m53fr8@google.com',NULL,2,30,1),(350,NULL,323,32,36,NULL,'2018-06-25','09:00:00','https://codabra.amocrm.ru/leads/pipeline/798337/?filter%5Bcf%5D%5B190651%5D=450336&filter%5Bcf%5D%5B190053%5D=448116&filter%5Bcf%5D%5B190049%5D%5Bfrom%5D=25.06.2018&filter%5Bcf%5D%5B190049%5D%5Bto%5D=25.06.2018&filter%5Btags_logic%5D=or&useFilter=y','9uc6n8qrqac610dh42rughs1c8@google.com',NULL,2,30,1),(351,NULL,325,27,38,NULL,'2018-06-25','09:00:00','https://codabra.amocrm.ru/leads/pipeline/798337/?filter%5Bcf%5D%5B190651%5D=450338&filter%5Bcf%5D%5B190053%5D=448116&filter%5Bcf%5D%5B190049%5D%5Bfrom%5D=25.06.2018&filter%5Bcf%5D%5B190049%5D%5Bto%5D=25.06.2018&filter%5Btags_logic%5D=or&useFilter=y','78lvk9ugalcpt7c0mpbv32g00s@google.com',NULL,2,15,1),(353,NULL,NULL,32,40,NULL,'2018-07-02','09:00:00',NULL,'4pi9a54gp1ih1cgscpg0qqmm58@google.com',NULL,2,0,1),(354,NULL,328,47,33,NULL,'2018-07-02','09:00:00','https://codabra.amocrm.ru/leads/pipeline/798337/?filter%5Bcf%5D%5B190651%5D=450344&filter%5Bcf%5D%5B190053%5D=448116&filter%5Bcf%5D%5B190049%5D%5Bfrom%5D=2.07.2018&filter%5Bcf%5D%5B190049%5D%5Bto%5D=2.07.2018&filter%5Btags_logic%5D=or&useFilter=y','55l7g04malq1hiq6lm5684psjo@google.com',NULL,2,30,1),(355,NULL,329,45,34,NULL,'2018-07-09','09:00:00','https://codabra.amocrm.ru/leads/pipeline/798337/?filter%5Bcf%5D%5B190651%5D=450346&filter%5Bcf%5D%5B190053%5D=448116&filter%5Bcf%5D%5B190049%5D%5Bfrom%5D=9.07.2018&filter%5Bcf%5D%5B190049%5D%5Bto%5D=9.07.2018&filter%5Btags_logic%5D=or&useFilter=y','0jnnarks890ugd0oihpdmsagv0@google.com',NULL,2,20,1),(356,NULL,330,32,35,NULL,'2018-07-09','09:00:00',NULL,'t0oln1r9l4um05aoboas9qc76o@google.com',NULL,2,30,1),(357,NULL,331,47,39,NULL,'2018-07-09','09:00:00','https://codabra.amocrm.ru/leads/pipeline/798337/?filter%5Bcf%5D%5B190651%5D=450350&filter%5Bcf%5D%5B190053%5D=448116&filter%5Bcf%5D%5B190049%5D%5Bfrom%5D=9.07.2018&filter%5Bcf%5D%5B190049%5D%5Bto%5D=9.07.2018&filter%5Btags_logic%5D=or&useFilter=y','97sdr3m2aad7nons8jfactogqg@google.com',NULL,2,30,1),(358,NULL,332,45,37,NULL,'2018-07-16','09:00:00','https://codabra.amocrm.ru/leads/pipeline/798337/?filter%5Bcf%5D%5B190651%5D=455140&filter%5Bcf%5D%5B190053%5D=448116&filter%5Bcf%5D%5B190049%5D%5Bfrom%5D=16.07.2018&filter%5Bcf%5D%5B190049%5D%5Bto%5D=16.07.2018&filter%5Btags_logic%5D=or&useFilter=y','oqjik205bh64l0ssmfkc29208s@google.com',NULL,2,15,1),(359,NULL,333,32,33,NULL,'2018-07-16','09:00:00','https://codabra.amocrm.ru/leads/pipeline/798337/?filter%5Bcf%5D%5B190651%5D=undefined&filter%5Bcf%5D%5B190053%5D=448116&filter%5Bcf%5D%5B190049%5D%5Bfrom%5D=16.07.2018&filter%5Bcf%5D%5B190049%5D%5Bto%5D=16.07.2018&filter%5Btags_logic%5D=or&useFilter=y','eo2e64j6nqc223e7akjeagutt0@google.com',NULL,2,30,1),(360,NULL,334,47,32,NULL,'2018-07-16','09:00:00','https://codabra.amocrm.ru/leads/pipeline/798337/?filter%5Bcf%5D%5B190651%5D=450356&filter%5Bcf%5D%5B190053%5D=448116&filter%5Bcf%5D%5B190049%5D%5Bfrom%5D=16.07.2018&filter%5Bcf%5D%5B190049%5D%5Bto%5D=16.07.2018&filter%5Btags_logic%5D=or&useFilter=y','pctlffofl9shm656j2uno050gc@google.com',NULL,2,30,1),(361,NULL,335,32,32,NULL,'2018-07-23','09:00:00','https://codabra.amocrm.ru/leads/pipeline/798337/?filter%5Bcf%5D%5B190651%5D=450358&filter%5Bcf%5D%5B190053%5D=448116&filter%5Bcf%5D%5B190049%5D%5Bfrom%5D=23.07.2018&filter%5Bcf%5D%5B190049%5D%5Bto%5D=23.07.2018&filter%5Btags_logic%5D=or&useFilter=y','m6v7ahur0i56uphv7v76nq3ta0@google.com',NULL,2,30,1),(362,NULL,336,45,36,NULL,'2018-07-23','09:00:00','https://codabra.amocrm.ru/leads/pipeline/798337/?filter%5Bcf%5D%5B190651%5D=455142&filter%5Bcf%5D%5B190053%5D=448116&filter%5Bcf%5D%5B190049%5D%5Bfrom%5D=23.07.2018&filter%5Bcf%5D%5B190049%5D%5Bto%5D=23.07.2018&filter%5Btags_logic%5D=or&useFilter=y','a7urirpr4dhta0jciofnf3k4pk@google.com',NULL,2,15,1),(364,NULL,338,45,38,NULL,'2018-07-30','09:00:00','https://codabra.amocrm.ru/leads/pipeline/798337/?filter%5Bcf%5D%5B190651%5D=450364&filter%5Bcf%5D%5B190053%5D=448116&filter%5Bcf%5D%5B190049%5D%5Bfrom%5D=30.07.2018&filter%5Bcf%5D%5B190049%5D%5Bto%5D=30.07.2018&filter%5Btags_logic%5D=or&useFilter=y','06u150t7lodqntki69mjr78i8s@google.com',NULL,2,15,1),(365,NULL,339,32,40,NULL,'2018-07-30','09:00:00','https://codabra.amocrm.ru/leads/pipeline/798337/?filter%5Bcf%5D%5B190651%5D=undefined&filter%5Bcf%5D%5B190053%5D=448116&filter%5Bcf%5D%5B190049%5D%5Bfrom%5D=30.07.2018&filter%5Bcf%5D%5B190049%5D%5Bto%5D=30.07.2018&filter%5Btags_logic%5D=or&useFilter=y','5m0sjj0nadp0d34n81kon0os60@google.com',NULL,2,30,1),(366,NULL,340,47,33,NULL,'2018-07-30','09:00:00','https://codabra.amocrm.ru/leads/pipeline/798337/?filter%5Bcf%5D%5B190651%5D=450368&filter%5Bcf%5D%5B190053%5D=448116&filter%5Bcf%5D%5B190049%5D%5Bfrom%5D=30.07.2018&filter%5Bcf%5D%5B190049%5D%5Bto%5D=30.07.2018&filter%5Btags_logic%5D=or&useFilter=y','l99jflr8ufpj1lu1o2sj672h9c@google.com',NULL,2,30,1),(367,NULL,341,45,34,NULL,'2018-08-06','09:00:00','https://codabra.amocrm.ru/leads/pipeline/798337/?filter%5Bcf%5D%5B190651%5D=450370&filter%5Bcf%5D%5B190053%5D=448116&filter%5Bcf%5D%5B190049%5D%5Bfrom%5D=6.08.2018&filter%5Bcf%5D%5B190049%5D%5Bto%5D=6.08.2018&filter%5Btags_logic%5D=or&useFilter=y','hddb7rb13c49mdarksi8g6m7a4@google.com',NULL,2,15,1),(368,NULL,342,32,35,NULL,'2018-08-06','09:00:00',NULL,'r4tj3864ilk9hvkpr3bq0q9mpg@google.com',NULL,2,30,1),(369,NULL,343,47,39,NULL,'2018-08-06','09:00:00','https://codabra.amocrm.ru/leads/pipeline/798337/?filter%5Bcf%5D%5B190651%5D=450374&filter%5Bcf%5D%5B190053%5D=448116&filter%5Bcf%5D%5B190049%5D%5Bfrom%5D=6.08.2018&filter%5Bcf%5D%5B190049%5D%5Bto%5D=6.08.2018&filter%5Btags_logic%5D=or&useFilter=y','tqd1t9ldr9tldnih9k49fb4kdc@google.com',NULL,2,30,1),(370,NULL,344,45,37,NULL,'2018-08-13','09:00:00','https://codabra.amocrm.ru/leads/pipeline/798337/?filter%5Bcf%5D%5B190651%5D=455144&filter%5Bcf%5D%5B190053%5D=448116&filter%5Bcf%5D%5B190049%5D%5Bfrom%5D=13.08.2018&filter%5Bcf%5D%5B190049%5D%5Bto%5D=13.08.2018&filter%5Btags_logic%5D=or&useFilter=y','2dam52214orkcogvi4btkn213g@google.com',NULL,2,15,1),(371,NULL,345,32,33,NULL,'2018-08-13','09:00:00','https://codabra.amocrm.ru/leads/pipeline/798337/?filter%5Bcf%5D%5B190651%5D=450378&filter%5Bcf%5D%5B190053%5D=448116&filter%5Bcf%5D%5B190049%5D%5Bfrom%5D=13.08.2018&filter%5Bcf%5D%5B190049%5D%5Bto%5D=13.08.2018&filter%5Btags_logic%5D=or&useFilter=y',NULL,NULL,2,30,1),(372,NULL,346,47,32,NULL,'2018-08-13','09:00:00','https://codabra.amocrm.ru/leads/pipeline/798337/?filter%5Bcf%5D%5B190651%5D=450380&filter%5Bcf%5D%5B190053%5D=448116&filter%5Bcf%5D%5B190049%5D%5Bfrom%5D=13.08.2018&filter%5Bcf%5D%5B190049%5D%5Bto%5D=13.08.2018&filter%5Btags_logic%5D=or&useFilter=y',NULL,NULL,2,30,1),(373,NULL,347,32,32,NULL,'2018-08-20','09:00:00','https://codabra.amocrm.ru/leads/pipeline/798337/?filter%5Bcf%5D%5B190651%5D=450382&filter%5Bcf%5D%5B190053%5D=448116&filter%5Bcf%5D%5B190049%5D%5Bfrom%5D=20.08.2018&filter%5Bcf%5D%5B190049%5D%5Bto%5D=20.08.2018&filter%5Btags_logic%5D=or&useFilter=y','9m8487gmkttvb95p5o044rhp4c@google.com',NULL,2,30,1),(374,NULL,348,45,36,NULL,'2018-08-20','09:00:00','https://codabra.amocrm.ru/leads/pipeline/798337/?filter%5Bcf%5D%5B190651%5D=450384&filter%5Bcf%5D%5B190053%5D=448116&filter%5Bcf%5D%5B190049%5D%5Bfrom%5D=20.08.2018&filter%5Bcf%5D%5B190049%5D%5Bto%5D=20.08.2018&filter%5Btags_logic%5D=or&useFilter=y','urslh3edigmds86lsv7d3i9qg8@google.com',NULL,2,15,1),(375,NULL,349,47,38,NULL,'2018-08-20','09:00:00','https://codabra.amocrm.ru/leads/pipeline/798337/?filter%5Bcf%5D%5B190651%5D=450386&filter%5Bcf%5D%5B190053%5D=448116&filter%5Bcf%5D%5B190049%5D%5Bfrom%5D=20.08.2018&filter%5Bcf%5D%5B190049%5D%5Bto%5D=20.08.2018&filter%5Btags_logic%5D=or&useFilter=y','bhdcq80s4vlf5j0hc7i6vq0heg@google.com',NULL,2,30,1),(376,NULL,350,32,39,NULL,'2018-08-27','09:00:00',NULL,'8naj5bofrep70r5gukl0jramh8@google.com',NULL,2,30,1),(378,NULL,352,47,40,NULL,'2018-08-27','09:00:00','https://codabra.amocrm.ru/leads/pipeline/798337/?filter%5Bcf%5D%5B190651%5D=450392&filter%5Bcf%5D%5B190053%5D=448116&filter%5Bcf%5D%5B190049%5D%5Bfrom%5D=27.08.2018&filter%5Bcf%5D%5B190049%5D%5Bto%5D=27.08.2018&filter%5Btags_logic%5D=or&useFilter=y','3q4adau2imqscra36mogsu0t5k@google.com',NULL,2,30,1),(379,NULL,353,13,10,NULL,'2018-04-22','13:30:00','https://codabra.amocrm.ru/leads/pipeline/826213/?filter%5Bcf%5D%5B190651%5D=450438&filter%5Bcf%5D%5B190053%5D=413829&filter%5Bcf%5D%5B190049%5D%5Bfrom%5D=22.04.2018&filter%5Bcf%5D%5B190049%5D%5Bto%5D=22.04.2018&filter%5Btags_logic%5D=or&useFilter=y','vc6f2jmrjufpj0k8u6f6m0j160@google.com',180,1,12,1),(380,NULL,354,16,10,19,'2018-04-21','17:40:00','https://codabra.amocrm.ru/leads/pipeline/826213/?filter%5Bcf%5D%5B190651%5D=450640&filter%5Bcf%5D%5B190053%5D=436477&filter%5Bcf%5D%5B190049%5D%5Bfrom%5D=21.04.2018&filter%5Bcf%5D%5B190049%5D%5Bto%5D=21.04.2018&filter%5Btags_logic%5D=or&useFilter=y','mdcposqvpjvtu9q04nb4k15okk@google.com',180,2,20,1),(381,NULL,355,16,13,22,'2018-04-22','14:20:00','https://codabra.amocrm.ru/leads/pipeline/826213/?filter%5Bcf%5D%5B190651%5D=450642&filter%5Bcf%5D%5B190053%5D=418381&filter%5Bcf%5D%5B190049%5D%5Bfrom%5D=22.04.2018&filter%5Bcf%5D%5B190049%5D%5Bto%5D=22.04.2018&filter%5Btags_logic%5D=or&useFilter=y','ibpr9d01qdgkovrq4vru3tctuc@google.com',180,2,20,1),(382,NULL,356,33,46,NULL,'2018-06-04','09:00:00','https://codabra.amocrm.ru/leads/pipeline/798337/?filter%5Bcf%5D%5B190651%5D=451060&filter%5Bcf%5D%5B190053%5D=448116&filter%5Bcf%5D%5B190049%5D%5Bfrom%5D=4.06.2018&filter%5Bcf%5D%5B190049%5D%5Bto%5D=4.06.2018&filter%5Btags_logic%5D=or&useFilter=y','j67ei4cucib6k5a3007hqf523s@google.com',NULL,1,15,1),(383,NULL,357,33,48,NULL,'2018-06-04','09:00:00','https://codabra.amocrm.ru/leads/pipeline/798337/?filter%5Bcf%5D%5B190651%5D=451062&filter%5Bcf%5D%5B190053%5D=448116&filter%5Bcf%5D%5B190049%5D%5Bfrom%5D=4.06.2018&filter%5Bcf%5D%5B190049%5D%5Bto%5D=4.06.2018&filter%5Btags_logic%5D=or&useFilter=y','l6r53kij96aqk3giopj46pcst4@google.com',NULL,1,15,1),(384,NULL,358,13,45,NULL,'2018-06-04','09:00:00','https://codabra.amocrm.ru/leads/pipeline/798337/?filter%5Bcf%5D%5B190651%5D=451064&filter%5Bcf%5D%5B190053%5D=448116&filter%5Bcf%5D%5B190049%5D%5Bfrom%5D=4.06.2018&filter%5Bcf%5D%5B190049%5D%5Bto%5D=4.06.2018&filter%5Btags_logic%5D=or&useFilter=y','nofmkvskg56fb4o34atep6nq4k@google.com',NULL,1,18,1),(385,NULL,359,34,49,NULL,'2018-06-04','09:00:00','https://codabra.amocrm.ru/leads/pipeline/798337/?filter%5Bcf%5D%5B190651%5D=451066&filter%5Bcf%5D%5B190053%5D=448116&filter%5Bcf%5D%5B190049%5D%5Bfrom%5D=4.06.2018&filter%5Bcf%5D%5B190049%5D%5Bto%5D=4.06.2018&filter%5Btags_logic%5D=or&useFilter=y','bv26pb0bt07hsfivt393lc2mo8@google.com',NULL,1,15,1),(386,NULL,360,34,43,NULL,'2018-06-04','09:00:00','https://codabra.amocrm.ru/leads/pipeline/592459/?filter%5Bcf%5D%5B190651%5D=451068&filter%5Bcf%5D%5B190053%5D=448116&filter%5Bcf%5D%5B190049%5D%5Bfrom%5D=4.06.2018&filter%5Bcf%5D%5B190049%5D%5Bto%5D=4.06.2018&filter%5Btags_logic%5D=or&useFilter=y','4k3389kuk621qbd8agjrja0cdk@google.com',NULL,1,15,1),(387,NULL,361,33,41,NULL,'2018-06-11','09:00:00','https://codabra.amocrm.ru/leads/pipeline/798337/?filter%5Bcf%5D%5B190651%5D=451070&filter%5Bcf%5D%5B190053%5D=448116&filter%5Bcf%5D%5B190049%5D%5Bfrom%5D=11.06.2018&filter%5Bcf%5D%5B190049%5D%5Bto%5D=11.06.2018&filter%5Btags_logic%5D=or&useFilter=y','1jk2cnmg2pukj5etfali89l4j4@google.com',NULL,1,15,1),(388,NULL,362,30,42,NULL,'2018-06-11','09:00:00','https://codabra.amocrm.ru/leads/pipeline/798337/?filter%5Bcf%5D%5B190651%5D=451072&filter%5Bcf%5D%5B190053%5D=448116&filter%5Bcf%5D%5B190049%5D%5Bfrom%5D=11.06.2018&filter%5Bcf%5D%5B190049%5D%5Bto%5D=11.06.2018&filter%5Btags_logic%5D=or&useFilter=y','umkh0s5kapgvats3ruslgmlk0s@google.com',NULL,1,15,1),(389,NULL,363,13,47,NULL,'2018-06-11','09:00:00','https://codabra.amocrm.ru/leads/pipeline/592459/?filter%5Bcf%5D%5B190651%5D=451074&filter%5Bcf%5D%5B190053%5D=448116&filter%5Bcf%5D%5B190049%5D%5Bfrom%5D=11.06.2018&filter%5Bcf%5D%5B190049%5D%5Bto%5D=11.06.2018&filter%5Btags_logic%5D=or&useFilter=y','tglah1ge4dqblnoleb99302pbo@google.com',NULL,1,15,1),(390,NULL,364,34,44,NULL,'2018-01-11','09:00:00',NULL,'lfon1ejkbmlgipv1area3pgp30@google.com',NULL,1,15,1),(391,NULL,365,34,46,NULL,'2018-06-11','09:00:00','https://codabra.amocrm.ru/leads/pipeline/592459/?filter%5Bcf%5D%5B190651%5D=451078&filter%5Bcf%5D%5B190053%5D=448116&filter%5Bcf%5D%5B190049%5D%5Bfrom%5D=11.06.2018&filter%5Bcf%5D%5B190049%5D%5Bto%5D=11.06.2018&filter%5Btags_logic%5D=or&useFilter=y','o94afce1esihk91obpmj15d790@google.com',NULL,1,15,1),(392,NULL,366,35,45,NULL,'2018-06-11','09:00:00','https://codabra.amocrm.ru/leads/pipeline/798337/?filter%5Bcf%5D%5B190651%5D=451080&filter%5Bcf%5D%5B190053%5D=448116&filter%5Bcf%5D%5B190049%5D%5Bfrom%5D=11.06.2018&filter%5Bcf%5D%5B190049%5D%5Bto%5D=11.06.2018&filter%5Btags_logic%5D=or&useFilter=y','0cbj56nrtc20g3il518sdkvubc@google.com',NULL,1,15,1),(393,NULL,367,33,49,NULL,'2018-06-18','09:00:00','https://codabra.amocrm.ru/leads/pipeline/912136/?filter%5Bcf%5D%5B190651%5D=451082&filter%5Bcf%5D%5B190053%5D=448116&filter%5Bcf%5D%5B190049%5D%5Bfrom%5D=18.06.2018&filter%5Bcf%5D%5B190049%5D%5Bto%5D=18.06.2018&filter%5Btags_logic%5D=or&useFilter=y','a4u76tq1p9gid6onqi6to517cg@google.com',NULL,1,15,1),(394,NULL,368,33,47,NULL,'2018-06-18','09:00:00','https://codabra.amocrm.ru/leads/pipeline/798337/?filter%5Bcf%5D%5B190651%5D=451084&filter%5Bcf%5D%5B190053%5D=448116&filter%5Bcf%5D%5B190049%5D%5Bfrom%5D=18.06.2018&filter%5Bcf%5D%5B190049%5D%5Bto%5D=18.06.2018&filter%5Btags_logic%5D=or&useFilter=y','9t17mpk1c6mcn371tvmoprlbg0@google.com',NULL,1,15,1),(395,NULL,369,13,42,NULL,'2018-06-18','09:00:00','https://codabra.amocrm.ru/leads/pipeline/798337/?filter%5Bcf%5D%5B190651%5D=451086&filter%5Bcf%5D%5B190053%5D=448116&filter%5Bcf%5D%5B190049%5D%5Bfrom%5D=18.06.2018&filter%5Bcf%5D%5B190049%5D%5Bto%5D=18.06.2018&filter%5Btags_logic%5D=or&useFilter=y','v8tdi87dk5t44jdlnuogllo374@google.com',NULL,1,15,1),(396,NULL,370,34,41,NULL,'2018-06-18','09:00:00','https://codabra.amocrm.ru/leads/pipeline/592459/?filter%5Bcf%5D%5B190651%5D=451088&filter%5Bcf%5D%5B190053%5D=448116&filter%5Bcf%5D%5B190049%5D%5Bfrom%5D=18.06.2018&filter%5Bcf%5D%5B190049%5D%5Bto%5D=18.06.2018&filter%5Btags_logic%5D=or&useFilter=y','i7nd6ser1j4dbkaaqas0dref24@google.com',NULL,1,15,1),(397,NULL,371,34,48,NULL,'2018-06-18','09:00:00','https://codabra.amocrm.ru/leads/pipeline/798337/?filter%5Bcf%5D%5B190651%5D=451090&filter%5Bcf%5D%5B190053%5D=448116&filter%5Bcf%5D%5B190049%5D%5Bfrom%5D=18.06.2018&filter%5Bcf%5D%5B190049%5D%5Bto%5D=18.06.2018&filter%5Btags_logic%5D=or&useFilter=y','7424q2svunnvle0c0441b20mm0@google.com',NULL,1,15,1),(398,NULL,372,35,44,NULL,'2018-06-18','09:00:00','https://codabra.amocrm.ru/leads/pipeline/592459/?filter%5Bcf%5D%5B190651%5D=451092&filter%5Bcf%5D%5B190053%5D=448116&filter%5Bcf%5D%5B190049%5D%5Bfrom%5D=18.06.2018&filter%5Bcf%5D%5B190049%5D%5Bto%5D=18.06.2018&filter%5Btags_logic%5D=or&useFilter=y','ko14j8lln15u3u2au75er4bgcg@google.com',NULL,1,15,1),(399,NULL,373,33,44,NULL,'2018-06-25','09:00:00','https://codabra.amocrm.ru/leads/pipeline/798337/?filter%5Bcf%5D%5B190651%5D=451094&filter%5Bcf%5D%5B190053%5D=448116&filter%5Bcf%5D%5B190049%5D%5Bfrom%5D=25.06.2018&filter%5Bcf%5D%5B190049%5D%5Bto%5D=25.06.2018&filter%5Btags_logic%5D=or&useFilter=y','u5jnp6vpkpr3j9qc98bj281jf8@google.com',NULL,1,15,1),(400,NULL,374,33,43,NULL,'2018-06-25','09:00:00','https://codabra.amocrm.ru/leads/pipeline/592459/?filter%5Bcf%5D%5B190651%5D=451096&filter%5Bcf%5D%5B190053%5D=448116&filter%5Bcf%5D%5B190049%5D%5Bfrom%5D=25.06.2018&filter%5Bcf%5D%5B190049%5D%5Bto%5D=25.06.2018&filter%5Btags_logic%5D=or&useFilter=y','cup3ikjk6n3ft2pn5b2r4ncie4@google.com',NULL,1,15,1),(401,NULL,375,13,41,NULL,'2018-06-25','09:00:00','https://codabra.amocrm.ru/leads/pipeline/592459/?filter%5Bcf%5D%5B190651%5D=451098&filter%5Bcf%5D%5B190053%5D=448116&filter%5Bcf%5D%5B190049%5D%5Bfrom%5D=25.06.2018&filter%5Bcf%5D%5B190049%5D%5Bto%5D=25.06.2018&filter%5Btags_logic%5D=or&useFilter=y','0qb72uags859mtlpgpb655fcd8@google.com',NULL,1,15,1),(402,NULL,376,34,45,NULL,'2018-06-25','09:00:00','https://codabra.amocrm.ru/leads/pipeline/592459/?filter%5Bcf%5D%5B190651%5D=451100&filter%5Bcf%5D%5B190053%5D=448116&filter%5Bcf%5D%5B190049%5D%5Bfrom%5D=25.06.2018&filter%5Bcf%5D%5B190049%5D%5Bto%5D=25.06.2018&filter%5Btags_logic%5D=or&useFilter=y','24hv92mam9peieh7bvoan685mk@google.com',NULL,1,15,1),(403,NULL,377,34,42,NULL,'2018-06-25','09:00:00','https://codabra.amocrm.ru/leads/pipeline/592459/?filter%5Bcf%5D%5B190651%5D=451102&filter%5Bcf%5D%5B190053%5D=448116&filter%5Bcf%5D%5B190049%5D%5Bfrom%5D=25.06.2018&filter%5Bcf%5D%5B190049%5D%5Bto%5D=25.06.2018&filter%5Btags_logic%5D=or&useFilter=y','eiihtu6pcifi3usk73o73h6n6g@google.com',NULL,1,15,1),(404,NULL,378,35,46,NULL,'2018-06-25','09:00:00','https://codabra.amocrm.ru/leads/pipeline/592459/?filter%5Bcf%5D%5B190651%5D=451104&filter%5Bcf%5D%5B190053%5D=448116&filter%5Bcf%5D%5B190049%5D%5Bfrom%5D=25.06.2018&filter%5Bcf%5D%5B190049%5D%5Bto%5D=25.06.2018&filter%5Btags_logic%5D=or&useFilter=y','ilvjqedn5ljknrc32nhcfp9pi8@google.com',NULL,1,15,1),(405,NULL,379,33,46,NULL,'2018-07-02','09:00:00','https://codabra.amocrm.ru/leads/pipeline/798337/?filter%5Bcf%5D%5B190651%5D=451106&filter%5Bcf%5D%5B190053%5D=448116&filter%5Bcf%5D%5B190049%5D%5Bfrom%5D=2.07.2018&filter%5Bcf%5D%5B190049%5D%5Bto%5D=2.07.2018&filter%5Btags_logic%5D=or&useFilter=y','7hp601f2olb4kvdc8prauur8vk@google.com',NULL,1,15,1),(406,NULL,380,33,48,NULL,'2018-07-02','09:00:00','https://codabra.amocrm.ru/leads/pipeline/826213/?filter%5Bcf%5D%5B190651%5D=451108&filter%5Bcf%5D%5B190053%5D=448116&filter%5Bcf%5D%5B190049%5D%5Bfrom%5D=2.07.2018&filter%5Bcf%5D%5B190049%5D%5Bto%5D=2.07.2018&filter%5Btags_logic%5D=or&useFilter=y','2osele33flgn3gs1ofh7dvnmtk@google.com',NULL,1,15,1),(407,NULL,381,13,45,NULL,'2018-07-02','09:00:00','https://codabra.amocrm.ru/leads/pipeline/798337/?filter%5Bcf%5D%5B190651%5D=451110&filter%5Bcf%5D%5B190053%5D=448116&filter%5Bcf%5D%5B190049%5D%5Bfrom%5D=2.07.2018&filter%5Bcf%5D%5B190049%5D%5Bto%5D=2.07.2018&filter%5Btags_logic%5D=or&useFilter=y','39ni8hdqt28an1t90d7h39orcc@google.com',NULL,1,15,1),(408,NULL,382,34,49,NULL,'2018-07-02','09:00:00','https://codabra.amocrm.ru/leads/pipeline/592459/?filter%5Bcf%5D%5B190651%5D=451112&filter%5Bcf%5D%5B190053%5D=448116&filter%5Bcf%5D%5B190049%5D%5Bfrom%5D=2.07.2018&filter%5Bcf%5D%5B190049%5D%5Bto%5D=2.07.2018&filter%5Btags_logic%5D=or&useFilter=y','dgsbvkbgmu9mmco1t8ro43a6fk@google.com',NULL,1,15,1),(409,NULL,383,34,43,NULL,'2018-07-02','09:00:00','https://codabra.amocrm.ru/leads/pipeline/798337/?filter%5Bcf%5D%5B190651%5D=451114&filter%5Bcf%5D%5B190053%5D=448116&filter%5Bcf%5D%5B190049%5D%5Bfrom%5D=2.07.2018&filter%5Bcf%5D%5B190049%5D%5Bto%5D=2.07.2018&filter%5Btags_logic%5D=or&useFilter=y','52es8qao5b30h675p3gtq3cpfs@google.com',NULL,1,15,1),(410,NULL,384,35,47,NULL,'2018-07-02','09:00:00','https://codabra.amocrm.ru/leads/pipeline/798337/?filter%5Bcf%5D%5B190651%5D=451116&filter%5Bcf%5D%5B190053%5D=448116&filter%5Bcf%5D%5B190049%5D%5Bfrom%5D=2.07.2018&filter%5Bcf%5D%5B190049%5D%5Bto%5D=2.07.2018&filter%5Btags_logic%5D=or&useFilter=y','m4ks9tmajlqashtj5gemsk0u2g@google.com',NULL,1,15,1),(411,NULL,385,33,41,NULL,'2018-07-09','09:00:00','https://codabra.amocrm.ru/leads/pipeline/798337/?filter%5Bcf%5D%5B190651%5D=451118&filter%5Bcf%5D%5B190053%5D=448116&filter%5Bcf%5D%5B190049%5D%5Bfrom%5D=9.07.2018&filter%5Bcf%5D%5B190049%5D%5Bto%5D=9.07.2018&filter%5Btags_logic%5D=or&useFilter=y','86e71hde15bcmv1r7p5uuchld4@google.com',NULL,1,15,1),(412,NULL,386,33,42,NULL,'2018-07-09','09:00:00','https://codabra.amocrm.ru/leads/pipeline/592459/?filter%5Bcf%5D%5B190651%5D=451120&filter%5Bcf%5D%5B190053%5D=448116&filter%5Bcf%5D%5B190049%5D%5Bfrom%5D=9.07.2018&filter%5Bcf%5D%5B190049%5D%5Bto%5D=9.07.2018&filter%5Btags_logic%5D=or&useFilter=y','vheb2q5jd6fua39jsum7dtiqa8@google.com',NULL,1,15,1),(413,NULL,387,13,47,NULL,'2018-07-09','09:00:00',NULL,'rs53kor5713b6456pskk12odh0@google.com',NULL,1,15,1),(414,NULL,388,34,44,NULL,'2018-07-09','09:00:00','https://codabra.amocrm.ru/leads/pipeline/798337/?filter%5Bcf%5D%5B190651%5D=451124&filter%5Bcf%5D%5B190053%5D=448116&filter%5Bcf%5D%5B190049%5D%5Bfrom%5D=9.07.2018&filter%5Bcf%5D%5B190049%5D%5Bto%5D=9.07.2018&filter%5Btags_logic%5D=or&useFilter=y','fs21558ntl9g3tcoi9tuh6i12c@google.com',NULL,1,15,1),(415,NULL,389,34,46,NULL,'2018-07-09','09:00:00','https://codabra.amocrm.ru/leads/pipeline/798337/?filter%5Bcf%5D%5B190651%5D=451126&filter%5Bcf%5D%5B190053%5D=448116&filter%5Bcf%5D%5B190049%5D%5Bfrom%5D=9.07.2018&filter%5Bcf%5D%5B190049%5D%5Bto%5D=9.07.2018&filter%5Btags_logic%5D=or&useFilter=y','j7kbcht6l4php5jmfhgnibkqoc@google.com',NULL,1,15,1),(416,NULL,390,35,45,NULL,'2018-07-09','09:00:00','https://codabra.amocrm.ru/leads/pipeline/798337/?filter%5Bcf%5D%5B190651%5D=451128&filter%5Bcf%5D%5B190053%5D=448116&filter%5Bcf%5D%5B190049%5D%5Bfrom%5D=9.07.2018&filter%5Bcf%5D%5B190049%5D%5Bto%5D=9.07.2018&filter%5Btags_logic%5D=or&useFilter=y','p6udv0p5p89p930q82ku0p3rkk@google.com',NULL,1,15,1),(417,NULL,391,33,49,NULL,'2018-07-16','09:00:00','https://codabra.amocrm.ru/leads/pipeline/798337/?filter%5Bcf%5D%5B190651%5D=451130&filter%5Bcf%5D%5B190053%5D=448116&filter%5Bcf%5D%5B190049%5D%5Bfrom%5D=16.07.2018&filter%5Bcf%5D%5B190049%5D%5Bto%5D=16.07.2018&filter%5Btags_logic%5D=or&useFilter=y','av9brfg0n1ook833etg032sbr4@google.com',NULL,1,15,1),(418,NULL,392,33,47,NULL,'2018-07-16','09:00:00','https://codabra.amocrm.ru/leads/pipeline/592459/?filter%5Bcf%5D%5B190651%5D=451132&filter%5Bcf%5D%5B190053%5D=448116&filter%5Bcf%5D%5B190049%5D%5Bfrom%5D=16.07.2018&filter%5Bcf%5D%5B190049%5D%5Bto%5D=16.07.2018&filter%5Btags_logic%5D=or&useFilter=y','tva5sm5njv4ueda46g3oh0075c@google.com',NULL,1,15,1),(419,NULL,393,13,42,NULL,'2018-07-16','09:00:00','https://codabra.amocrm.ru/leads/pipeline/798337/?filter%5Bcf%5D%5B190651%5D=451134&filter%5Bcf%5D%5B190053%5D=448116&filter%5Bcf%5D%5B190049%5D%5Bfrom%5D=16.07.2018&filter%5Bcf%5D%5B190049%5D%5Bto%5D=16.07.2018&filter%5Btags_logic%5D=or&useFilter=y','ueogl5tdol5amqs1356r06fbks@google.com',NULL,1,15,1),(420,NULL,394,34,41,NULL,'2018-07-16','09:00:00',NULL,NULL,NULL,1,15,1),(421,NULL,395,34,48,NULL,'2018-07-16','09:00:00','https://codabra.amocrm.ru/leads/pipeline/592459/?filter%5Bcf%5D%5B190651%5D=451138&filter%5Bcf%5D%5B190053%5D=448116&filter%5Bcf%5D%5B190049%5D%5Bfrom%5D=16.07.2018&filter%5Bcf%5D%5B190049%5D%5Bto%5D=16.07.2018&filter%5Btags_logic%5D=or&useFilter=y',NULL,NULL,1,15,1),(422,NULL,396,35,44,NULL,'2018-07-16','09:00:00','https://codabra.amocrm.ru/leads/pipeline/798337/?filter%5Bcf%5D%5B190651%5D=451140&filter%5Bcf%5D%5B190053%5D=448116&filter%5Bcf%5D%5B190049%5D%5Bfrom%5D=16.07.2018&filter%5Bcf%5D%5B190049%5D%5Bto%5D=16.07.2018&filter%5Btags_logic%5D=or&useFilter=y',NULL,NULL,1,15,1),(423,NULL,397,33,44,NULL,'2018-07-23','09:00:00','https://codabra.amocrm.ru/leads/pipeline/592459/?filter%5Bcf%5D%5B190651%5D=451142&filter%5Bcf%5D%5B190053%5D=448116&filter%5Bcf%5D%5B190049%5D%5Bfrom%5D=23.07.2018&filter%5Bcf%5D%5B190049%5D%5Bto%5D=23.07.2018&filter%5Btags_logic%5D=or&useFilter=y','gfeukg10e9027v8atonluefhbs@google.com',NULL,1,15,1),(424,NULL,398,33,43,NULL,'2018-07-23','09:00:00','https://codabra.amocrm.ru/leads/pipeline/798337/?filter%5Bcf%5D%5B190651%5D=451144&filter%5Bcf%5D%5B190053%5D=448116&filter%5Bcf%5D%5B190049%5D%5Bfrom%5D=23.07.2018&filter%5Bcf%5D%5B190049%5D%5Bto%5D=23.07.2018&filter%5Btags_logic%5D=or&useFilter=y','86u4dj86pigsu6qqd61gokn34s@google.com',NULL,1,15,1),(425,NULL,399,13,41,NULL,'2018-07-23','09:00:00','https://codabra.amocrm.ru/leads/pipeline/826213/?filter%5Bcf%5D%5B190651%5D=451146&filter%5Bcf%5D%5B190053%5D=448116&filter%5Bcf%5D%5B190049%5D%5Bfrom%5D=23.07.2018&filter%5Bcf%5D%5B190049%5D%5Bto%5D=23.07.2018&filter%5Btags_logic%5D=or&useFilter=y','ofjqhau5u7vp39u06hkn4e6omo@google.com',NULL,1,15,1),(426,NULL,400,34,45,NULL,'2018-07-23','09:00:00','https://codabra.amocrm.ru/leads/pipeline/798337/?filter%5Bcf%5D%5B190651%5D=451148&filter%5Bcf%5D%5B190053%5D=448116&filter%5Bcf%5D%5B190049%5D%5Bfrom%5D=23.07.2018&filter%5Bcf%5D%5B190049%5D%5Bto%5D=23.07.2018&filter%5Btags_logic%5D=or&useFilter=y','es7a6r8djoggpn39d9u2paq5r0@google.com',NULL,1,15,1),(428,NULL,402,35,46,NULL,'2018-07-23','09:00:00','https://codabra.amocrm.ru/leads/pipeline/798337/?filter%5Bcf%5D%5B190651%5D=451152&filter%5Bcf%5D%5B190053%5D=448116&filter%5Bcf%5D%5B190049%5D%5Bfrom%5D=23.07.2018&filter%5Bcf%5D%5B190049%5D%5Bto%5D=23.07.2018&filter%5Btags_logic%5D=or&useFilter=y','l896ksd9rgl21jfm21kd6ftih4@google.com',NULL,1,13,1),(431,NULL,404,33,48,NULL,'2018-07-30','09:00:00','https://codabra.amocrm.ru/leads/pipeline/798337/?filter%5Bcf%5D%5B190651%5D=451156&filter%5Bcf%5D%5B190053%5D=448116&filter%5Bcf%5D%5B190049%5D%5Bfrom%5D=30.07.2018&filter%5Bcf%5D%5B190049%5D%5Bto%5D=30.07.2018&filter%5Btags_logic%5D=or&useFilter=y','vqe9estm0te51k5okc9ki404lc@google.com',NULL,1,15,1),(432,NULL,405,13,45,NULL,'2018-07-30','09:00:00','https://codabra.amocrm.ru/leads/pipeline/826213/?filter%5Bcf%5D%5B190651%5D=451158&filter%5Bcf%5D%5B190053%5D=448116&filter%5Bcf%5D%5B190049%5D%5Bfrom%5D=30.07.2018&filter%5Bcf%5D%5B190049%5D%5Bto%5D=30.07.2018&filter%5Btags_logic%5D=or&useFilter=y','t4o49in0cnje52oqtlc32v2etk@google.com',NULL,1,15,1),(433,NULL,406,34,49,NULL,'2018-07-30','09:00:00','https://codabra.amocrm.ru/leads/pipeline/798337/?filter%5Bcf%5D%5B190651%5D=451160&filter%5Bcf%5D%5B190053%5D=448116&filter%5Bcf%5D%5B190049%5D%5Bfrom%5D=30.07.2018&filter%5Bcf%5D%5B190049%5D%5Bto%5D=30.07.2018&filter%5Btags_logic%5D=or&useFilter=y','r5h0h9del8ajsgjdloubqicu8s@google.com',NULL,1,15,1),(434,NULL,407,34,43,NULL,'2018-07-30','09:00:00','https://codabra.amocrm.ru/leads/pipeline/592459/?filter%5Bcf%5D%5B190651%5D=451162&filter%5Bcf%5D%5B190053%5D=448116&filter%5Bcf%5D%5B190049%5D%5Bfrom%5D=30.07.2018&filter%5Bcf%5D%5B190049%5D%5Bto%5D=30.07.2018&filter%5Btags_logic%5D=or&useFilter=y','m90ol7cp7fuo6mkp5v4thpkia0@google.com',NULL,1,15,1),(435,NULL,408,35,47,NULL,'2018-07-30','09:00:00','https://codabra.amocrm.ru/leads/pipeline/798337/?filter%5Bcf%5D%5B190651%5D=451164&filter%5Bcf%5D%5B190053%5D=448116&filter%5Bcf%5D%5B190049%5D%5Bfrom%5D=30.07.2018&filter%5Bcf%5D%5B190049%5D%5Bto%5D=30.07.2018&filter%5Btags_logic%5D=or&useFilter=y','rk6uegf2jkl6mjb2dkjfhh902g@google.com',NULL,1,12,1),(436,NULL,409,33,41,NULL,'2018-08-06','09:00:00','https://codabra.amocrm.ru/leads/pipeline/798337/?filter%5Bcf%5D%5B190651%5D=451166&filter%5Bcf%5D%5B190053%5D=448116&filter%5Bcf%5D%5B190049%5D%5Bfrom%5D=6.08.2018&filter%5Bcf%5D%5B190049%5D%5Bto%5D=6.08.2018&filter%5Btags_logic%5D=or&useFilter=y','h1f5oshkf8m7tblclpoeupmohk@google.com',NULL,1,15,1),(437,NULL,410,33,42,NULL,'2018-08-06','09:00:00','https://codabra.amocrm.ru/leads/pipeline/798337/?filter%5Bcf%5D%5B190651%5D=451168&filter%5Bcf%5D%5B190053%5D=448116&filter%5Bcf%5D%5B190049%5D%5Bfrom%5D=6.08.2018&filter%5Bcf%5D%5B190049%5D%5Bto%5D=6.08.2018&filter%5Btags_logic%5D=or&useFilter=y','lbpu34ccieu9ghoa6gntkk88ks@google.com',NULL,1,15,1),(438,NULL,411,13,47,NULL,'2018-08-06','09:00:00',NULL,'nv6th04c2eaid3q4auojjo4f5k@google.com',NULL,1,15,1),(440,NULL,413,34,46,NULL,'2018-08-06','09:00:00','https://codabra.amocrm.ru/leads/pipeline/798337/?filter%5Bcf%5D%5B190651%5D=451174&filter%5Bcf%5D%5B190053%5D=448116&filter%5Bcf%5D%5B190049%5D%5Bfrom%5D=6.08.2018&filter%5Bcf%5D%5B190049%5D%5Bto%5D=6.08.2018&filter%5Btags_logic%5D=or&useFilter=y','nm8fpidrbpt47vtp9ptvj32pq8@google.com',NULL,1,15,1),(441,NULL,414,35,45,NULL,'2018-08-06','09:00:00','https://codabra.amocrm.ru/leads/pipeline/592459/?filter%5Bcf%5D%5B190651%5D=451176&filter%5Bcf%5D%5B190053%5D=448116&filter%5Bcf%5D%5B190049%5D%5Bfrom%5D=6.08.2018&filter%5Bcf%5D%5B190049%5D%5Bto%5D=6.08.2018&filter%5Btags_logic%5D=or&useFilter=y','itlupf2etvat0e8v0deuse7918@google.com',NULL,1,12,1),(442,NULL,415,33,49,NULL,'2018-08-13','09:00:00','https://codabra.amocrm.ru/leads/pipeline/798337/?filter%5Bcf%5D%5B190651%5D=451178&filter%5Bcf%5D%5B190053%5D=448116&filter%5Bcf%5D%5B190049%5D%5Bfrom%5D=13.08.2018&filter%5Bcf%5D%5B190049%5D%5Bto%5D=13.08.2018&filter%5Btags_logic%5D=or&useFilter=y','o35erp04s98aelghem2f87okfo@google.com',NULL,1,15,1),(443,NULL,416,33,47,NULL,'2018-08-13','09:00:00','https://codabra.amocrm.ru/leads/pipeline/798337/?filter%5Bcf%5D%5B190651%5D=451180&filter%5Bcf%5D%5B190053%5D=448116&filter%5Bcf%5D%5B190049%5D%5Bfrom%5D=13.08.2018&filter%5Bcf%5D%5B190049%5D%5Bto%5D=13.08.2018&filter%5Btags_logic%5D=or&useFilter=y','sl92fejsfc4n7p17ehcrbh8rcc@google.com',NULL,1,15,1),(444,NULL,417,13,42,NULL,'2018-08-13','09:00:00','https://codabra.amocrm.ru/leads/pipeline/798337/?filter%5Bcf%5D%5B190651%5D=451182&filter%5Bcf%5D%5B190053%5D=448116&filter%5Bcf%5D%5B190049%5D%5Bfrom%5D=13.08.2018&filter%5Bcf%5D%5B190049%5D%5Bto%5D=13.08.2018&filter%5Btags_logic%5D=or&useFilter=y','s58fuqcuk4cqej9dp4aadhfmrc@google.com',NULL,1,15,1),(445,NULL,418,34,41,NULL,'2018-08-13','09:00:00','https://codabra.amocrm.ru/leads/pipeline/798337/?filter%5Bcf%5D%5B190651%5D=451184&filter%5Bcf%5D%5B190053%5D=448116&filter%5Bcf%5D%5B190049%5D%5Bfrom%5D=13.08.2018&filter%5Bcf%5D%5B190049%5D%5Bto%5D=13.08.2018&filter%5Btags_logic%5D=or&useFilter=y','npcfp9iqkgkpt4q62ld7ghm10c@google.com',NULL,1,15,1),(446,NULL,419,34,48,NULL,'2018-08-13','09:00:00','https://codabra.amocrm.ru/leads/pipeline/798337/?filter%5Bcf%5D%5B190651%5D=451186&filter%5Bcf%5D%5B190053%5D=448116&filter%5Bcf%5D%5B190049%5D%5Bfrom%5D=13.08.2018&filter%5Bcf%5D%5B190049%5D%5Bto%5D=13.08.2018&filter%5Btags_logic%5D=or&useFilter=y','55iq20oqnu67dike4dcei89d1s@google.com',NULL,1,15,1),(447,NULL,420,35,44,NULL,'2018-08-13','09:00:00','https://codabra.amocrm.ru/leads/pipeline/798337/?filter%5Bcf%5D%5B190651%5D=451188&filter%5Bcf%5D%5B190053%5D=448116&filter%5Bcf%5D%5B190049%5D%5Bfrom%5D=13.08.2018&filter%5Bcf%5D%5B190049%5D%5Bto%5D=13.08.2018&filter%5Btags_logic%5D=or&useFilter=y','m5cs8vd4ts0ilt89s9n0nkq5mg@google.com',NULL,1,12,1),(448,NULL,421,33,44,NULL,'2018-08-20','09:00:00','https://codabra.amocrm.ru/leads/pipeline/798337/?filter%5Bcf%5D%5B190651%5D=451190&filter%5Bcf%5D%5B190053%5D=448116&filter%5Bcf%5D%5B190049%5D%5Bfrom%5D=20.08.2018&filter%5Bcf%5D%5B190049%5D%5Bto%5D=20.08.2018&filter%5Btags_logic%5D=or&useFilter=y','59qb48pbn32r7vhv9c36j7md54@google.com',NULL,1,15,1),(449,NULL,422,33,43,NULL,'2018-08-20','09:00:00','https://codabra.amocrm.ru/leads/pipeline/798337/?filter%5Bcf%5D%5B190651%5D=451192&filter%5Bcf%5D%5B190053%5D=448116&filter%5Bcf%5D%5B190049%5D%5Bfrom%5D=20.08.2018&filter%5Bcf%5D%5B190049%5D%5Bto%5D=20.08.2018&filter%5Btags_logic%5D=or&useFilter=y','v0b8nvqmp6085u7tfeojo9bs80@google.com',NULL,1,15,1),(450,NULL,423,13,41,NULL,'2018-08-20','09:00:00','https://codabra.amocrm.ru/leads/pipeline/798337/?filter%5Bcf%5D%5B190651%5D=451194&filter%5Bcf%5D%5B190053%5D=448116&filter%5Bcf%5D%5B190049%5D%5Bfrom%5D=20.08.2018&filter%5Bcf%5D%5B190049%5D%5Bto%5D=20.08.2018&filter%5Btags_logic%5D=or&useFilter=y','vu0erpn1749d70bgia0sn4v9pk@google.com',NULL,1,15,1),(451,NULL,424,34,45,NULL,'2018-08-20','09:00:00','https://codabra.amocrm.ru/leads/pipeline/798337/?filter%5Bcf%5D%5B190651%5D=451196&filter%5Bcf%5D%5B190053%5D=448116&filter%5Bcf%5D%5B190049%5D%5Bfrom%5D=20.08.2018&filter%5Bcf%5D%5B190049%5D%5Bto%5D=20.08.2018&filter%5Btags_logic%5D=or&useFilter=y','mhcv52bq0g3b4s2b5ad9fs3cf8@google.com',NULL,1,15,1),(452,NULL,425,34,42,NULL,'2018-08-20','09:00:00','https://codabra.amocrm.ru/leads/pipeline/798337/?filter%5Bcf%5D%5B190651%5D=451198&filter%5Bcf%5D%5B190053%5D=448116&filter%5Bcf%5D%5B190049%5D%5Bfrom%5D=20.08.2018&filter%5Bcf%5D%5B190049%5D%5Bto%5D=20.08.2018&filter%5Btags_logic%5D=or&useFilter=y','ni7gagpj78682iqb7d4ejb7rrk@google.com',NULL,1,15,1),(453,NULL,426,35,46,NULL,'2018-08-20','09:00:00','https://codabra.amocrm.ru/leads/pipeline/798337/?filter%5Bcf%5D%5B190651%5D=451200&filter%5Bcf%5D%5B190053%5D=448116&filter%5Bcf%5D%5B190049%5D%5Bfrom%5D=20.08.2018&filter%5Bcf%5D%5B190049%5D%5Bto%5D=20.08.2018&filter%5Btags_logic%5D=or&useFilter=y','83dl1da1jdqq4cf8v1a91kejt8@google.com',NULL,1,12,1),(455,NULL,428,33,49,NULL,'2018-08-27','09:00:00',NULL,'o4v6ofgu45c493fosuhkhksprs@google.com',NULL,1,15,1),(456,NULL,429,13,48,NULL,'2018-08-27','09:00:00','https://codabra.amocrm.ru/leads/pipeline/798337/?filter%5Bcf%5D%5B190651%5D=451206&filter%5Bcf%5D%5B190053%5D=448116&filter%5Bcf%5D%5B190049%5D%5Bfrom%5D=27.08.2018&filter%5Bcf%5D%5B190049%5D%5Bto%5D=27.08.2018&filter%5Btags_logic%5D=or&useFilter=y','k40u330fln2r5t994s0i9tluh8@google.com',NULL,1,15,1),(457,NULL,430,34,47,NULL,'2018-08-27','09:00:00','https://codabra.amocrm.ru/leads/pipeline/798337/?filter%5Bcf%5D%5B190651%5D=451208&filter%5Bcf%5D%5B190053%5D=448116&filter%5Bcf%5D%5B190049%5D%5Bfrom%5D=27.08.2018&filter%5Bcf%5D%5B190049%5D%5Bto%5D=27.08.2018&filter%5Btags_logic%5D=or&useFilter=y','s0kc4hldlt79no2p01ooef7ihc@google.com',NULL,1,15,1),(458,NULL,431,34,44,NULL,'2018-08-27','09:00:00','https://codabra.amocrm.ru/leads/pipeline/1239987/?filter%5Bcf%5D%5B190651%5D=451210&filter%5Bcf%5D%5B190053%5D=448116&filter%5Bcf%5D%5B190049%5D%5Bfrom%5D=27.08.2018&filter%5Bcf%5D%5B190049%5D%5Bto%5D=27.08.2018&filter%5Btags_logic%5D=or&useFilter=y','ot5t2tm950os9mjuc2653lm0c4@google.com',NULL,1,15,1),(459,NULL,432,35,42,NULL,'2018-08-27','09:00:00',NULL,'n8vgid9cseff87rfiuub0etorg@google.com',NULL,1,15,1),(460,NULL,364,34,44,NULL,'2018-06-11','09:00:00','https://codabra.amocrm.ru/leads/pipeline/592459/?filter%5Bcf%5D%5B190651%5D=451076&filter%5Bcf%5D%5B190053%5D=448116&filter%5Bcf%5D%5B190049%5D%5Bfrom%5D=11.06.2018&filter%5Bcf%5D%5B190049%5D%5Bto%5D=11.06.2018&filter%5Btags_logic%5D=or&useFilter=y','ub6lc1o6jhgfba1vs6clsr439k@google.com',NULL,1,15,1),(461,NULL,433,33,46,NULL,'2018-07-30','09:00:00','https://codabra.amocrm.ru/leads/pipeline/798337/?filter%5Bcf%5D%5B190651%5D=451154&filter%5Bcf%5D%5B190053%5D=448116&filter%5Bcf%5D%5B190049%5D%5Bfrom%5D=30.07.2018&filter%5Bcf%5D%5B190049%5D%5Bto%5D=30.07.2018&filter%5Btags_logic%5D=or&useFilter=y','hc1kf9a7ihsk5eusba7n18drco@google.com',NULL,1,15,1),(463,NULL,434,32,50,NULL,'2018-07-02','09:00:00','https://codabra.amocrm.ru/leads/pipeline/798337/?filter%5Bcf%5D%5B190651%5D=452170&filter%5Bcf%5D%5B190053%5D=448116&filter%5Bcf%5D%5B190049%5D%5Bfrom%5D=2.07.2018&filter%5Bcf%5D%5B190049%5D%5Bto%5D=2.07.2018&filter%5Btags_logic%5D=or&useFilter=y','u04mfokl2kfeevquvli0k5j3ss@google.com',NULL,2,20,1),(464,NULL,435,47,50,NULL,'2018-07-23','09:00:00','https://codabra.amocrm.ru/leads/pipeline/798337/?filter%5Bcf%5D%5B190651%5D=452172&filter%5Bcf%5D%5B190053%5D=448116&filter%5Bcf%5D%5B190049%5D%5Bfrom%5D=23.07.2018&filter%5Bcf%5D%5B190049%5D%5Bto%5D=23.07.2018&filter%5Btags_logic%5D=or&useFilter=y','ncsglbau3usp7fj0vierb01c08@google.com',NULL,2,20,1),(465,NULL,436,45,50,NULL,'2018-08-27','09:00:00','https://codabra.amocrm.ru/leads/pipeline/798337/?filter%5Bcf%5D%5B190651%5D=452174&filter%5Bcf%5D%5B190053%5D=448116&filter%5Bcf%5D%5B190049%5D%5Bfrom%5D=27.08.2018&filter%5Bcf%5D%5B190049%5D%5Bto%5D=27.08.2018&filter%5Btags_logic%5D=or&useFilter=y','jj42bth6nqk132qn9pie76gbe0@google.com',NULL,2,15,1),(466,NULL,437,34,51,NULL,'2018-06-25','09:00:00','https://codabra.amocrm.ru/leads/pipeline/798337/?filter%5Bcf%5D%5B190651%5D=452180&filter%5Bcf%5D%5B190053%5D=448116&filter%5Bcf%5D%5B190049%5D%5Bfrom%5D=25.06.2018&filter%5Bcf%5D%5B190049%5D%5Bto%5D=25.06.2018&filter%5Btags_logic%5D=or&useFilter=y','fgibsnmskmqubv07oa6prdrh28@google.com',NULL,1,15,1),(467,NULL,438,13,51,NULL,'2018-07-09','09:00:00','https://codabra.amocrm.ru/leads/pipeline/592459/?filter%5Bcf%5D%5B190651%5D=452182&filter%5Bcf%5D%5B190053%5D=448116&filter%5Bcf%5D%5B190049%5D%5Bfrom%5D=9.07.2018&filter%5Bcf%5D%5B190049%5D%5Bto%5D=9.07.2018&filter%5Btags_logic%5D=or&useFilter=y','pnkrlsc0n9kena6u6dabpbolv8@google.com',NULL,1,15,1),(468,NULL,439,34,51,NULL,'2018-07-16','09:00:00','https://codabra.amocrm.ru/leads/pipeline/798337/?filter%5Bcf%5D%5B190651%5D=452184&filter%5Bcf%5D%5B190053%5D=448116&filter%5Bcf%5D%5B190049%5D%5Bfrom%5D=16.07.2018&filter%5Bcf%5D%5B190049%5D%5Bto%5D=16.07.2018&filter%5Btags_logic%5D=or&useFilter=y','6uq83rm5ole2qaojg9ibo83qjc@google.com',NULL,1,15,1),(469,NULL,440,13,51,NULL,'2018-08-06','09:00:00','https://codabra.amocrm.ru/leads/pipeline/798337/?filter%5Bcf%5D%5B190651%5D=452186&filter%5Bcf%5D%5B190053%5D=448116&filter%5Bcf%5D%5B190049%5D%5Bfrom%5D=6.08.2018&filter%5Bcf%5D%5B190049%5D%5Bto%5D=6.08.2018&filter%5Btags_logic%5D=or&useFilter=y','4hucidv4ekh6epet1gfcdp454s@google.com',NULL,1,15,1),(470,NULL,441,35,51,NULL,'2018-08-27','09:00:00','https://codabra.amocrm.ru/leads/pipeline/798337/?filter%5Bcf%5D%5B190651%5D=452188&filter%5Bcf%5D%5B190053%5D=448116&filter%5Bcf%5D%5B190049%5D%5Bfrom%5D=27.08.2018&filter%5Bcf%5D%5B190049%5D%5Bto%5D=27.08.2018&filter%5Btags_logic%5D=or&useFilter=y','5r854vitkvfp90n90o811lqnrc@google.com',NULL,1,12,1),(471,NULL,450,36,45,NULL,'2018-07-02','09:00:00','https://codabra.amocrm.ru/leads/pipeline/592459/?filter%5Bcf%5D%5B190651%5D=452764&filter%5Bcf%5D%5B190053%5D=448116&filter%5Bcf%5D%5B190049%5D%5Bfrom%5D=2.07.2018&filter%5Bcf%5D%5B190049%5D%5Bto%5D=2.07.2018&filter%5Btags_logic%5D=or&useFilter=y','u7a5j836t0dnunebk98pfdcvu8@google.com',NULL,6,15,1),(472,NULL,451,36,70,NULL,'2018-07-09','09:00:00','https://codabra.amocrm.ru/leads/pipeline/592459/?filter%5Bcf%5D%5B190651%5D=452766&filter%5Bcf%5D%5B190053%5D=448116&filter%5Bcf%5D%5B190049%5D%5Bfrom%5D=9.07.2018&filter%5Bcf%5D%5B190049%5D%5Bto%5D=9.07.2018&filter%5Btags_logic%5D=or&useFilter=y','j4de92p25mq2h0e72th11dpu9g@google.com',NULL,6,15,1),(473,NULL,452,36,71,NULL,'2018-07-16','09:00:00','https://codabra.amocrm.ru/leads/pipeline/798337/?filter%5Bcf%5D%5B190651%5D=452768&filter%5Bcf%5D%5B190053%5D=448116&filter%5Bcf%5D%5B190049%5D%5Bfrom%5D=16.07.2018&filter%5Bcf%5D%5B190049%5D%5Bto%5D=16.07.2018&filter%5Btags_logic%5D=or&useFilter=y','kdta8kmgi329jtiqfpb26vcsdc@google.com',NULL,6,16,1),(474,NULL,453,36,72,NULL,'2018-07-23','09:00:00','https://codabra.amocrm.ru/leads/pipeline/798337/?filter%5Bcf%5D%5B190651%5D=452770&filter%5Bcf%5D%5B190053%5D=448116&filter%5Bcf%5D%5B190049%5D%5Bfrom%5D=23.07.2018&filter%5Bcf%5D%5B190049%5D%5Bto%5D=23.07.2018&filter%5Btags_logic%5D=or&useFilter=y','qrqih47a65on1fkt5p6k2dikh4@google.com',NULL,6,15,1),(475,NULL,454,36,45,NULL,'2018-07-30','09:00:00','https://codabra.amocrm.ru/leads/pipeline/798337/?filter%5Bcf%5D%5B190651%5D=452772&filter%5Bcf%5D%5B190053%5D=448116&filter%5Bcf%5D%5B190049%5D%5Bfrom%5D=30.07.2018&filter%5Bcf%5D%5B190049%5D%5Bto%5D=30.07.2018&filter%5Btags_logic%5D=or&useFilter=y','vsvfiqlon3s9nohtc0khmnj0r0@google.com',NULL,6,15,1),(476,NULL,455,36,71,NULL,'2018-08-06','09:00:00','https://codabra.amocrm.ru/leads/pipeline/798337/?filter%5Bcf%5D%5B190651%5D=452776&filter%5Bcf%5D%5B190053%5D=448116&filter%5Bcf%5D%5B190049%5D%5Bfrom%5D=6.08.2018&filter%5Bcf%5D%5B190049%5D%5Bto%5D=6.08.2018&filter%5Btags_logic%5D=or&useFilter=y','7hgjr7fc9o71g6vbfu1lf89g8c@google.com',NULL,6,15,1),(477,NULL,456,36,72,NULL,'2018-08-13','09:00:00','https://codabra.amocrm.ru/leads/pipeline/798337/?filter%5Bcf%5D%5B190651%5D=452780&filter%5Bcf%5D%5B190053%5D=448116&filter%5Bcf%5D%5B190049%5D%5Bfrom%5D=13.08.2018&filter%5Bcf%5D%5B190049%5D%5Bto%5D=13.08.2018&filter%5Btags_logic%5D=or&useFilter=y','jhfs9th948vi6btbki8cdikdis@google.com',NULL,6,15,1),(478,NULL,457,44,71,NULL,'2018-08-13','09:00:00','https://codabra.amocrm.ru/leads/pipeline/798337/?filter%5Bcf%5D%5B190651%5D=452784&filter%5Bcf%5D%5B190053%5D=448116&filter%5Bcf%5D%5B190049%5D%5Bfrom%5D=13.08.2018&filter%5Bcf%5D%5B190049%5D%5Bto%5D=13.08.2018&filter%5Btags_logic%5D=or&useFilter=y','v78c0l03l2tbq02bdafgk6os3s@google.com',NULL,6,15,1),(479,NULL,458,44,70,NULL,'2018-07-30','09:00:00','https://codabra.amocrm.ru/leads/pipeline/798337/?filter%5Bcf%5D%5B190651%5D=452774&filter%5Bcf%5D%5B190053%5D=448116&filter%5Bcf%5D%5B190049%5D%5Bfrom%5D=30.07.2018&filter%5Bcf%5D%5B190049%5D%5Bto%5D=30.07.2018&filter%5Btags_logic%5D=or&useFilter=y','tm2e289mptoabh4md25b31nlhs@google.com',NULL,6,15,1),(480,NULL,459,44,72,NULL,'2018-08-06','09:00:00','https://codabra.amocrm.ru/leads/pipeline/798337/?filter%5Bcf%5D%5B190651%5D=452778&filter%5Bcf%5D%5B190053%5D=448116&filter%5Bcf%5D%5B190049%5D%5Bfrom%5D=6.08.2018&filter%5Bcf%5D%5B190049%5D%5Bto%5D=6.08.2018&filter%5Btags_logic%5D=or&useFilter=y','7gbf4l6i0tpdo6m1jomvuup28c@google.com',NULL,6,15,1),(481,NULL,460,36,70,NULL,'2018-08-20','09:00:00','https://codabra.amocrm.ru/leads/pipeline/592459/?filter%5Bcf%5D%5B190651%5D=452782&filter%5Bcf%5D%5B190053%5D=448116&filter%5Bcf%5D%5B190049%5D%5Bfrom%5D=20.08.2018&filter%5Bcf%5D%5B190049%5D%5Bto%5D=20.08.2018&filter%5Btags_logic%5D=or&useFilter=y','gna1vl1eoahvdikr801eiabaes@google.com',NULL,6,15,1),(482,NULL,461,44,45,NULL,'2018-08-20','09:00:00','https://codabra.amocrm.ru/leads/pipeline/798337/?filter%5Bcf%5D%5B190651%5D=456416&filter%5Bcf%5D%5B190053%5D=448116&filter%5Bcf%5D%5B190049%5D%5Bfrom%5D=20.08.2018&filter%5Bcf%5D%5B190049%5D%5Bto%5D=20.08.2018&filter%5Btags_logic%5D=or&useFilter=y','9easndjnlg3mo8s5j4hl00la3g@google.com',NULL,6,15,1),(486,NULL,471,13,6,NULL,'2018-09-09','10:15:00',NULL,'6nmspo67bhe1rkve1em9f1p364@google.com',NULL,1,12,1),(487,NULL,469,13,10,NULL,'2018-09-09','13:30:00',NULL,'jkbf6cb5c80105bif3o7qru53c@google.com',NULL,1,12,1),(488,NULL,470,13,13,NULL,'2018-09-02','16:45:00','https://codabra.amocrm.ru/leads/pipeline/826213/?filter%5Bcf%5D%5B190651%5D=453926&filter%5Bcf%5D%5B190053%5D=415249&filter%5Bcf%5D%5B190049%5D%5Bfrom%5D=2.09.2018&filter%5Bcf%5D%5B190049%5D%5Bto%5D=2.09.2018&filter%5Btags_logic%5D=or&useFilter=y','i5h116icbp0nghg63jttrde85g@google.com',NULL,1,12,1),(489,NULL,472,13,22,NULL,'2018-09-08','10:30:00','https://codabra.amocrm.ru/leads/pipeline/798337/?filter%5Bcf%5D%5B190651%5D=453930&filter%5Bcf%5D%5B190053%5D=413817&filter%5Bcf%5D%5B190049%5D%5Bfrom%5D=1.09.2018&filter%5Bcf%5D%5B190049%5D%5Bto%5D=1.09.2018&filter%5Btags_logic%5D=or&useFilter=y','6cgkg2e3s884n8raefcep4j0v0@google.com',180,1,12,1),(490,NULL,473,35,4,NULL,'2018-09-08','11:00:00','https://codabra.amocrm.ru/leads/pipeline/592459/?filter%5Bcf%5D%5B190651%5D=453946&filter%5Bcf%5D%5B190053%5D=413819&filter%5Bcf%5D%5B190049%5D%5Bfrom%5D=8.09.2018&filter%5Bcf%5D%5B190049%5D%5Bto%5D=8.09.2018&filter%5Btags_logic%5D=or&useFilter=y','3869tfds4hapj2j32ubmeuepoc@google.com',NULL,1,12,1),(491,NULL,474,35,9,NULL,'2018-09-08','14:30:00','https://codabra.amocrm.ru/leads/pipeline/592459/?filter%5Bcf%5D%5B190651%5D=453948&filter%5Bcf%5D%5B190053%5D=413833&filter%5Bcf%5D%5B190049%5D%5Bfrom%5D=8.09.2018&filter%5Bcf%5D%5B190049%5D%5Bto%5D=8.09.2018&filter%5Btags_logic%5D=or&useFilter=y','5bubesqjbqk7h73d2m64792bo0@google.com',NULL,1,12,1),(492,NULL,475,35,16,NULL,'2018-09-08','18:00:00','https://codabra.amocrm.ru/leads/pipeline/1005492/?filter%5Bcf%5D%5B190651%5D=453950&filter%5Bcf%5D%5B190053%5D=413847&filter%5Bcf%5D%5B190049%5D%5Bfrom%5D=8.09.2018&filter%5Bcf%5D%5B190049%5D%5Bto%5D=8.09.2018&filter%5Btags_logic%5D=or&useFilter=y','a1etuh0ag2u8du94olgaha6sec@google.com',NULL,1,12,1),(493,NULL,476,35,21,NULL,'2018-09-09','11:00:00',NULL,'vakr7oab04clntep5vktfp1hlg@google.com',NULL,1,12,1),(497,NULL,427,33,39,NULL,'2018-08-27','09:00:00','https://codabra.amocrm.ru/leads/pipeline/798337/?filter%5Bcf%5D%5B190651%5D=451202&filter%5Bcf%5D%5B190053%5D=448116&filter%5Bcf%5D%5B190049%5D%5Bfrom%5D=27.08.2018&filter%5Bcf%5D%5B190049%5D%5Bto%5D=27.08.2018&filter%5Btags_logic%5D=or&useFilter=y','n4e0370tpvin1cndi195s7patc@google.com',NULL,NULL,15,1),(499,NULL,482,40,55,62,'2018-06-05','15:00:00',NULL,'ia314lo8uk4c5d38r8ja6r4btg@google.com',180,5,8,1),(500,NULL,326,45,38,NULL,'2018-07-02','09:00:00','https://codabra.amocrm.ru/leads/pipeline/798337/?filter%5Bcf%5D%5B190651%5D=450340&filter%5Bcf%5D%5B190053%5D=448116&filter%5Bcf%5D%5B190049%5D%5Bfrom%5D=2.07.2018&filter%5Bcf%5D%5B190049%5D%5Bto%5D=2.07.2018&filter%5Btags_logic%5D=or&useFilter=y','cpnts0qrt9cg55ftlta85ute50@google.com',NULL,2,15,1),(501,NULL,490,34,45,NULL,'2018-07-23','09:00:00',NULL,'ubaa8ie0b57mf0u6rflrghuehs@google.com',NULL,NULL,0,1),(502,NULL,491,34,44,NULL,'2018-08-06','09:00:00',NULL,'tkaaq1u6m8l4t0m0e4porkcstk@google.com',NULL,NULL,0,1),(503,NULL,492,34,48,NULL,'2018-07-23','09:00:00',NULL,'i7j2ntak9a2u1b0fgi8c3dtlpo@google.com',NULL,NULL,15,1),(504,NULL,493,34,43,NULL,'2018-08-06','09:00:00','https://codabra.amocrm.ru/leads/pipeline/798337/?filter%5Bcf%5D%5B190651%5D=451172&filter%5Bcf%5D%5B190053%5D=448116&filter%5Bcf%5D%5B190049%5D%5Bfrom%5D=6.08.2018&filter%5Bcf%5D%5B190049%5D%5Bto%5D=6.08.2018&filter%5Btags_logic%5D=or&useFilter=y','1p353bjmcn2ec5fpvtkd49ii60@google.com',NULL,NULL,15,1),(506,NULL,497,48,60,66,'2018-08-27','09:00:00',NULL,'m8scuqruub4auo712j8nq871p0@google.com',NULL,7,15,1),(507,NULL,500,49,58,66,'2018-08-06','09:00:00','https://codabra.amocrm.ru/leads/pipeline/798337/?filter%5Bcf%5D%5B190651%5D=461798&filter%5Bcf%5D%5B190053%5D=448116&filter%5Bcf%5D%5B190049%5D%5Bfrom%5D=6.08.2018&filter%5Bcf%5D%5B190049%5D%5Bto%5D=6.08.2018&filter%5Btags_logic%5D=or&useFilter=y','c9r5raopengbheqfjin6bgst8g@google.com',NULL,7,15,1),(508,NULL,502,49,60,NULL,'2018-08-13','09:00:00',NULL,'p0r8o132iueqjv998n95bijeec@google.com',NULL,7,15,1),(510,NULL,7,13,5,7,'2017-11-02','14:00:00',NULL,'g8a818vjs50cgrndj1ruufub98@google.com',NULL,1,0,1),(511,NULL,505,49,59,NULL,'2018-08-20','09:00:00','https://codabra.amocrm.ru/leads/pipeline/798337/?filter%5Bcf%5D%5B190651%5D=461802&filter%5Bcf%5D%5B190053%5D=448116&filter%5Bcf%5D%5B190049%5D%5Bfrom%5D=20.08.2018&filter%5Bcf%5D%5B190049%5D%5Bto%5D=20.08.2018&filter%5Btags_logic%5D=or&useFilter=y','nhj3t7vq57lfd952r40bahqlac@google.com',NULL,7,15,1),(512,NULL,510,14,5,NULL,'2018-09-02','11:00:00',NULL,'am5om73cpdb1p2ioo35e3tinf8@google.com',180,1,10,1),(513,NULL,511,14,10,NULL,'2018-09-02','14:30:00','https://codabra.amocrm.ru/leads/pipeline/912136/?filter%5Bcf%5D%5B190651%5D=458940&filter%5Bcf%5D%5B190053%5D=413833&filter%5Bcf%5D%5B190049%5D%5Bfrom%5D=2.09.2018&filter%5Bcf%5D%5B190049%5D%5Bto%5D=2.09.2018&filter%5Btags_logic%5D=or&useFilter=y','u7i7apaeqm3vce71drl2otqp5g@google.com',180,1,10,1),(514,NULL,512,14,15,NULL,'2018-09-02','14:30:00','https://codabra.amocrm.ru/leads/pipeline/798337/?filter%5Bcf%5D%5B190651%5D=458942&filter%5Bcf%5D%5B190053%5D=413833&filter%5Bcf%5D%5B190049%5D%5Bfrom%5D=2.09.2018&filter%5Bcf%5D%5B190049%5D%5Bto%5D=2.09.2018&filter%5Btags_logic%5D=or&useFilter=y','jsava0pgjthtio7k7pkqe6o82o@google.com',180,1,10,1),(515,NULL,513,14,11,NULL,'2018-09-02','18:00:00','https://codabra.amocrm.ru/leads/pipeline/826213/?filter%5Bcf%5D%5B190651%5D=458944&filter%5Bcf%5D%5B190053%5D=413847&filter%5Bcf%5D%5B190049%5D%5Bfrom%5D=2.09.2018&filter%5Bcf%5D%5B190049%5D%5Bto%5D=2.09.2018&filter%5Btags_logic%5D=or&useFilter=y','p2b6gbl446bd2j014njred8vi4@google.com',180,1,10,1),(516,NULL,514,50,22,NULL,'2018-09-09','11:00:00',NULL,NULL,180,1,12,1),(518,NULL,516,50,12,NULL,'2018-09-08','18:00:00','https://codabra.amocrm.ru/leads/pipeline/1239987/?filter%5Bcf%5D%5B190651%5D=458950&filter%5Bcf%5D%5B190053%5D=413847&filter%5Bcf%5D%5B190049%5D%5Bfrom%5D=8.09.2018&filter%5Bcf%5D%5B190049%5D%5Bto%5D=8.09.2018&filter%5Btags_logic%5D=or&useFilter=y',NULL,180,1,12,1),(519,NULL,521,40,55,NULL,'2018-07-02','14:30:00',NULL,'ha8pa0pp8j94b3gh7csh4mm6co@google.com',180,NULL,8,1),(520,NULL,532,36,70,NULL,'2018-07-09','09:00:00','https://codabra.amocrm.ru/leads/pipeline/592459/?filter%5Bcf%5D%5B190651%5D=452766&filter%5Bcf%5D%5B190053%5D=448116&filter%5Bcf%5D%5B190049%5D%5Bfrom%5D=9.07.2018&filter%5Bcf%5D%5B190049%5D%5Bto%5D=9.07.2018&filter%5Btags_logic%5D=or&useFilter=y','poth5pneehkdci5lvb2kc3oflg@google.com',NULL,6,15,1),(521,NULL,533,51,65,NULL,'2018-08-20','11:00:00','https://codabra.amocrm.ru/leads/pipeline/1239987/?filter%5Bcf%5D%5B190651%5D=undefined&filter%5Bcf%5D%5B190053%5D=413819&filter%5Bcf%5D%5B190049%5D%5Bfrom%5D=20.08.2018&filter%5Bcf%5D%5B190049%5D%5Bto%5D=20.08.2018&filter%5Btags_logic%5D=or&useFilter=y','mr094ved2p7rv2oboen2l65fn4@google.com',180,NULL,12,1),(522,NULL,534,51,27,NULL,'2018-08-27','16:00:00','https://codabra.amocrm.ru/leads/pipeline/592459/?filter%5Bcf%5D%5B190651%5D=undefined&filter%5Bcf%5D%5B190053%5D=413839&filter%5Bcf%5D%5B190049%5D%5Bfrom%5D=27.08.2018&filter%5Bcf%5D%5B190049%5D%5Bto%5D=27.08.2018&filter%5Btags_logic%5D=or&useFilter=y','neaplihiaar4ms9sbmsrhjivak@google.com',180,1,12,1),(523,NULL,535,51,66,NULL,'2018-08-06','16:00:00','https://codabra.amocrm.ru/leads/pipeline/592459/?filter%5Bcf%5D%5B190651%5D=461826&filter%5Bcf%5D%5B190053%5D=413839&filter%5Bcf%5D%5B190049%5D%5Bfrom%5D=6.08.2018&filter%5Bcf%5D%5B190049%5D%5Bto%5D=6.08.2018&filter%5Btags_logic%5D=or&useFilter=y','1srnonfvukrjjov4vv53np1j1s@google.com',180,NULL,12,1),(524,NULL,536,51,68,NULL,'2018-06-30','16:00:00',NULL,'kg8p7msef7ol2c3fl9vdpm1ufc@google.com',180,NULL,12,1),(525,NULL,537,51,67,NULL,'2018-08-13','16:00:00','https://codabra.amocrm.ru/leads/pipeline/1239987/?filter%5Bcf%5D%5B190651%5D=461828&filter%5Bcf%5D%5B190053%5D=413839&filter%5Bcf%5D%5B190049%5D%5Bfrom%5D=13.08.2018&filter%5Bcf%5D%5B190049%5D%5Bto%5D=13.08.2018&filter%5Btags_logic%5D=or&useFilter=y','skjkjeq3uei8lkm6gq1ncc6vmk@google.com',180,NULL,12,1),(526,NULL,536,51,68,NULL,'2018-07-30','16:00:00','https://codabra.amocrm.ru/leads/pipeline/1239987/?filter%5Bcf%5D%5B190651%5D=461830&filter%5Bcf%5D%5B190053%5D=413839&filter%5Bcf%5D%5B190049%5D%5Bfrom%5D=30.07.2018&filter%5Bcf%5D%5B190049%5D%5Bto%5D=30.07.2018&filter%5Btags_logic%5D=or&useFilter=y','9tkne6g635rfrr69824guh9fc8@google.com',180,1,12,1),(527,NULL,546,48,59,66,'2018-08-13','09:00:00','https://codabra.amocrm.ru/leads/pipeline/798337/?filter%5Bcf%5D%5B190651%5D=461808&filter%5Bcf%5D%5B190053%5D=448116&filter%5Bcf%5D%5B190049%5D%5Bfrom%5D=13.08.2018&filter%5Bcf%5D%5B190049%5D%5Bto%5D=13.08.2018&filter%5Btags_logic%5D=or&useFilter=y','j5gs4ea46n9pjm6rpa5id362is@google.com',NULL,7,15,1),(528,NULL,498,49,57,NULL,'2018-08-27','09:00:00','https://codabra.amocrm.ru/leads/pipeline/798337/?filter%5Bcf%5D%5B190651%5D=461804&filter%5Bcf%5D%5B190053%5D=448116&filter%5Bcf%5D%5B190049%5D%5Bfrom%5D=27.08.2018&filter%5Bcf%5D%5B190049%5D%5Bto%5D=27.08.2018&filter%5Btags_logic%5D=or&useFilter=y','77ru5k8sa5jeo4f837dd7m3154@google.com',NULL,7,15,1),(529,NULL,501,48,57,NULL,'2018-08-20','09:00:00',NULL,'ooll576afgcqi56agun01mftgs@google.com',NULL,7,15,1),(530,NULL,120,13,69,6,'2018-08-04','11:11:00',NULL,NULL,11,NULL,11,1),(531,NULL,120,13,69,6,'2018-08-04','11:11:00',NULL,NULL,11,NULL,11,1),(532,NULL,120,13,69,6,'2018-08-04','11:11:00',NULL,NULL,11,NULL,11,1),(533,NULL,120,13,69,6,'2018-07-30','11:11:00',NULL,NULL,11,NULL,11,1),(534,NULL,120,13,69,6,'2018-07-30','11:11:00',NULL,NULL,11,NULL,11,1),(535,NULL,120,13,69,6,'2018-07-30','11:11:00',NULL,NULL,11,NULL,11,1),(536,NULL,120,13,69,6,'2018-07-30','11:11:00',NULL,'bpqds2ip14rj9rjv2b4ph5d440@google.com',11,NULL,11,1),(537,NULL,555,52,6,NULL,'2018-09-15','14:30:00',NULL,'hkrp5k14fvj2g83clm19umln6k@google.com',180,1,12,1),(538,NULL,556,52,9,NULL,'2019-09-15','18:00:00',NULL,'usbuokchrk8cskciakl4isfpl8@google.com',180,1,12,1),(539,NULL,557,52,22,NULL,'2018-09-16','11:00:00',NULL,'nejnq3e75d1c86isdl4rvvvbbc@google.com',180,1,12,1),(540,NULL,558,52,66,NULL,'2018-09-16','14:30:00',NULL,'tuffsomupnjjer694dl05b38ls@google.com',180,1,12,1),(541,NULL,559,52,12,NULL,'2018-09-16','18:00:00',NULL,'0cb8h5d9h7vmmq4ub9fjleigu0@google.com',180,1,12,1),(542,NULL,560,51,22,NULL,'2018-09-15','14:30:00',NULL,'9cpeet08vv0crphkr5pvc1l798@google.com',180,1,12,1),(543,NULL,561,51,12,NULL,'2018-09-15','18:00:00',NULL,'57b3r9ikd45t0cgpc07du9vl8g@google.com',180,1,12,1),(544,NULL,562,51,4,NULL,'2018-09-16','11:00:00',NULL,'1ubippvr1n1hgi8h832n2ih1hk@google.com',180,1,12,1),(545,NULL,563,51,16,NULL,'2018-09-16','14:30:00',NULL,'f3ggn9l891l23i663fttrmnvdc@google.com',180,1,12,1),(546,NULL,564,51,10,NULL,'2018-09-16','18:00:00',NULL,'bbhklqlbiogu0ln0895dv3ag6g@google.com',180,1,12,1),(547,NULL,565,18,5,NULL,'2018-09-22','14:30:00',NULL,NULL,180,1,12,1),(548,NULL,566,18,10,NULL,'2018-09-22','18:00:00',NULL,NULL,180,1,12,1),(549,NULL,567,18,21,NULL,'2018-09-23','11:00:00',NULL,NULL,180,1,12,1),(550,NULL,568,18,8,NULL,'2018-09-23','14:30:00',NULL,NULL,180,1,12,1),(551,NULL,569,50,66,NULL,'2018-09-22','14:30:00',NULL,'23aspfcr5p4966e0bkgeskuh1k@google.com',180,1,12,1),(552,NULL,570,50,13,NULL,'2018-09-23','14:30:00',NULL,'dngnpr49iasectbgedl3n1s5qs@google.com',180,1,12,1),(553,NULL,510,14,5,NULL,'0218-09-02','11:00:00',NULL,'1111111111',180,1,10,1),(554,NULL,510,14,5,NULL,'0218-09-09','11:00:00',NULL,'1111111111',180,1,10,0),(555,NULL,510,14,5,NULL,'0218-09-16','11:00:00',NULL,'1111111111',180,1,10,0),(556,NULL,510,14,5,NULL,'0218-09-23','11:00:00',NULL,'1111111111',180,1,10,0),(557,NULL,510,14,5,NULL,'0218-09-30','11:00:00',NULL,'1111111111',180,1,10,0),(558,NULL,510,14,5,NULL,'0218-10-07','11:00:00',NULL,'1111111111',180,1,10,0),(559,NULL,510,14,5,NULL,'0218-10-14','11:00:00',NULL,'1111111111',180,1,10,0),(560,NULL,510,14,5,NULL,'0218-10-21','11:00:00',NULL,'1111111111',180,1,10,0);
/*!40000 ALTER TABLE `lesson` ENABLE KEYS */;
UNLOCK TABLES;

--
-- Table structure for table `migration`
--

DROP TABLE IF EXISTS `migration`;
/*!40101 SET @saved_cs_client     = @@character_set_client */;
/*!40101 SET character_set_client = utf8 */;
CREATE TABLE `migration` (
  `version` varchar(180) NOT NULL,
  `apply_time` int(11) DEFAULT NULL,
  PRIMARY KEY (`version`)
) ENGINE=InnoDB DEFAULT CHARSET=latin1;
/*!40101 SET character_set_client = @saved_cs_client */;

--
-- Dumping data for table `migration`
--

LOCK TABLES `migration` WRITE;
/*!40000 ALTER TABLE `migration` DISABLE KEYS */;
INSERT INTO `migration` VALUES ('m000000_000000_base',1532761224),('m180619_145131_create_product_table',1532761240),('m180619_150757_create_course_column',1532761240),('m180619_151151_create_fk_product',1532761240),('m180705_113309_product_add_column',1532761240),('m180706_094657_create_table_students',1532761240),('m180709_065817_students_add_column',1532761240),('m180709_141955_students_add_column',1532761240),('m180709_163312_students_alter_column',1532761240),('m180722_092616_add_columns_capacity',1532761240),('m180724_145028_students_add_columns',1532761241),('m180728_184230_course_in_city_add_column',1532848248),('m180731_153110_students_add_column',1533051493);
/*!40000 ALTER TABLE `migration` ENABLE KEYS */;
UNLOCK TABLES;

--
-- Table structure for table `product`
--

DROP TABLE IF EXISTS `product`;
/*!40101 SET @saved_cs_client     = @@character_set_client */;
/*!40101 SET character_set_client = utf8 */;
CREATE TABLE `product` (
  `id` int(11) NOT NULL AUTO_INCREMENT,
  `name` varchar(255) COLLATE utf8mb4_unicode_ci NOT NULL,
  `city_id` int(10) unsigned NOT NULL,
  `amo_paid_view` tinyint(1) DEFAULT NULL,
  `amo_trial_view` tinyint(1) DEFAULT NULL,
  PRIMARY KEY (`id`),
  KEY `fk_product_city` (`city_id`),
  CONSTRAINT `fk_product_city` FOREIGN KEY (`city_id`) REFERENCES `city` (`city_id`)
) ENGINE=InnoDB AUTO_INCREMENT=14 DEFAULT CHARSET=utf8mb4 COLLATE=utf8mb4_unicode_ci;
/*!40101 SET character_set_client = @saved_cs_client */;

--
-- Dumping data for table `product`
--

LOCK TABLES `product` WRITE;
/*!40000 ALTER TABLE `product` DISABLE KEYS */;
INSERT INTO `product` VALUES (2,'Офлайн-курсы (Москва)',1,1,1),(3,'Офлайн-курсы (СПБ)',2,1,1),(4,'Офлайн-курсы (Нск)',7,1,1),(5,'Офлайн-курсы(Екб)',6,1,1),(6,'Офлайн-курсы(Уфа)',5,1,1),(7,'Лагерь (Москва)',1,1,1),(8,'Лагерь (Екб)',6,1,1),(9,'Лагерь (Нск)',7,1,1),(11,'Лагерь (Спб)',2,1,1),(13,'Лагерь (Уфа)',5,1,1);
/*!40000 ALTER TABLE `product` ENABLE KEYS */;
UNLOCK TABLES;

--
-- Table structure for table `students`
--

DROP TABLE IF EXISTS `students`;
/*!40101 SET @saved_cs_client     = @@character_set_client */;
/*!40101 SET character_set_client = utf8 */;
CREATE TABLE `students` (
  `id` int(11) NOT NULL AUTO_INCREMENT,
  `last_name` varchar(255) COLLATE utf8mb4_unicode_ci DEFAULT NULL,
  `first_name` varchar(255) COLLATE utf8mb4_unicode_ci DEFAULT NULL,
  `group_id` int(11) unsigned DEFAULT NULL,
  `lead_id` int(11) unsigned DEFAULT NULL,
  `control_sum` bigint(20) DEFAULT NULL,
  `p_last_name` varchar(255) COLLATE utf8mb4_unicode_ci DEFAULT NULL,
  `p_first_name` varchar(255) COLLATE utf8mb4_unicode_ci DEFAULT NULL,
  `p_mid_name` varchar(255) COLLATE utf8mb4_unicode_ci DEFAULT NULL,
  `budget` int(11) DEFAULT NULL,
  `notebook` varchar(255) COLLATE utf8mb4_unicode_ci DEFAULT NULL,
  `email` varchar(255) COLLATE utf8mb4_unicode_ci DEFAULT NULL,
  `phone` varchar(30) COLLATE utf8mb4_unicode_ci DEFAULT NULL,
  PRIMARY KEY (`id`),
  UNIQUE KEY `control_sum_un` (`control_sum`),
  KEY `fk_students_group` (`group_id`),
  CONSTRAINT `fk_students_group` FOREIGN KEY (`group_id`) REFERENCES `group` (`group_id`)
) ENGINE=InnoDB AUTO_INCREMENT=173 DEFAULT CHARSET=utf8mb4 COLLATE=utf8mb4_unicode_ci;
/*!40101 SET character_set_client = @saved_cs_client */;

--
-- Dumping data for table `students`
--

LOCK TABLES `students` WRITE;
/*!40000 ALTER TABLE `students` DISABLE KEYS */;
INSERT INTO `students` VALUES (1,'Давыдов','Андрей',343,8338052,3438338052,'Давыдов','Андрей','',NULL,'Выбрать','zasadaa@yandex.ru',NULL),(2,'Макарова','Саша',419,8778378,4198778378,'Макаров','Александр','Николаевич',NULL,'...Выбрать','am@knwlab.com',NULL),(3,'Виноградов','Сергей',548,8768978,5488768978,'Виноградова','Екатерина','',NULL,'...Выбрать','grapeekaterina@gmail.com',NULL),(4,'Ефименко','Дима',436,8741386,4368741386,'','Ирина','',NULL,'Выбрать','efimenkoii@yandex.ru',NULL),(5,'Меншаков','Константин',440,8780872,4408780872,'Потапова','Ольга','',NULL,'Выбрать','',NULL),(6,'Медведева','Бажена',547,8763554,5478763554,'Медведева','Зинаида','',NULL,'...Выбрать','',NULL),(8,'Мельникова','Александра',507,8380107,5078380107,'Мельников','Александр','Витальевич',NULL,'...Выбрать','shasha1971@list.ru',NULL),(9,'Николенко','Дарья',547,8476734,5478476734,'Николенко','Евгения','',NULL,'...Выбрать','',NULL),(10,'','Емели',548,8593038,5488593038,'','Ирина','',NULL,'Выбрать','',NULL),(11,'Чуханцев','Дмитрий',547,8764030,5478764030,'Чуханцева','Любовь','',NULL,'Выбрать','',NULL),(12,'Корчагин','Сергей',549,8764114,5498764114,'Шевелева','Ольга','',NULL,'Выбрать','',NULL),(13,'Сидоренко','Анна',474,8780664,4748780664,'Сидоренко','Дмитрий','',NULL,'Выбрать','sidorenkoda@gmail.com',NULL),(14,'Колмичук','Сергей',507,8780420,5078780420,'Колмичук','Татьяна','',NULL,'...Выбрать','',NULL),(15,'Попов','Иван',547,8476802,5478476802,'Самойлова','Елена','',NULL,'...Выбрать','van200906samoilova@yandex.ru',NULL),(16,'Попов','Иван',507,8476802,5078476802,'Самойлова','Елена','',NULL,'Выбрать','van200906samoilova@yandex.ru',NULL),(17,'Гаан','Арсений',507,8465726,5078465726,'Гаан','Татьяна','Юрьевна',NULL,'...Выбрать','smoleva85@mail.ru',NULL),(18,'1','1',537,8785562,5378785562,'Шлег','Дмитрий','',NULL,'...Выбрать','universefmrus@gmail.com',NULL),(19,'Дзятко','Михаил',507,8684312,5078684312,'Дзятко','Наталья','',NULL,'...Выбрать','dzyatkodn@yandex.ru',NULL),(20,'Голышев','Светлослав',535,8754624,5358754624,'Голышева','Олеся','Сергеевна',NULL,'Выбрать','',NULL),(21,'Медведев','Алексей',418,8722244,4188722244,'Емельяненько','Елена','',NULL,'Выбрать','eemelyanenko@kpmg.ru',NULL),(22,'Медведев','Алексей',419,8788740,4198788740,'Емельяненько','Елена','',NULL,'Выбрать','eemelyanenko@kpmg.ru',NULL),(24,'','Лука Венеция',344,8738379,3448738379,'','','',NULL,'Выбрать','venezia77@yandex.ru',NULL),(25,'Быстрых','Елизавета',547,8782024,5478782024,'Быстрых','Наталья','',NULL,'...Выбрать','',NULL),(26,'Михайлов','Егор',547,8360692,5478360692,'Михайлов','Юлия','',NULL,'Выбрать','pedalka-54@yandex.ru',NULL),(27,'Лапушкина','Алиса',507,8786172,5078786172,'Лапушкин','Антон','',NULL,'Выбрать','',NULL),(28,'Захарова','София',429,8217804,4298217804,'Захарова','Ирина','Владимировна',NULL,'Выбрать','i.tashkina@yandex.ru',NULL),(29,'Семенюк','Станислав',547,8391982,5478391982,'','Инна','',NULL,'Выбрать','inna5469@mail.ru',NULL),(30,'Квашин','Антон',547,8517636,5478517636,'Квашина','Валерия','',NULL,'Выбрать','lerikiff@gmail.com',NULL),(31,'Филатов','Илья',549,8568196,5498568196,'','Анна','',NULL,'Выбрать','anitajana35@gmail.com',NULL),(32,'Коробицкий','Георгий',507,8546934,5078546934,'Иванова','Ольга','',NULL,'Выбрать','',NULL),(33,'Коробицкий','Георгий',547,8546934,5478546934,'Иванова','Ольга','',NULL,'Выбрать','',NULL),(34,'Кутовой','Антон',414,8779674,4148779674,'Кутовая','Елена','',17,'Выбрать','ekutovaya@gmail.com',NULL),(35,'Бодрянков','Алексей',422,8267864,4228267864,'Бодренкова','Анна','',17,'Выбрать','bodrenkovaa@gmail.com',NULL),(36,'Назаров','Михаил',349,8794406,3498794406,'Назарова','Татьяна','',16,'Выбрать','tanashm@mail.ru',NULL),(37,'Назаров','Михаил',349,8794416,3498794416,'Назарова','Татьяна','',16,'Выбрать','tanashm@mail.ru',NULL),(38,'','',417,5985472,4175985472,'Николаева','Анна','',20,'Выбрать','Anna.nikolaeva@gmail.com',NULL),(39,'','',343,3365515,3433365515,'Филатова','Алина','',20,'Выбрать','afilatova@me.com',NULL),(40,'Смольникова','Александра',549,8791596,5498791596,'Смольникова','Наталья','',NULL,'...Выбрать','natali5.78@mail.ru',NULL),(41,'','',547,8796258,5478796258,'','','',NULL,'...Выбрать','ev.designe@yandex.ru',NULL),(42,'Ушко','Михаил',552,8796482,5528796482,'Ушко','Елена','Сергеевна',NULL,'Выбрать','pyshkina_elena@mail.ru',NULL),(43,'Судариков','Сева',552,8532886,5528532886,'Соколовская','Юлия','',NULL,'Выбрать','jsokolovskaya7@mail.ru',NULL),(44,'1','1',553,8800262,5538800262,'Шлег','Дмитрий','',NULL,'...Выбрать','universefmrus@gmail.com',NULL),(46,'Судариков','Сева',553,8532886,5538532886,'Соколовская','Юлия','',NULL,'Выбрать','jsokolovskaya7@mail.ru',NULL),(47,'Судариков','Сева',552,8797368,5528797368,'Соколовская','Юлия','',NULL,'Выбрать','jsokolovskaya7@mail.ru',NULL),(48,'Кириллов','Егор',553,8796592,5538796592,'Спассенникова','Елена','',NULL,'Выбрать','spasennikova@bk.ru',NULL),(49,'Кириллов','Егор',553,8800952,5538800952,'Спассенникова','Елена','',NULL,'Выбрать','spasennikova@bk.ru',NULL),(50,'Кириллов','Егор',553,8800988,5538800988,'Спассенникова','Елена','',NULL,'Выбрать','spasennikova@bk.ru',NULL),(51,'Спасенникова','Анастасия',553,8801042,5538801042,'Спасенникова','Елена','',NULL,'Выбрать','spasennikova@bk.ru',NULL),(52,'','',424,8799008,4248799008,'Коваленко','Ирина','',19,'Выбрать','Inefedova@mail.ru',NULL),(53,'','',511,6184380,5116184380,'Хомутова','Светлана','',19,'свой','s_homutova@mail.ru',NULL),(54,'Кричевский','Кирилл',426,8667032,4268667032,'Кричевская','Ольга','',NULL,'Выбрать','sillva@list.ru',NULL),(55,'','',548,8797128,5488797128,'','','',NULL,'Выбрать','',NULL),(56,'','',547,8797190,5478797190,'','','',NULL,'...Выбрать','',NULL),(57,'Жигалов','Даниил',552,8525916,5528525916,'Волкова','Екатерина','',NULL,'Выбрать','volkovadigm@yandex.ru',NULL),(58,'Кравченко','Владимир',535,8804500,5358804500,'Кравченко','Ирина','',20,'Выбрать','esca2004@list.ru',NULL),(59,'Немерюк','Егор',513,5123625,5135123625,'Немерюк','Алексей','Алексеевич',19,'свой','anem75@gmail.com',NULL),(60,'Поляков','Александр',549,8551810,5498551810,'Полякова','Ольга','',NULL,'...Выбрать','',NULL),(61,'Ширяев','Дмитрий',552,8786088,5528786088,'Ширяев','Вячеслав','',18,'...Выбрать','slava.eduardov@gmail.com',NULL),(62,'Колушов','Григорий',414,8791702,4148791702,'Куликова','Александра','',NULL,'Выбрать','aokulikova@mail.ru',NULL),(63,'Лунтовский','Иван',535,8794646,5358794646,'Лунтовская','Нина','',17,'Выбрать','nina.luntovskaya@yandex.ru',NULL),(64,'Лунтовский','Иван',535,8806344,5358806344,'Лунтовская','Нина','',17,'Выбрать','nina.luntovskaya@yandex.ru',NULL),(65,'Гулаг','Егор',429,8796900,4298796900,'Галецкая','Лариса','',15,'Выбрать','galora@mail.ru',NULL),(66,'Авезян','Тигран ',419,7639476,4197639476,'Токарева','Виктория','Александровна',NULL,'Выбрать','vtokareva@mail.ru',NULL),(67,'Шмелев','Егор',552,8807208,5528807208,'Раджабова','Лидия','',NULL,'Выбрать','shtern00@mail.ru',NULL),(68,'Черкашин','Владмир Вадимочив',414,8807770,4148807770,'Черкашина','Анна','',18,'Выбрать','Anna.cherkashina@megafon.ru',NULL),(70,'Горшунов','Всеволод',553,8725880,5538725880,'Горшунова','Елена','',NULL,'Выбрать','trofka@gmail.com',NULL),(71,'Аваков','Александр',552,8807930,5528807930,'Аваков','Артем','',NULL,'...Выбрать','avakoff@inbox.ru',NULL),(72,'Аваков','Александр',553,8808246,5538808246,'Аваков','Артем','',NULL,'Выбрать','avakoff@inbox.ru',NULL),(73,'','',516,6908928,5166908928,'Зенка','Мария','',19,'Выбрать','maria_zenka@mail.ru',NULL),(74,'Наумов','Максим',552,8809268,5528809268,'Павлова','Светлана','',NULL,'...Выбрать','pavlovasveta@inbox.ru',NULL),(75,'Клинцов','Фаддей',476,8717376,4768717376,'Никитина','Кристина','',NULL,'Выбрать','kristin911@yandex.ru',NULL),(76,'Мергасов','Тимур',431,8795432,4318795432,'Царева','Наталья','',NULL,'Выбрать','timmy_26@mail.ru',NULL),(77,'Лебедева','Ольга Александровна',431,7137112,4317137112,'Лучина','Марина','Александровна',17,'Выбрать','marina.luchina@mediascope.net',NULL),(78,'Сержантов','Алексей',510,5124335,5105124335,'Малеева','Мария','',19,'Выбрать','Masha.maleeva@gmail.com',NULL),(79,'Бесчетников','Андрей',440,8795162,4408795162,'Бесчетников','Александр','Николаевич',NULL,'Выбрать','a.beschetnikov@gmail.com',NULL),(80,'Емельянова','Ксения',341,8811390,3418811390,'','Марина','',21,'...Выбрать','lubob_ishutina@mail.ru',NULL),(81,'Игонина','Диана',549,8812830,5498812830,'Игонина','Наталья','',NULL,'...Выбрать','nata_igonina@list.ru',NULL),(82,'Чун','Юна',552,8812140,5528812140,'Ким','Виталина','',NULL,'...Выбрать','kim.vitalina2011@yandex.ru',NULL),(83,'Ляпина','Ксения',552,8814814,5528814814,'Ляпина','Татьяна','',NULL,'...Выбрать','lyapinaty@mail.ru',NULL),(84,'Железнов','Лев',460,8080926,4608080926,'Железнова','Ульяна','',13,'Выбрать','ulialia@yandex.ru',NULL),(85,'Макова','Дарья',552,8815996,5528815996,'Макова','Наталья','',NULL,'Выбрать','makevkinana@rambler.ru',NULL),(86,'Макова','Дарья',553,8816570,5538816570,'Макова','Наталья','',NULL,'Выбрать','makevkinana@rambler.ru',NULL),(87,'Сталибаев','Артем',549,8807396,5498807396,'Прядко','Ольга','',NULL,'Выбрать','79039038750@yandex.ru',NULL),(89,'Кочергина','Анастасия',553,8811248,5538811248,'Кочергина','Наталья','',NULL,'...Выбрать','sberbank1980@mail.ru',NULL),(90,'Каграманян','Грант',553,8765380,5538765380,'Голубева','Виктория','Васильевна',NULL,'Выбрать','wikilife@gmail.com',NULL),(91,'Бесчетников','Андрей',440,8505270,4408505270,'Бесчетников','Александр','Николаевич',17,'Выбрать','a.beschetnikov@gmail.com',NULL),(92,'Дресвянкин','Борис',552,8811324,5528811324,'Дресвянкин','Антон','',NULL,'Выбрать','Toha_d85@mail.ru',NULL),(93,'Карт','Кристофер',552,8811508,5528811508,'Карт','Мария','',NULL,'Выбрать','maria.kart@gmail.com',NULL),(94,'Карт','Кристофер',552,8817510,5528817510,'Карт','Мария','',NULL,'Выбрать','maria.kart@gmail.com',NULL),(95,'Карт','Кристофер',553,8817540,5538817540,'Карт','Мария','',NULL,'Выбрать','maria.kart@gmail.com',NULL),(96,'Бутцов','Тимофей',552,8811348,5528811348,'Бутцова','Светлана','',NULL,'Выбрать','mirojanka@yandex.ru',NULL),(97,'Фаттахов','Глеб',552,8817694,5528817694,'Фаттахов','Сергей','',NULL,'Выбрать','',NULL),(98,'Фаттахов','Глеб',552,8818066,5528818066,'Фаттахов','Сергей','',NULL,'Выбрать','',NULL),(99,'Пак','Даниил',552,8817558,5528817558,'Ким','Лина','',NULL,'Выбрать','kim-lina@yandex.ru',NULL),(100,'Старицин','Максим',552,5298273,5525298273,'Старицина','Инна','',NULL,'Выбрать','inna.rfashion@gmail.com',NULL),(101,'Русак','Марк',552,8811894,5528811894,'Русак','Алёна','',NULL,'Выбрать','mereseva@mail.ru',NULL),(102,NULL,NULL,NULL,NULL,NULL,NULL,NULL,NULL,NULL,NULL,NULL,NULL),(103,NULL,NULL,NULL,NULL,NULL,NULL,NULL,NULL,NULL,NULL,NULL,NULL),(105,'Любкин','Никита',455,8774272,4558774272,'Фарносова','Валентина','',13,'Выбрать','valya731@yandex.ru',NULL),(106,'Родина','Софья',553,8812338,5538812338,'Родина','Марина','',NULL,'Выбрать','srodina02@yandex.ru',NULL),(107,'','',554,8720930,5548720930,'','Наталья','',NULL,'Выбрать','yfnecz510@yandex.ru',NULL),(108,'Александров','Никита',535,8821718,5358821718,'Александров','Александр','Павлович',NULL,'...Выбрать','6074793@gmail.com',NULL),(111,'','',554,8822802,5548822802,'Ларкин','Андрей','',NULL,'Выбрать','alarkin@yandex.ru',''),(112,'Гнездюкова','Ангелина',537,8737662,5378737662,'Гнездюкова','Ирина','',18,'Выбрать','irinagnez@mail.ru',NULL),(113,'Жирновая','Александра-Станислава',554,8782214,5548782214,'Жирновой','Станислав','',NULL,'Выбрать','79857217227@yandex.ru',''),(114,'Жирновая','Александра-Станислава',554,8824046,5548824046,'Жирновой','Станислав','',NULL,'Выбрать','79857217227@yandex.ru',''),(115,'Жирновая','Александра-Станислава',554,8824062,5548824062,'Жирновой','Станислав','',NULL,'Выбрать','79857217227@yandex.ru',''),(116,'Сафизова','Нилюфар',554,8824250,5548824250,'Маматкулова','Наргиза','',NULL,'...Выбрать','mamatkulova1982@list.ru',''),(117,'Сафизова','Нилюфар',554,8824378,5548824378,'Маматкулова','Наргиза','',NULL,'Выбрать','mamatkulova1982@list.ru',''),(118,'Елистратов','Владимир',436,8809350,4368809350,'','Алексей','',NULL,'Выбрать','alex.elistratov@gmail.com',''),(119,'Соболев','Кирилл',343,8698508,3438698508,'','Татьяна','',NULL,'Выбрать','btp_@mail.ru',''),(120,'Шишаев','Федор',415,8824300,4158824300,'Титова','Ирина','',18320,'Выбрать','redfox2710@gmail.com',''),(121,'Монаенко','Максим',414,8824502,4148824502,'Монаенко','Александр','',NULL,'...Выбрать','a.monaenko@gmail.com',''),(122,'Дробышева','Елизавета',549,8684430,5498684430,'Дробышева','Ирина','',NULL,'Выбрать','',''),(123,'Скворцов','Андрей',549,8610586,5498610586,'Скворцов','Сергей','',NULL,'Выбрать','',''),(124,'Осипов','Анатолий',549,8568796,5498568796,'Осипов','Юрий','',NULL,'Выбрать','rusoptica@list.ru',''),(125,'Осипов','Анатолий',549,8569022,5498569022,'Осипов','Юрий','',NULL,'Выбрать','rusoptica@list.ru',''),(126,'Сарычева','Мария',548,8553096,5488553096,'Сарычева','Светлана','',NULL,'Выбрать','salana08@mail.ru',''),(127,'Хобта','Дмитрий',549,8827148,5498827148,'Хобта','Надежда','Юрьевна',NULL,'Выбрать','',''),(128,'','',549,8825936,5498825936,'Зырянова','Инна','',NULL,'Выбрать','zyryanova_inna@mail.ru',''),(129,'.','Макар',420,8685960,4208685960,'Демидова','Анна','',NULL,'Выбрать','',''),(130,'.','Макар',420,8829388,4208829388,'Демидова','Анна','',17010,'Выбрать','',''),(131,'Ионов','Даниил',424,8826794,4248826794,'Ионов','Владислав','Игоревич',NULL,'Выбрать','vladislav.ionov@mail.ru',''),(133,'Щукин','Данила',549,8824152,5498824152,'','','',NULL,'Выбрать','',''),(134,'Андрианова','Капитолина',554,8825952,5548825952,'Андрианова','Светлана','',NULL,'Выбрать','andrianovas75@gmail.com',''),(136,'Тосенко','Влад',553,8826588,5538826588,'Тосенко','Ирина ','Владимировна',NULL,'Выбрать','v.tosenko@yandex.ru',''),(137,'Бнаяц','Али',421,8828042,4218828042,'Черпак','Елена','Владимировна',NULL,'...Выбрать','elenaas2603@mail.ru',''),(138,'Шмаков','Иван',423,8828314,4238828314,'','Татьяна','',NULL,'Выбрать','',''),(139,'','',456,8825794,4568825794,'','Ольга','',11815,'Выбрать','',''),(140,'Разбежкин','Иван',554,8824678,5548824678,'Разбежкина','Анна','',NULL,'Выбрать','razbezhkina81@mail.ru',''),(141,'Шапиева','Марьям',554,8832756,5548832756,'Шапиева','Мадина','',NULL,'...Выбрать','myhamunra@gmail.com',''),(142,'Шапиева','Марьям',554,8833800,5548833800,'Шапиева','Мадина','',NULL,'Выбрать','myamunra@gmail.com',''),(143,'','',554,5474493,5545474493,'Савченко','Ольга','',NULL,'Выбрать','fateful@mail.ru',''),(144,'Джалилова','Мария',436,8723803,4368723803,'','','',NULL,'Выбрать','',''),(146,'Булкин','Владимир',553,8834224,5538834224,'Булкина','Ирина','',NULL,'...Выбрать','irucia@bk.ru',''),(147,'Гукосян','Сергей Александрович',418,8838966,4188838966,'Гукосян','Александр','',17955,'Выбрать','al.ne.1985@mail.ru',''),(148,'Гукосян','Сергей Александрович',430,8839184,4308839184,'Гукосян','Александр','',17955,'Выбрать','al.ne.1985@mail.ru',''),(149,'Оздоев Адам','',554,8364742,5548364742,'Оздоева','Зара','',NULL,'Выбрать','zara2@bk.ru',''),(150,'Петушков','Мирослав',343,8821140,3438821140,'','Наталия','',20900,'Выбрать','svetaslava@inbox.ru',''),(151,'','Максим',549,8844122,5498844122,'Мамонтова','Мария','',NULL,'Выбрать','mamontova.m@inbox.ru',''),(152,'','Дарья',548,8821838,5488821838,'Миронова','Анастасия','',NULL,'...Выбрать','a.m.mironova@bk.ru',''),(153,'Степанов','Никита',549,8493346,5498493346,'Балканова','Екатерина','',NULL,'Выбрать','',''),(154,'Секиркин','Артем',549,8433986,5498433986,'Секиркина','Ольга','Владимировна',NULL,'Выбрать','',''),(155,'Томашевский ','Иван',537,8725038,5378725038,'Нетбай','Наталья','',NULL,'Выбрать','netbayn@mail.ru',''),(156,'Синицин','Никита',459,8846926,4598846926,'Синицына','Юлия','Александровна',11900,'Выбрать','',''),(157,'Кожевников','Арсений',507,8433065,5078433065,'Кожевникова','Оксана','',NULL,'...Выбрать','kozhevnikova_oks@mail.ru',''),(158,'Березовский','Владимир',548,8543204,5488543204,'Березовская','Ольга','',NULL,'Выбрать','',''),(159,'Вахнович','Игорь',570,6239018,5706239018,'Некрасова','Татьяна','',19900,'аренда','plees@yandex.ru',''),(160,'Веритенников','Николай',554,8782282,5548782282,'Лукинова','Елена','',NULL,'Выбрать','e.lukinova@mail.ru',''),(161,'Загорский','Алексей',553,8855554,5538855554,'Кощенкова','Мария','',NULL,'...Выбрать','masha-2912@mail.ru',''),(162,'Зенинский','Виталий',553,8809558,5538809558,'Зенинская','Руслана','Марьяновна',NULL,'Выбрать','ruslana210770@mail.ru',''),(164,'Червонцева','Анна',417,8860190,4178860190,'Пивоварова','Ольга','',17955,'Выбрать','oapivovarova@gmail.com',''),(165,'Гринберг','Белла',456,8861094,4568861094,'Гринберг','Елена','',11900,'...Выбрать','lengrinberg@gmail.com',''),(166,'Ребенок 1','11',546,8465966,5468465966,'Давыдова','Марина','',NULL,'Выбрать','m.davydova@inbox.ru',''),(167,'Медведева','Бажена',501,8763554,5018763554,'Медведева','Зинаида','',11900,'...Выбрать','',''),(168,'Сарычева','Мария',497,8553096,4978553096,'Сарычева','Светлана','',11900,'Выбрать','salana08@mail.ru',''),(169,'','Никита',344,8814886,3448814886,'','','',NULL,'Выбрать','shchukin@gmail.com',''),(170,'Оздоев','Адам',535,8364742,5358364742,'Оздоева','Зара','',18800,'Выбрать','zara2@bk.ru',''),(171,'Веритенников','Николай',535,8782282,5358782282,'Лукинова','Елена','',18800,'Выбрать','e.lukinova@mail.ru',''),(172,'Однолько','Варвара',346,8863744,3468863744,'','','',NULL,'Выбрать','elena.odnolko@gmail.com','');
/*!40000 ALTER TABLE `students` ENABLE KEYS */;
UNLOCK TABLES;

--
-- Table structure for table `teacher`
--

DROP TABLE IF EXISTS `teacher`;
/*!40101 SET @saved_cs_client     = @@character_set_client */;
/*!40101 SET character_set_client = utf8 */;
CREATE TABLE `teacher` (
  `teacher_id` smallint(5) unsigned NOT NULL AUTO_INCREMENT,
  `first_name` tinytext,
  `middle_name` tinytext,
  `last_name` tinytext,
  `resume` text,
  `photo` text,
  `email` text,
  `city_id` int(10) unsigned DEFAULT NULL,
  PRIMARY KEY (`teacher_id`),
  KEY `city_ind` (`city_id`),
  CONSTRAINT `teacher_ibfk_1` FOREIGN KEY (`city_id`) REFERENCES `city` (`city_id`)
) ENGINE=InnoDB AUTO_INCREMENT=67 DEFAULT CHARSET=utf8 COMMENT='teachers';
/*!40101 SET character_set_client = @saved_cs_client */;

--
-- Dumping data for table `teacher`
--

LOCK TABLES `teacher` WRITE;
/*!40000 ALTER TABLE `teacher` DISABLE KEYS */;
INSERT INTO `teacher` VALUES (6,'Антон','Глебович','Васильев','МГПУ ИМИЕН «Математика»','https://static.tildacdn.com/tild3435-3332-4462-a533-616538346135/upload43ad4400a51e11.png','anvasmos@gmail.com',1),(7,'Диана','Рауфовна','Салей','СПбГИКиТ «Интерактивного искусства»','https://static.tildacdn.com/tild6238-3836-4339-a230-653436643430/upload488de470a51e11.png','diana.artina@gmail.com',1),(10,'Илья','Алексеевич','Васильев','','','assol050697@gmail.com',1),(11,'Тамара','Эльбрусовна','Гурциева','','','gurcieva.tamara@gmail.com',1),(12,'Илья','Петрович','Салей','','','saley19997@gmail.com',1),(13,'Владислав','Анатольевич','Смирнов','','','smirvla9@gmail.com',1),(14,'Антон','Александрович','Статкевич','','','Ran.stat@gmail.com',1),(15,'Павел','Алексеевич','Дмитриев','','','paveldmitriew5@gmail.com',1),(16,'Артем ','Александрович ','Осипенко','','','adelelain@gmail.com',2),(18,'Михаил ','Александрович','Кадыров','','','mamitlorso@gmail.com',2),(19,'Анна','Александровна','Одинцова','','','odincovaann@gmail.com',2),(20,'Алина','Ренатовна','Садыкова','','','lilinana14@gmail.com',2),(21,'Александр ','Валерьевич','Бижко','','','raven1986rus@gmail.com',2),(22,'Максим','Павлович','Галышкин ','','','braindy.ru@gmail.com',2),(23,'Артем','Сергеевич','Спиваченко','','','swpapermodeling@gmail.com',2),(24,'Оксана','','Распопова','','','oksi339911@gmail.com',1),(25,'Анастасия','Вячеславовна','Петряева','','','darkaz888@gmail.com',1),(27,'Дарья','Дмитриевна','Новоселова','','','dari.gyal@gmail.com',1),(28,'Ольга','Олеговна','Агаханова','','','agahanovaolga@gmail.com',1),(29,'Илья','Сергеевич','Высоцкий','','','vyilse@gmail.com',1),(30,'Роман','Андреевич','Никитин','','','otchepenec42@gmail.com',1),(31,'Дмитрий','Александрович','Филиппов','','','daphilippov95@gmail.com',1),(32,'Даниил','Алексеевич','Марков','','','markoff1415@gmail.com',1),(33,'Илья','','Фурсов','','','ilya.fursow@gmail.com',1),(35,'Дмитий','Дмитриевич','Шлег','','','universefmrus@gmail.com',1),(36,'Дмитрий','Олегович','Карпов','','','fake.lolx16@gmail.com',1),(37,'Ксения','Станиславовна','Исаева','','','kseniya.isaev@gmail.com',1),(39,'Даниил','','Сидоров','','','dan199709@gmail.com',1),(40,'Алексей','','Кабанов','','','greendredemption@gmail.com',1),(41,'Артем','','Ромазанов','','','',1),(42,'Виктор','Валерьевич','Мальков','','','isinfram@gmail.com',1),(44,'Андрей','Александрович','Кост ','','','Kost.org@gmail.com',2),(45,'Владислав','Константинович','Соколов','','','vladislav.k.sokolov@gmail.com',1),(46,'Сергей','Русланович','Серегин','','','Omfgcopter@gmail.com',1),(47,'Максим','Павлович','Фролов','','','mpfrolovstud@gmail.com',1),(48,'Станислав','Сергеевич','Королев','','','ninamut@gmail.com',1),(50,'тест','','тестович','','','aatuline@gmail.com',1),(51,'тестович ','','2','','','codabra.dragon@gmail.com',1),(52,'Артем','Евгеньевич','Смирнов','','','tema31657@gmail.com',1),(53,'Александр','Александрович','Карозин','','','karozin97@gmail.com',2),(54,'Александр','','Кошелев','','','Cahbqa@gmail.com',1),(56,'Тестовый ','','спб','','','',2),(57,'Вячеслав','','Родионов','','','slava594@mail.ru',2),(58,'Илья','','Буров','','','ilya.burov1997@gmail.com',2),(59,'Юля','','Кузьмина','','','siberianjulia@gmail.com',2),(60,'Александр','','Тяпко','','','alextya89@gmail.com',2),(61,'Валентина','','Дидик','','','',1),(62,'Радион','Рустемович','Валиев','','','rodya1994@gmail.com',5),(63,'Антон','Алексеевич','Прохоров','','','antonprox98@mail.ru',5),(64,'Артур','Ринатович','Амиров','','','whdorld@yandex.ru',5),(65,'Владислав','Александрович','Прудников','','','vlad@prudnikov.me',5),(66,'Галина','Юрьевна','Суконкина','','','sukonkina@codabra.org',7);
/*!40000 ALTER TABLE `teacher` ENABLE KEYS */;
UNLOCK TABLES;

--
-- Table structure for table `teacher_in_city`
--

DROP TABLE IF EXISTS `teacher_in_city`;
/*!40101 SET @saved_cs_client     = @@character_set_client */;
/*!40101 SET character_set_client = utf8 */;
CREATE TABLE `teacher_in_city` (
  `teacher_in_city_id` int(10) unsigned NOT NULL AUTO_INCREMENT,
  `teacher_id` smallint(5) unsigned DEFAULT NULL,
  `city_id` int(10) unsigned DEFAULT NULL,
  PRIMARY KEY (`teacher_in_city_id`),
  KEY `teacher_ind` (`teacher_id`),
  KEY `city_ind` (`city_id`),
  CONSTRAINT `teacher_in_city_ibfk_1` FOREIGN KEY (`teacher_id`) REFERENCES `teacher` (`teacher_id`) ON DELETE SET NULL,
  CONSTRAINT `teacher_in_city_ibfk_2` FOREIGN KEY (`city_id`) REFERENCES `city` (`city_id`) ON DELETE SET NULL
) ENGINE=InnoDB DEFAULT CHARSET=utf8 COMMENT='teacher_in_city';
/*!40101 SET character_set_client = @saved_cs_client */;

--
-- Dumping data for table `teacher_in_city`
--

LOCK TABLES `teacher_in_city` WRITE;
/*!40000 ALTER TABLE `teacher_in_city` DISABLE KEYS */;
/*!40000 ALTER TABLE `teacher_in_city` ENABLE KEYS */;
UNLOCK TABLES;

--
-- Table structure for table `trial_lesson`
--

DROP TABLE IF EXISTS `trial_lesson`;
/*!40101 SET @saved_cs_client     = @@character_set_client */;
/*!40101 SET character_set_client = utf8 */;
CREATE TABLE `trial_lesson` (
  `trial_lesson_id` int(10) unsigned NOT NULL AUTO_INCREMENT,
  `group_id` int(10) unsigned DEFAULT NULL,
  `lecture_hall_id` smallint(5) unsigned DEFAULT NULL,
  `course_id` smallint(5) unsigned DEFAULT NULL,
  `teacher_id` smallint(5) unsigned DEFAULT NULL,
  `date_start` date DEFAULT NULL,
  `time_start` time DEFAULT NULL,
  `num_trial` tinytext,
  `lead_link` text,
  `course_date_start` date DEFAULT NULL,
  `calendar_event_id` text,
  `duration` int(11) DEFAULT NULL,
  `city_id` int(10) unsigned DEFAULT NULL,
  `capacity` smallint(5) unsigned NOT NULL,
  `start` tinyint(1) DEFAULT '0',
  PRIMARY KEY (`trial_lesson_id`),
  KEY `city_ind` (`city_id`),
  CONSTRAINT `trial_lesson_ibfk_1` FOREIGN KEY (`city_id`) REFERENCES `city` (`city_id`)
) ENGINE=InnoDB AUTO_INCREMENT=616 DEFAULT CHARSET=utf8 COMMENT='trial_lessons';
/*!40101 SET character_set_client = @saved_cs_client */;

--
-- Dumping data for table `trial_lesson`
--

LOCK TABLES `trial_lesson` WRITE;
/*!40000 ALTER TABLE `trial_lesson` DISABLE KEYS */;
INSERT INTO `trial_lesson` VALUES (106,19,13,5,NULL,'2017-11-30','14:00:00','1','https://codabra.amocrm.ru/leads/pipeline/592459/?filter%5Bcf%5D%5B202119%5D%5Bto%5D=106&filter%5Bcf%5D%5B185143%5D%5Bto%5D=%D0%9C1%D0%9C2','1987-12-03','8k2iilj3727luikd8ucoambt74@google.com',NULL,1,10,1),(107,68,21,7,7,'2017-11-12','12:00:00','','https://codabra.amocrm.ru/leads/pipeline/592459/?filter%5Bcf%5D%5B202119%5D%5Bto%5D=107','2017-11-19','ho2ndie0ee1r2k27fcd3icn11k@google.com',NULL,1,20,1),(108,69,21,12,6,'2017-11-12','14:00:00','','','2017-11-19','q05lmg899j7gh935o38etslglo@google.com',NULL,1,20,1),(109,70,13,12,12,'2017-11-12','16:45:00','','https://codabra.amocrm.ru/leads/pipeline/592459/?filter%5Bcf%5D%5B202119%5D%5Bto%5D=109','2017-11-19','uibeup23cek8qtijajbcjkhvog@google.com',NULL,1,20,1),(110,71,13,12,NULL,'2017-11-11','17:30:00','','','2017-11-25',NULL,NULL,1,20,1),(111,72,21,6,30,'2017-11-11','14:00:00','','https://codabra.amocrm.ru/leads/pipeline/592459/?filter%5Bcf%5D%5B202119%5D%5Bto%5D=111','2017-11-25',NULL,NULL,1,20,1),(112,73,14,4,NULL,'2017-11-12','11:00:00','','','2017-12-03','g2kem8hd94ptbtg4ui6vaf7um4@google.com',NULL,1,0,1),(113,74,21,9,30,'2017-11-11','16:00:00','','','2017-11-25','n74f2b1t47bhvr40b3s9gim6m0@google.com',NULL,1,20,1),(114,75,14,9,NULL,'2017-11-12','14:30:00','','','2017-11-19','emacp8r4f6ms2pvef4ml85ujlc@google.com',NULL,1,20,1),(149,78,13,7,24,'2017-11-18','10:30:00','1','','2017-12-02','v2qmlp9t4i63u3jfru6n1it2vg@google.com',60,1,60,1),(150,79,14,12,NULL,'2017-11-19','18:00:00','1','','2017-12-03','s0fefg78i16e38mg9ujnelbgd4@google.com',60,1,20,1),(151,71,13,12,41,'2017-11-18','17:30:00','2','','2017-11-25','aghkf2kubjmbrafois8glv5u70@google.com',60,1,20,1),(152,72,21,6,30,'2017-11-18','14:00:00','2','','2017-11-25','9k3frdsr77dj78nljs9p1pbl0o@google.com',60,1,20,1),(153,80,13,9,29,'2017-11-19','13:30:00','1','','2017-12-10','rq9slbtilnljhjfob941olq4vk@google.com',60,1,20,1),(154,74,21,9,30,'2017-11-18','16:00:00','2','','2017-11-25','76dffggbvd8c1ao2g58lp10gsc@google.com',60,1,20,1),(155,85,17,7,26,'2017-11-25','11:00:00','1','https://codabra.amocrm.ru/leads/pipeline/592459/?filter%5Bcf%5D%5B202119%5D%5Bto%5D=155','2017-12-09','rh1dpmc0a5b8urh3nqgij0a20g@google.com',60,1,30,1),(156,78,13,7,24,'2017-11-25','10:30:00','2','','2017-12-02','scnulphqu7c45bfcnub60p1g0s@google.com',60,1,60,1),(157,61,13,4,36,'2017-11-25','12:00:00','3','https://codabra.amocrm.ru/leads/pipeline/592459/?filter%5Bcf%5D%5B202119%5D%5Bto%5D=157','2017-12-02','ea3v51e1i0aof4ouo5kd7075to@google.com',60,1,15,1),(158,86,17,12,NULL,'2017-11-25','18:00:00','1','','2017-12-09','9eo8a599hsr6n2mtgt42e9d0ts@google.com',60,1,20,1),(159,87,17,6,NULL,'2017-11-25','13:00:00','1','https://codabra.amocrm.ru/leads/pipeline/592459/?filter%5Bcf%5D%5B202119%5D%5Bto%5D=159','2017-12-09','u79434hnko85hmq2ksu0d6m7ac@google.com',60,1,20,1),(160,88,17,9,NULL,'2017-11-25','15:00:00','1','https://codabra.amocrm.ru/leads/pipeline/592459/?filter%5Bcf%5D%5B202119%5D%5Bto%5D=160','2017-12-09','rqf48uh42ihkr3c6p66poc3imk@google.com',60,1,20,1),(161,85,17,7,26,'2017-12-02','11:00:00','2','https://codabra.amocrm.ru/leads/pipeline/592459/?filter%5Bcf%5D%5B202119%5D%5Bto%5D=161&filter%5Bcf%5D%5B185143%5D%5Bto%5D=%D0%A11%D0%A83','2017-12-09','nttg6qlkb126p88d4ad9okuvug@google.com',60,1,30,1),(162,86,17,12,27,'2017-12-02','18:00:00','2','https://codabra.amocrm.ru/leads/pipeline/592459/?filter%5Bcf%5D%5B202119%5D%5Bto%5D=162&filter%5Bcf%5D%5B185143%5D%5Bto%5D=%D0%AE1%D0%A84','2017-12-09','6fm648a0fb1ms797ti14k8f4k0@google.com',60,1,20,1),(163,87,17,6,42,'2017-12-02','13:00:00','2','https://codabra.amocrm.ru/leads/pipeline/592459/?filter%5Bcf%5D%5B202119%5D%5Bto%5D=163&filter%5Bcf%5D%5B185143%5D%5Bto%5D=%D0%9A2%D0%A82','2017-12-09','lfss2isvi9f13nu3nh0iep8n5s@google.com',60,1,20,1),(164,92,17,4,33,'2017-12-03','11:00:00','1','https://codabra.amocrm.ru/leads/pipeline/592459/?filter%5Bcf%5D%5B202119%5D%5Bto%5D=164&filter%5Bcf%5D%5B185143%5D%5Bto%5D=%D0%9A1%D0%A82','2017-12-17','hreaoutih8eqeafq1j4cretbsg@google.com',60,1,20,1),(165,93,19,4,NULL,'2017-12-02','12:30:00','1','https://codabra.amocrm.ru/leads/pipeline/592459/?filter%5Bcf%5D%5B202119%5D%5Bto%5D=165&filter%5Bcf%5D%5B185143%5D%5Bto%5D=%D0%9A1%D0%9B2','2017-12-16','br1ake5ker014fgcsqogv1546o@google.com',60,1,20,1),(166,94,19,6,NULL,'2017-12-02','14:30:00','1','https://codabra.amocrm.ru/leads/pipeline/592459/?filter%5Bcf%5D%5B202119%5D%5Bto%5D=166&filter%5Bcf%5D%5B185143%5D%5Bto%5D=%D0%9A2%D0%9B1','2017-12-16','l0h8bv1bla5352fj6j2rn8mes0@google.com',60,1,40,1),(167,80,13,9,29,'2017-12-03','13:30:00','2','https://codabra.amocrm.ru/leads/pipeline/592459/?filter%5Bcf%5D%5B202119%5D%5Bto%5D=167&filter%5Bcf%5D%5B185143%5D%5Bto%5D=%D0%9C1%D0%9F4','2017-12-10','p5dlvpdn8aadcsqc93nuna53r4@google.com',60,1,20,1),(168,88,17,9,42,'2017-12-02','15:00:00','2','https://codabra.amocrm.ru/leads/pipeline/592459/?filter%5Bcf%5D%5B202119%5D%5Bto%5D=168&filter%5Bcf%5D%5B185143%5D%5Bto%5D=%D0%9C1%D0%A83','2017-12-09','iibl9lalisji473ol9i30v0f1o@google.com',60,1,20,1),(169,98,22,6,23,'2017-12-03','13:00:00','2','https://codabra.amocrm.ru/leads/pipeline/592459/?filter%5Bcf%5D%5B202119%5D%5Bto%5D=169&filter%5Bcf%5D%5B185143%5D%5Bto%5D=%D0%9A1%D0%A31','2017-12-10','uluh38vhqdgu1epvj511en309c@google.com',60,1,12,1),(170,99,22,7,19,'2017-12-03','15:00:00','2','https://codabra.amocrm.ru/leads/pipeline/592459/?filter%5Bcf%5D%5B202119%5D%5Bto%5D=170&filter%5Bcf%5D%5B185143%5D%5Bto%5D=%D0%A11%D0%A31','2017-12-10','r8d02qm8ln7qpg54jal598b95k@google.com',60,1,12,1),(171,100,22,9,19,'2017-12-03','17:00:00','2','https://codabra.amocrm.ru/leads/pipeline/592459/?filter%5Bcf%5D%5B202119%5D%5Bto%5D=171&filter%5Bcf%5D%5B185143%5D%5Bto%5D=%D0%9C1%D0%A31','2017-12-10','tc352j73dbu8jml3b8ql796qug@google.com',60,1,12,1),(172,101,22,12,44,'2017-12-02','15:00:00','2','https://codabra.amocrm.ru/leads/pipeline/592459/?filter%5Bcf%5D%5B202119%5D%5Bto%5D=172&filter%5Bcf%5D%5B185143%5D%5Bto%5D=%D0%AE1%D0%A31','2017-12-09','lr2kej489f126t6346n533drs4@google.com',60,1,12,1),(173,104,19,7,25,'2017-12-10','11:00:00','1','https://codabra.amocrm.ru/leads/pipeline/592459/?filter%5Bcf%5D%5B202119%5D%5Bto%5D=173&filter%5Bcf%5D%5B185143%5D%5Bto%5D=%D0%A11%D0%9B2','2017-01-14',NULL,60,1,25,1),(174,105,19,12,NULL,'2017-12-10','14:30:00','1','https://codabra.amocrm.ru/leads/pipeline/592459/?filter%5Bcf%5D%5B202119%5D%5Bto%5D=174&filter%5Bcf%5D%5B185143%5D%5Bto%5D=%D0%AE1%D0%9B2','2017-01-14','2vnou6vpgqcgo50agt1lgc8itc@google.com',60,1,45,1),(175,92,17,4,33,'2017-12-10','11:00:00','2','https://codabra.amocrm.ru/leads/pipeline/592459/?filter%5Bcf%5D%5B202119%5D%5Bto%5D=175&filter%5Bcf%5D%5B185143%5D%5Bto%5D=%D0%9A1%D0%A82','2017-12-17','8er8k6rrrrkd7qcv2c5pjmv8vc@google.com',60,1,20,1),(176,93,19,4,31,'2017-12-16','12:30:00','2','https://codabra.amocrm.ru/leads/pipeline/592459/?filter%5Bcf%5D%5B190655%5D=417399&filter%5Bcf%5D%5B190397%5D=413783&filter%5Bcf%5D%5B183593%5D%5Bfrom%5D=16.12.2017&filter%5Bcf%5D%5B183593%5D%5Bto%5D=16.12.2017&filter%5Btags_logic%5D=or&useFilter=y','2017-12-23','7oddc6ghmqraddatn397k7h38o@google.com',60,1,20,1),(177,94,19,6,31,'2017-12-09','14:30:00','2','https://codabra.amocrm.ru/leads/pipeline/592459/?filter%5Bcf%5D%5B202119%5D%5Bto%5D=177&filter%5Bcf%5D%5B185143%5D%5Bto%5D=%D0%9A2%D0%9B1','2017-12-16','b1d0jgjsr0vf6kvcdoaojeai0s@google.com',60,1,40,1),(178,106,19,9,NULL,'2017-12-10','18:00:00','1','https://codabra.amocrm.ru/leads/pipeline/592459/?filter%5Bcf%5D%5B202119%5D%5Bto%5D=178&filter%5Bcf%5D%5B185143%5D%5Bto%5D=%D0%9C1%D0%9B2','2017-01-14','kgi5sr3980n6fpi57ho8tcp0f0@google.com',60,1,45,1),(179,108,22,7,44,'2017-12-09','12:00:00','1','https://codabra.amocrm.ru/leads/pipeline/592459/?filter%5Bcf%5D%5B202119%5D%5Bto%5D=179&filter%5Bcf%5D%5B185143%5D%5Bto%5D=%D0%A11%D0%A32','2017-12-23','2j7bcmo8bigpmgm6reld37eva8@google.com',60,1,30,1),(180,108,22,7,18,'2017-12-16','12:00:00','2','https://codabra.amocrm.ru/leads/pipeline/592459/?filter%5Bcf%5D%5B190655%5D=417397&filter%5Bcf%5D%5B190397%5D=413781&filter%5Bcf%5D%5B183593%5D%5Bfrom%5D=16.12.2017&filter%5Bcf%5D%5B183593%5D%5Bto%5D=16.12.2017&filter%5Btags_logic%5D=or&useFilter=y','2017-12-23','ok4ddmu3ibt5ci8ecporgddpcs@google.com',60,1,30,1),(181,109,22,12,44,'2017-12-09','18:00:00','1','https://codabra.amocrm.ru/leads/pipeline/592459/?filter%5Bcf%5D%5B202119%5D%5Bto%5D=181&filter%5Bcf%5D%5B185143%5D%5Bto%5D=%D0%AE1%D0%A32','2017-12-23','g9mtd6pa7297qbdooo2rtn17ac@google.com',60,1,30,1),(182,109,22,12,44,'2017-12-16','18:00:00','2','https://codabra.amocrm.ru/leads/pipeline/592459/?filter%5Bcf%5D%5B190655%5D=410471&filter%5Bcf%5D%5B190397%5D=413809&filter%5Bcf%5D%5B183593%5D%5Bfrom%5D=16.12.2017&filter%5Bcf%5D%5B183593%5D%5Bto%5D=16.12.2017&filter%5Btags_logic%5D=or&useFilter=y','2017-12-23','0pac6v89rse2hjdc7dbjbvn15o@google.com',60,1,30,1),(217,78,13,7,24,'2017-12-09','10:30:00','3','https://codabra.amocrm.ru/leads/pipeline/592459/?filter%5Bcf%5D%5B202119%5D%5Bto%5D=217&filter%5Bcf%5D%5B185143%5D%5Bto%5D=%D0%A11%D0%9F2','2017-12-23','dsk685l2jgbi5sq315i0p4vsds@google.com',60,1,60,1),(218,112,13,12,12,'2017-12-09','14:00:00','1','https://codabra.amocrm.ru/leads/pipeline/592459/?filter%5Bcf%5D%5B202119%5D%5Bto%5D=218&filter%5Bcf%5D%5B185143%5D%5Bto%5D=%D0%AE1%D0%9F6','2017-12-23','m7mj1id9pra59i82n1on063obk@google.com',60,1,35,1),(219,113,17,12,NULL,'2017-12-23','14:30:00','2','https://codabra.amocrm.ru/leads/pipeline/592459/?filter%5Bcf%5D%5B190655%5D=410471&filter%5Bcf%5D%5B190397%5D=413791&filter%5Bcf%5D%5B183593%5D%5Bfrom%5D=23.12.2017&filter%5Bcf%5D%5B183593%5D%5Bto%5D=23.12.2017&filter%5Btags_logic%5D=or&useFilter=y','2018-01-13','8etlf6a8r6lh5q7u4o2eucru58@google.com',60,1,25,1),(220,114,17,9,NULL,'2017-12-10','18:00:00','1','https://codabra.amocrm.ru/leads/pipeline/592459/?filter%5Bcf%5D%5B202119%5D%5Bto%5D=220&filter%5Bcf%5D%5B185143%5D%5Bto%5D=%D0%9C1%D0%A84','2017-12-24','i4011j86pir488nmpl04u5967k@google.com',60,1,20,1),(221,78,13,7,24,'2017-12-16','10:30:00','4','https://codabra.amocrm.ru/leads/pipeline/592459/?filter%5Bcf%5D%5B190655%5D=417397&filter%5Bcf%5D%5B190397%5D=413797&filter%5Bcf%5D%5B183593%5D%5Bfrom%5D=16.12.2017&filter%5Bcf%5D%5B183593%5D%5Bto%5D=16.12.2017&filter%5Btags_logic%5D=or&useFilter=y','2017-12-23','4snusik31an39brjpcsn1jg638@google.com',60,1,60,1),(222,104,19,7,25,'2017-12-17','11:00:00','2','https://codabra.amocrm.ru/leads/pipeline/592459/?filter%5Bcf%5D%5B190655%5D=417397&filter%5Bcf%5D%5B190397%5D=413777&filter%5Bcf%5D%5B183593%5D%5Bfrom%5D=17.12.2017&filter%5Bcf%5D%5B183593%5D%5Bto%5D=17.12.2017&filter%5Btags_logic%5D=or&useFilter=y','2017-12-24','1j4kgbdft25kpp6ad1pe79ugn8@google.com',60,1,25,1),(223,112,13,12,12,'2017-12-16','14:00:00','2','https://codabra.amocrm.ru/leads/pipeline/592459/?filter%5Bcf%5D%5B190655%5D=410471&filter%5Bcf%5D%5B190397%5D=413789&filter%5Bcf%5D%5B183593%5D%5Bfrom%5D=16.12.2017&filter%5Bcf%5D%5B183593%5D%5Bto%5D=16.12.2017&filter%5Btags_logic%5D=or&useFilter=y','2017-12-23','jqk4uadm1oan1d2un5v2nqpaqk@google.com',60,1,35,1),(224,113,17,12,NULL,'2017-12-16','14:30:00','1','https://codabra.amocrm.ru/leads/pipeline/592459/?filter%5Bcf%5D%5B190655%5D=410471&filter%5Bcf%5D%5B190397%5D=413791&filter%5Bcf%5D%5B183593%5D%5Bfrom%5D=16.12.2017&filter%5Bcf%5D%5B183593%5D%5Bto%5D=16.12.2017&filter%5Btags_logic%5D=or&useFilter=y','2017-12-23','l1me7la86390tegkel1afr8070@google.com',60,1,25,1),(225,105,19,12,NULL,'2017-12-17','14:30:00','2','https://codabra.amocrm.ru/leads/pipeline/592459/?filter%5Bcf%5D%5B190655%5D=410471&filter%5Bcf%5D%5B190397%5D=413791&filter%5Bcf%5D%5B183593%5D%5Bfrom%5D=17.12.2017&filter%5Bcf%5D%5B183593%5D%5Bto%5D=17.12.2017&filter%5Btags_logic%5D=or&useFilter=y','2018-01-14','t4n9odtfcpqt4u2s6a75anve4k@google.com',60,1,45,1),(226,114,17,9,NULL,'2017-12-17','18:00:00','2','https://codabra.amocrm.ru/leads/pipeline/592459/?filter%5Bcf%5D%5B190655%5D=410475&filter%5Bcf%5D%5B190397%5D=413809&filter%5Bcf%5D%5B183593%5D%5Bfrom%5D=17.12.2017&filter%5Bcf%5D%5B183593%5D%5Bto%5D=17.12.2017&filter%5Btags_logic%5D=or&useFilter=y','2017-12-24','nd4cd047arf17jp5259vukg478@google.com',60,1,20,1),(227,106,19,9,NULL,'2017-12-17','18:00:00','2','https://codabra.amocrm.ru/leads/pipeline/592459/?filter%5Bcf%5D%5B190655%5D=410475&filter%5Bcf%5D%5B190397%5D=413809&filter%5Bcf%5D%5B183593%5D%5Bfrom%5D=17.12.2017&filter%5Bcf%5D%5B183593%5D%5Bto%5D=17.12.2017&filter%5Btags_logic%5D=or&useFilter=y','2018-01-14','qav7f7rk6vfkfn6nanmnrsos9o@google.com',60,1,45,1),(228,102,17,16,24,'2017-12-10','18:30:00','1','https://codabra.amocrm.ru/leads/pipeline/592459/?filter%5Bcf%5D%5B202119%5D%5Bto%5D=228&filter%5Bcf%5D%5B185143%5D%5Bto%5D=%D0%921%D0%A81','2017-12-17','126bkl2a130sak2jdcgrg87qmk@google.com',60,1,20,1),(229,100,22,9,19,'2017-12-10','18:00:00','3','','2017-12-17','6ta5km9s57090av8hapkc14aas@google.com',60,1,12,1),(230,115,18,4,NULL,'2017-12-16','11:00:00','1','https://codabra.amocrm.ru/leads/pipeline/592459/?filter%5Bcf%5D%5B190655%5D=417399&filter%5Bcf%5D%5B190397%5D=413777&filter%5Bcf%5D%5B183593%5D%5Bfrom%5D=16.12.2017&filter%5Bcf%5D%5B183593%5D%5Bto%5D=16.12.2017&filter%5Btags_logic%5D=or&useFilter=y','2018-01-13','4k8nd2kouvm8bmjspdnj92ptas@google.com',60,1,30,1),(231,115,18,4,NULL,'2017-12-23','11:00:00','2','https://codabra.amocrm.ru/leads/pipeline/592459/?filter%5Bcf%5D%5B190655%5D=417399&filter%5Bcf%5D%5B190397%5D=413777&filter%5Bcf%5D%5B183593%5D%5Bfrom%5D=23.12.2017&filter%5Bcf%5D%5B183593%5D%5Bto%5D=23.12.2017&filter%5Btags_logic%5D=or&useFilter=y','2017-01-13','b82oeuet0doecs7t67u2dipe14@google.com',60,1,30,1),(232,116,18,6,NULL,'2017-12-16','14:30:00','1','https://codabra.amocrm.ru/leads/pipeline/592459/?filter%5Bcf%5D%5B183593%5Bfrom%5D=16.12.2017&filter%5Bcf%5D%5B183593%5Bto%5D=16.12.2017&filter%5Bcf%5D%5B190655%5Bto%5D=433403','2017-01-13','agnmqkl0pgjlq1cohui67m5nmo@google.com',60,1,45,1),(233,116,18,6,NULL,'2017-12-23','14:30:00','2','https://codabra.amocrm.ru/leads/pipeline/592459/?filter%5Bcf%5D%5B190655%5D=433403&filter%5Bcf%5D%5B190397%5D=413791&filter%5Bcf%5D%5B183593%5D%5Bfrom%5D=23.12.2017&filter%5Bcf%5D%5B183593%5D%5Bto%5D=23.12.2017&filter%5Btags_logic%5D=or&useFilter=y','2018-01-13','s259jqr4ei4ekk0t466e03l5fg@google.com',180,1,45,1),(234,117,18,9,NULL,'2017-12-16','18:00:00','1','https://codabra.amocrm.ru/leads/pipeline/592459/?filter%5Bcf%5D%5B190655%5D=410475&filter%5Bcf%5D%5B190397%5D=413809&filter%5Bcf%5D%5B183593%5D%5Bfrom%5D=16.12.2017&filter%5Bcf%5D%5B183593%5D%5Bto%5D=16.12.2017&filter%5Btags_logic%5D=or&useFilter=y','2018-01-13','1njh44crob5v2ido201d0t5mkc@google.com',60,1,40,1),(235,117,18,9,NULL,'2017-12-23','18:00:00','2','https://codabra.amocrm.ru/leads/pipeline/592459/?filter%5Bcf%5D%5B190655%5D=410475&filter%5Bcf%5D%5B190397%5D=413809&filter%5Bcf%5D%5B183593%5D%5Bfrom%5D=23.12.2017&filter%5Bcf%5D%5B183593%5D%5Bto%5D=23.12.2017&filter%5Btags_logic%5D=or&useFilter=y','2017-01-13','v6522ckq9g2u03kohqdhech7l0@google.com',60,1,40,1),(236,118,18,7,NULL,'2017-12-24','11:00:00','1','https://codabra.amocrm.ru/leads/pipeline/592459/?filter%5Bcf%5D%5B190655%5D=417397&filter%5Bcf%5D%5B190397%5D=413777&filter%5Bcf%5D%5B183593%5D%5Bfrom%5D=24.12.2017&filter%5Bcf%5D%5B183593%5D%5Bto%5D=24.12.2017&filter%5Btags_logic%5D=or&useFilter=y','2018-01-21','liilgllk0h8vmjfvc5s6es8dgc@google.com',60,1,51,1),(237,118,18,7,NULL,'2018-01-14','11:00:00','2','https://codabra.amocrm.ru/leads/pipeline/592459/?filter%5Bcf%5D%5B190655%5D=417397&filter%5Bcf%5D%5B190397%5D=413777&filter%5Bcf%5D%5B183593%5D%5Bfrom%5D=14.01.2018&filter%5Bcf%5D%5B183593%5D%5Bto%5D=14.01.2018&filter%5Btags_logic%5D=or&useFilter=y','2018-01-21','iq2ukf1b26veokt0gismrq0624@google.com',60,1,51,1),(238,119,18,12,5,'2017-12-24','14:30:00','1','https://codabra.amocrm.ru/leads/pipeline/592459/?filter%5Bcf%5D%5B190655%5D=410471&filter%5Bcf%5D%5B190397%5D=413791&filter%5Bcf%5D%5B183593%5D%5Bfrom%5D=24.12.2017&filter%5Bcf%5D%5B183593%5D%5Bto%5D=24.12.2017&filter%5Btags_logic%5D=or&useFilter=y','2018-01-21','ca3opeoddda5vpkspnivvu61ps@google.com',60,1,45,1),(239,119,18,12,5,'2018-01-14','14:30:00','2','https://codabra.amocrm.ru/leads/pipeline/592459/?filter%5Bcf%5D%5B190655%5D=410471&filter%5Bcf%5D%5B190397%5D=413791&filter%5Bcf%5D%5B183593%5D%5Bfrom%5D=14.01.2018&filter%5Bcf%5D%5B183593%5D%5Bto%5D=14.01.2018&filter%5Btags_logic%5D=or&useFilter=y','2018-01-21','qlpf03gol9hlgd1be5qcmkh2ls@google.com',60,1,45,1),(243,121,17,6,NULL,'2018-01-14','14:30:00','1','https://codabra.amocrm.ru/leads/pipeline/592459/?filter%5Bcf%5D%5B190655%5D=433403&filter%5Bcf%5D%5B190397%5D=413791&filter%5Bcf%5D%5B183593%5D%5Bfrom%5D=14.01.2018&filter%5Bcf%5D%5B183593%5D%5Bto%5D=14.01.2018&filter%5Btags_logic%5D=or&useFilter=y','2018-01-28','ndoeecmiobq2opgn78f54aejeg@google.com',60,1,50,1),(244,121,17,6,54,'2018-01-21','14:30:00','2','https://codabra.amocrm.ru/leads/pipeline/592459/?filter%5Bcf%5D%5B190655%5D=433403&filter%5Bcf%5D%5B190397%5D=413791&filter%5Bcf%5D%5B183593%5D%5Bfrom%5D=21.01.2018&filter%5Bcf%5D%5B183593%5D%5Bto%5D=21.01.2018&filter%5Btags_logic%5D=or&useFilter=y','2018-01-28','ef3ufirorrp12ugo6p31lnfb9s@google.com',60,1,50,1),(245,126,22,6,53,'2017-12-16','16:00:00','1','https://codabra.amocrm.ru/leads/pipeline/592459/?filter%5Bcf%5D%5B190655%5D=433403&filter%5Bcf%5D%5B190397%5D=413801&filter%5Bcf%5D%5B183593%5D%5Bfrom%5D=16.12.2017&filter%5Bcf%5D%5B183593%5D%5Bto%5D=16.12.2017&filter%5Btags_logic%5D=or&useFilter=y','2018-01-13','ru8m7ta2dukk64e56rad3o8g40@google.com',60,1,46,1),(246,126,22,4,53,'2017-12-23','16:00:00','2','https://codabra.amocrm.ru/leads/pipeline/592459/?filter%5Bcf%5D%5B190655%5D=417399&filter%5Bcf%5D%5B190397%5D=413801&filter%5Bcf%5D%5B183593%5D%5Bfrom%5D=23.12.2017&filter%5Bcf%5D%5B183593%5D%5Bto%5D=23.12.2017&filter%5Btags_logic%5D=or&useFilter=y','2018-01-13','s1p5ukravb983d8chj4lm7784k@google.com',60,1,46,1),(248,100,22,9,19,'2017-12-17','18:00:00','','https://codabra.amocrm.ru/leads/pipeline/592459/?filter%5Bcf%5D%5B190655%5D=410475&filter%5Bcf%5D%5B190397%5D=413809&filter%5Bcf%5D%5B183593%5D%5Bfrom%5D=17.12.2017&filter%5Bcf%5D%5B183593%5D%5Bto%5D=17.12.2017&filter%5Btags_logic%5D=or&useFilter=y','2017-12-24','iqoh5m7k03sjqr8rqdha96mudc@google.com',60,1,12,1),(249,127,14,7,NULL,'2018-01-20','13:00:00','1','https://codabra.amocrm.ru/leads/pipeline/592459/?filter%5Bcf%5D%5B190655%5D=417397&filter%5Bcf%5D%5B190397%5D=413785&filter%5Bcf%5D%5B183593%5D%5Bfrom%5D=20.01.2018&filter%5Bcf%5D%5B183593%5D%5Bto%5D=20.01.2018&filter%5Btags_logic%5D=or&useFilter=y','2018-01-27','9ssv450n0suv32pbsh0s8mja9k@google.com',60,1,30,1),(250,128,14,9,54,'2018-01-20','18:00:00','1','https://codabra.amocrm.ru/leads/pipeline/592459/?filter%5Bcf%5D%5B190655%5D=410475&filter%5Bcf%5D%5B190397%5D=413809&filter%5Bcf%5D%5B183593%5D%5Bfrom%5D=20.01.2018&filter%5Bcf%5D%5B183593%5D%5Bto%5D=20.01.2018&filter%5Btags_logic%5D=or&useFilter=y','2018-01-27','1qv771rrpj84jqghgmj843ibig@google.com',60,1,30,1),(251,129,14,4,NULL,'2018-01-28','12:30:00','1','https://codabra.amocrm.ru/leads/pipeline/592459/?filter%5Bcf%5D%5B190655%5D=417399&filter%5Bcf%5D%5B190397%5D=413783&filter%5Bcf%5D%5B183593%5D%5Bfrom%5D=28.01.2018&filter%5Bcf%5D%5B183593%5D%5Bto%5D=28.01.2018&filter%5Btags_logic%5D=or&useFilter=y','2018-02-04','a55tfgbjpg76k2fbtdom1pmtek@google.com',60,1,40,1),(252,130,14,6,NULL,'2018-01-28','14:30:00','1','https://codabra.amocrm.ru/leads/pipeline/592459/?filter%5Bcf%5D%5B190655%5D=433403&filter%5Bcf%5D%5B190397%5D=413791&filter%5Bcf%5D%5B183593%5D%5Bfrom%5D=28.01.2018&filter%5Bcf%5D%5B183593%5D%5Bto%5D=28.01.2018&filter%5Btags_logic%5D=or&useFilter=y','2018-02-04','ojhlecmq6jeso9cog9pjj6l8o8@google.com',60,1,35,1),(253,132,20,12,NULL,'2018-01-13','12:00:00','','https://codabra.amocrm.ru/leads/pipeline/592459/?filter%5Bcf%5D%5B190655%5D=410471&filter%5Bcf%5D%5B190397%5D=413781&filter%5Bcf%5D%5B183593%5D%5Bfrom%5D=13.01.2018&filter%5Bcf%5D%5B183593%5D%5Bto%5D=13.01.2018&filter%5Btags_logic%5D=or&useFilter=y','2018-01-27','i5b1paufdu8r6ohergpes85jlc@google.com',60,1,75,1),(254,132,20,12,NULL,'2018-01-20','12:00:00','2','https://codabra.amocrm.ru/leads/pipeline/592459/?filter%5Bcf%5D%5B190655%5D=410471&filter%5Bcf%5D%5B190397%5D=413781&filter%5Bcf%5D%5B183593%5D%5Bfrom%5D=20.01.2018&filter%5Bcf%5D%5B183593%5D%5Bto%5D=20.01.2018&filter%5Btags_logic%5D=or&useFilter=y','2018-01-27','un9oifnjdp27rli0edqr6rn49g@google.com',60,1,75,1),(255,108,22,7,18,'2017-12-23','12:00:00','2','https://codabra.amocrm.ru/leads/pipeline/592459/?filter%5Bcf%5D%5B190655%5D=417397&filter%5Bcf%5D%5B190397%5D=413781&filter%5Bcf%5D%5B183593%5D%5Bfrom%5D=23.12.2017&filter%5Bcf%5D%5B183593%5D%5Bto%5D=23.12.2017&filter%5Btags_logic%5D=or&useFilter=y','2018-01-13','3td0aj38a40crjqqkus2lv48cs@google.com',60,1,30,1),(256,62,13,6,40,'2018-01-14','11:30:00','1','https://codabra.amocrm.ru/leads/pipeline/592459/?filter%5Bcf%5D%5B190655%5D=433403&filter%5Bcf%5D%5B190397%5D=413779&filter%5Bcf%5D%5B183593%5D%5Bfrom%5D=14.01.2018&filter%5Bcf%5D%5B183593%5D%5Bto%5D=14.01.2018&filter%5Btags_logic%5D=or&useFilter=y','2018-01-28','o96546h8387fiujespu1ggcvks@google.com',60,1,44,1),(257,62,13,6,40,'2018-01-21','11:30:00','3','https://codabra.amocrm.ru/leads/pipeline/592459/?filter%5Bcf%5D%5B190655%5D=433403&filter%5Bcf%5D%5B190397%5D=413779&filter%5Bcf%5D%5B183593%5D%5Bfrom%5D=21.01.2018&filter%5Bcf%5D%5B183593%5D%5Bto%5D=21.01.2018&filter%5Btags_logic%5D=or&useFilter=y','2018-01-28','h2eah2vva09ijplo948oe5qpt8@google.com',60,1,44,1),(259,105,19,12,46,'2017-12-24','14:30:00','3','https://codabra.amocrm.ru/leads/pipeline/592459/?filter%5Bcf%5D%5B190655%5D=410471&filter%5Bcf%5D%5B190397%5D=413791&filter%5Bcf%5D%5B183593%5D%5Bfrom%5D=24.12.2017&filter%5Bcf%5D%5B183593%5D%5Bto%5D=24.12.2017&filter%5Btags_logic%5D=or&useFilter=y','2018-01-14','c1h9o4qc7u8aigp06lpf3skrog@google.com',60,1,45,1),(263,134,16,12,22,'2018-01-14','15:00:00','1','https://codabra.amocrm.ru/leads/pipeline/592459/?filter%5Bcf%5D%5B190655%5D=410471&filter%5Bcf%5D%5B190397%5D=413793&filter%5Bcf%5D%5B183593%5D%5Bfrom%5D=14.01.2018&filter%5Bcf%5D%5B183593%5D%5Bto%5D=14.01.2018&filter%5Btags_logic%5D=or&useFilter=y','2018-01-28','cl0dl9f32d86019aeg4qibhnho@google.com',60,1,50,1),(264,134,16,12,22,'2018-01-21','15:00:00','2','https://codabra.amocrm.ru/leads/pipeline/592459/?filter%5Bcf%5D%5B190655%5D=410471&filter%5Bcf%5D%5B190397%5D=413793&filter%5Bcf%5D%5B183593%5D%5Bfrom%5D=21.01.2018&filter%5Bcf%5D%5B183593%5D%5Bto%5D=21.01.2018&filter%5Btags_logic%5D=or&useFilter=y','2018-01-28','j2rbbsm9pctkb2pqq3riuq9v6g@google.com',60,1,50,1),(265,135,16,9,NULL,'2018-01-13','18:00:00','1','https://codabra.amocrm.ru/leads/pipeline/592459/?filter%5Bcf%5D%5B190655%5D=410475&filter%5Bcf%5D%5B190397%5D=413809&filter%5Bcf%5D%5B183593%5D%5Bfrom%5D=13.01.2018&filter%5Bcf%5D%5B183593%5D%5Bto%5D=13.01.2018&filter%5Btags_logic%5D=or&useFilter=y','2018-01-27','s3941c9u0vthauiou6jeatjqlg@google.com',60,1,50,1),(266,135,16,9,NULL,'2018-01-20','18:00:00','2','https://codabra.amocrm.ru/leads/pipeline/592459/?filter%5Bcf%5D%5B190655%5D=410475&filter%5Bcf%5D%5B190397%5D=413809&filter%5Bcf%5D%5B183593%5D%5Bfrom%5D=20.01.2018&filter%5Bcf%5D%5B183593%5D%5Bto%5D=20.01.2018&filter%5Btags_logic%5D=or&useFilter=y','2018-01-27','grbobc982iol743lpj2v7i2fus@google.com',60,1,50,1),(272,94,19,6,31,'2017-12-23','14:30:00','3','https://codabra.amocrm.ru/leads/pipeline/592459/?filter%5Bcf%5D%5B190655%5D=433403&filter%5Bcf%5D%5B190397%5D=413791&filter%5Bcf%5D%5B183593%5D%5Bfrom%5D=23.12.2017&filter%5Bcf%5D%5B183593%5D%5Bto%5D=23.12.2017&filter%5Btags_logic%5D=or&useFilter=y','2018-01-13','1v8it0gs3kfnqb927kcvvrua0c@google.com',60,1,40,1),(274,109,22,12,44,'2017-12-23','18:00:00','3','https://codabra.amocrm.ru/leads/pipeline/592459/?filter%5Bcf%5D%5B190655%5D=410471&filter%5Bcf%5D%5B190397%5D=413809&filter%5Bcf%5D%5B183593%5D%5Bfrom%5D=23.12.2017&filter%5Bcf%5D%5B183593%5D%5Bto%5D=23.12.2017&filter%5Btags_logic%5D=or&useFilter=y','2018-01-13','10sjjiq9atra4si2loe8o6lb3c@google.com',60,1,30,1),(276,133,16,7,18,'2018-01-13','15:00:00','1','https://codabra.amocrm.ru/leads/pipeline/592459/?filter%5Bcf%5D%5B190655%5D=417397&filter%5Bcf%5D%5B190397%5D=413793&filter%5Bcf%5D%5B183593%5D%5Bfrom%5D=13.01.2018&filter%5Bcf%5D%5B183593%5D%5Bto%5D=13.01.2018&filter%5Btags_logic%5D=or&useFilter=y','2018-01-27','env9ei3an8crfegqqpei79r9r8@google.com',60,1,50,1),(277,133,16,7,18,'2018-01-20','15:00:00','2','https://codabra.amocrm.ru/leads/pipeline/592459/?filter%5Bcf%5D%5B190655%5D=417397&filter%5Bcf%5D%5B190397%5D=413793&filter%5Bcf%5D%5B183593%5D%5Bfrom%5D=20.01.2018&filter%5Bcf%5D%5B183593%5D%5Bto%5D=20.01.2018&filter%5Btags_logic%5D=or&useFilter=y','2018-01-27','1rg30p3rib9u0md1bsehedog04@google.com',60,1,50,1),(278,85,17,7,7,'2018-01-13','12:30:00','3','https://codabra.amocrm.ru/leads/pipeline/592459/?filter%5Bcf%5D%5B190655%5D=417397&filter%5Bcf%5D%5B190397%5D=413783&filter%5Bcf%5D%5B183593%5D%5Bfrom%5D=13.01.2018&filter%5Bcf%5D%5B183593%5D%5Bto%5D=13.01.2018&filter%5Btags_logic%5D=or&useFilter=y','2018-01-20','ooks94qfj7ihpfvpfpq22e4fgg@google.com',60,1,30,1),(279,149,14,4,NULL,'2018-01-28','11:00:00','1','https://codabra.amocrm.ru/leads/pipeline/592459/?filter%5Bcf%5D%5B190655%5D=417399&filter%5Bcf%5D%5B190397%5D=413777&filter%5Bcf%5D%5B183593%5D%5Bfrom%5D=28.01.2018&filter%5Bcf%5D%5B183593%5D%5Bto%5D=28.01.2018&filter%5Btags_logic%5D=or&useFilter=y','2018-02-04','c3jli446i2nghkit7ukejjb7hs@google.com',60,1,15,1),(280,154,13,9,40,'2018-01-21','13:30:00','1','https://codabra.amocrm.ru/leads/pipeline/592459/?filter%5Bcf%5D%5B190655%5D=410475&filter%5Bcf%5D%5B190397%5D=413787&filter%5Bcf%5D%5B183593%5D%5Bfrom%5D=21.01.2018&filter%5Bcf%5D%5B183593%5D%5Bto%5D=21.01.2018&filter%5Btags_logic%5D=or&useFilter=y','2018-02-04','t2r1ttckf1a2du1p1b1fed2qqs@google.com',60,1,51,1),(281,154,13,9,40,'2018-01-28','13:30:00','2','https://codabra.amocrm.ru/leads/pipeline/592459/?filter%5Bcf%5D%5B190655%5D=410475&filter%5Bcf%5D%5B190397%5D=413787&filter%5Bcf%5D%5B183593%5D%5Bfrom%5D=28.01.2018&filter%5Bcf%5D%5B183593%5D%5Bto%5D=28.01.2018&filter%5Btags_logic%5D=or&useFilter=y','2018-02-04','g6mlnlggif9kojb88um3umutpo@google.com',60,1,51,1),(282,134,16,12,22,'2018-01-14','16:30:00','3','https://codabra.amocrm.ru/leads/pipeline/592459/?filter%5Bcf%5D%5B190655%5D=410471&filter%5Bcf%5D%5B190397%5D=413803&filter%5Bcf%5D%5B183593%5D%5Bfrom%5D=14.01.2018&filter%5Bcf%5D%5B183593%5D%5Bto%5D=14.01.2018&filter%5Btags_logic%5D=or&useFilter=y','2018-01-28','ilmtha0ug8sk6tejebrsikdqus@google.com',60,1,50,1),(283,135,16,9,NULL,'2018-01-13','19:30:00','3','https://codabra.amocrm.ru/leads/pipeline/592459/?filter%5Bcf%5D%5B190655%5D=410475&filter%5Bcf%5D%5B190397%5D=418319&filter%5Bcf%5D%5B183593%5D%5Bfrom%5D=13.01.2018&filter%5Bcf%5D%5B183593%5D%5Bto%5D=13.01.2018&filter%5Btags_logic%5D=or&useFilter=y','2018-01-27','1rh656l0jrhnbmnp697qk3ge08@google.com',60,1,50,1),(284,133,16,7,18,'2018-01-13','16:30:00','3','https://codabra.amocrm.ru/leads/pipeline/592459/?filter%5Bcf%5D%5B190655%5D=417397&filter%5Bcf%5D%5B190397%5D=413803&filter%5Bcf%5D%5B183593%5D%5Bfrom%5D=13.01.2018&filter%5Bcf%5D%5B183593%5D%5Bto%5D=13.01.2018&filter%5Btags_logic%5D=or&useFilter=y','2018-01-27','41da9ovhgknnalsr02obvsi9es@google.com',60,1,50,1),(285,156,22,9,19,'2018-01-14','18:00:00','1','https://codabra.amocrm.ru/leads/pipeline/592459/?filter%5Bcf%5D%5B190655%5D=410475&filter%5Bcf%5D%5B190397%5D=413809&filter%5Bcf%5D%5B183593%5D%5Bfrom%5D=14.01.2018&filter%5Bcf%5D%5B183593%5D%5Bto%5D=14.01.2018&filter%5Btags_logic%5D=or&useFilter=y','2018-01-28','vmfg73juf0jcfqf3keiiv4tmr0@google.com',60,1,40,1),(286,156,22,9,19,'2018-01-21','18:00:00','2','https://codabra.amocrm.ru/leads/pipeline/592459/?filter%5Bcf%5D%5B190655%5D=410475&filter%5Bcf%5D%5B190397%5D=413809&filter%5Bcf%5D%5B183593%5D%5Bfrom%5D=21.01.2018&filter%5Bcf%5D%5B183593%5D%5Bto%5D=21.01.2018&filter%5Btags_logic%5D=or&useFilter=y','2018-01-28','bn4beqmanr7753kpurgsm6j17o@google.com',60,1,40,1),(287,104,19,7,25,'2018-01-14','12:30:00','3','https://codabra.amocrm.ru/leads/pipeline/592459/?filter%5Bcf%5D%5B190655%5D=417397&filter%5Bcf%5D%5B190397%5D=413783&filter%5Bcf%5D%5B183593%5D%5Bfrom%5D=14.01.2018&filter%5Bcf%5D%5B183593%5D%5Bto%5D=14.01.2018&filter%5Btags_logic%5D=or&useFilter=y','2018-01-21','1log2adkvaa2nsm70jc4n4d1eo@google.com',60,1,25,1),(288,106,19,9,42,'2018-01-14','18:00:00','3','https://codabra.amocrm.ru/leads/pipeline/592459/?filter%5Bcf%5D%5B190655%5D=410475&filter%5Bcf%5D%5B190397%5D=413809&filter%5Bcf%5D%5B183593%5D%5Bfrom%5D=14.01.2018&filter%5Bcf%5D%5B183593%5D%5Bto%5D=14.01.2018&filter%5Btags_logic%5D=or&useFilter=y','2018-01-21','obl944vo8lf8g5f5rh6t3ep6ks@google.com',60,1,45,1),(289,112,13,12,12,'2018-01-13','14:00:00','3','https://codabra.amocrm.ru/leads/pipeline/592459/?filter%5Bcf%5D%5B190655%5D=410471&filter%5Bcf%5D%5B190397%5D=413789&filter%5Bcf%5D%5B183593%5D%5Bfrom%5D=13.01.2018&filter%5Bcf%5D%5B183593%5D%5Bto%5D=13.01.2018&filter%5Btags_logic%5D=or&useFilter=y','2018-01-20','4ngtjqjsa63pddvgikbkbk80fg@google.com',60,1,35,1),(290,158,13,16,24,'2018-01-20','17:30:00','1','https://codabra.amocrm.ru/leads/pipeline/592459/?filter%5Bcf%5D%5B190655%5D=439071&filter%5Bcf%5D%5B190397%5D=413807&filter%5Bcf%5D%5B183593%5D%5Bfrom%5D=20.01.2018&filter%5Bcf%5D%5B183593%5D%5Bto%5D=20.01.2018&filter%5Btags_logic%5D=or&useFilter=y','2018-02-03','0l4a9vmm911r20l676v147qbb8@google.com',60,1,48,1),(291,158,13,16,24,'2018-01-27','17:30:00','2','https://codabra.amocrm.ru/leads/pipeline/592459/?filter%5Bcf%5D%5B190655%5D=439071&filter%5Bcf%5D%5B190397%5D=413807&filter%5Bcf%5D%5B183593%5D%5Bfrom%5D=27.01.2018&filter%5Bcf%5D%5B183593%5D%5Bto%5D=27.01.2018&filter%5Btags_logic%5D=or&useFilter=y','2018-02-03','fsjrqk998u46hompn1uropdppg@google.com',60,1,48,1),(292,78,13,7,NULL,'2018-01-20','12:00:00','5','https://codabra.amocrm.ru/leads/pipeline/592459/?filter%5Bcf%5D%5B190655%5D=417397&filter%5Bcf%5D%5B190397%5D=413781&filter%5Bcf%5D%5B183593%5D%5Bfrom%5D=20.01.2018&filter%5Bcf%5D%5B183593%5D%5Bto%5D=20.01.2018&filter%5Btags_logic%5D=or&useFilter=y','2018-02-03','kjdgtpnjl048fca9728ip664n4@google.com',60,1,60,1),(293,78,13,7,NULL,'2018-01-27','12:00:00','6','https://codabra.amocrm.ru/leads/pipeline/592459/?filter%5Bcf%5D%5B190655%5D=417397&filter%5Bcf%5D%5B190397%5D=413781&filter%5Bcf%5D%5B183593%5D%5Bfrom%5D=27.01.2018&filter%5Bcf%5D%5B183593%5D%5Bto%5D=27.01.2018&filter%5Btags_logic%5D=or&useFilter=y','2018-02-03','lecocsfq4po940to1a6s0piqbs@google.com',60,1,60,1),(294,166,13,12,48,'2018-01-28','16:45:00','1','https://codabra.amocrm.ru/leads/pipeline/592459/?filter%5Bcf%5D%5B190655%5D=410471&filter%5Bcf%5D%5B190397%5D=415213&filter%5Bcf%5D%5B183593%5D%5Bfrom%5D=28.01.2018&filter%5Bcf%5D%5B183593%5D%5Bto%5D=28.01.2018&filter%5Btags_logic%5D=or&useFilter=y','2018-02-11','kltvrvrhl0e5ih4bdifrut1f8k@google.com',60,1,68,1),(295,166,13,12,48,'2018-02-04','16:45:00','2','https://codabra.amocrm.ru/leads/pipeline/592459/?filter%5Bcf%5D%5B190655%5D=410471&filter%5Bcf%5D%5B190397%5D=415213&filter%5Bcf%5D%5B183593%5D%5Bfrom%5D=4.02.2018&filter%5Bcf%5D%5B183593%5D%5Bto%5D=4.02.2018&filter%5Btags_logic%5D=or&useFilter=y','2018-02-11','0vhkatafeadp20dslr95g89usg@google.com',60,1,68,1),(296,167,13,4,NULL,'2018-01-27','14:00:00','1','https://codabra.amocrm.ru/leads/pipeline/592459/?filter%5Bcf%5D%5B190655%5D=417399&filter%5Bcf%5D%5B190397%5D=413789&filter%5Bcf%5D%5B183593%5D%5Bfrom%5D=27.01.2018&filter%5Bcf%5D%5B183593%5D%5Bto%5D=27.01.2018&filter%5Btags_logic%5D=or&useFilter=y','2018-02-10','2rdcs8acetonl9fqgl4eprio3s@google.com',60,1,55,1),(297,167,13,4,NULL,'2018-02-03','14:00:00','2','https://codabra.amocrm.ru/leads/pipeline/592459/?filter%5Bcf%5D%5B190655%5D=417399&filter%5Bcf%5D%5B190397%5D=413789&filter%5Bcf%5D%5B183593%5D%5Bfrom%5D=3.02.2018&filter%5Bcf%5D%5B183593%5D%5Bto%5D=3.02.2018&filter%5Btags_logic%5D=or&useFilter=y','2018-02-10','6iau2pd5mjf7k55dbdfl32lk7o@google.com',60,1,55,1),(298,168,14,9,NULL,'2018-01-27','14:30:00','1','https://codabra.amocrm.ru/leads/pipeline/592459/?filter%5Bcf%5D%5B190655%5D=410475&filter%5Bcf%5D%5B190397%5D=413791&filter%5Bcf%5D%5B183593%5D%5Bfrom%5D=27.01.2018&filter%5Bcf%5D%5B183593%5D%5Bto%5D=27.01.2018&filter%5Btags_logic%5D=or&useFilter=y','2018-02-03','v0fhfo6r0l2bcqeogknkrej23s@google.com',60,1,31,1),(299,169,14,6,NULL,'2018-02-03','14:30:00','1','https://codabra.amocrm.ru/leads/pipeline/592459/?filter%5Bcf%5D%5B190655%5D=433403&filter%5Bcf%5D%5B190397%5D=413791&filter%5Bcf%5D%5B183593%5D%5Bfrom%5D=3.02.2018&filter%5Bcf%5D%5B183593%5D%5Bto%5D=3.02.2018&filter%5Btags_logic%5D=or&useFilter=y','2018-02-10','pn5ufq2bsk4kge35vroo6d0sd4@google.com',60,1,37,1),(300,171,18,12,NULL,'2018-02-04','18:00:00','1','https://codabra.amocrm.ru/leads/pipeline/592459/?filter%5Bcf%5D%5B190655%5D=410471&filter%5Bcf%5D%5B190397%5D=413809&filter%5Bcf%5D%5B183593%5D%5Bfrom%5D=4.02.2018&filter%5Bcf%5D%5B183593%5D%5Bto%5D=4.02.2018&filter%5Btags_logic%5D=or&useFilter=y','2018-02-18','1tth7ds2ju5405m6b5ctt9npj0@google.com',60,1,55,1),(301,171,18,12,NULL,'2018-02-11','18:00:00','2','https://codabra.amocrm.ru/leads/pipeline/592459/?filter%5Bcf%5D%5B190655%5D=410471&filter%5Bcf%5D%5B190397%5D=413809&filter%5Bcf%5D%5B183593%5D%5Bfrom%5D=11.02.2018&filter%5Bcf%5D%5B183593%5D%5Bto%5D=11.02.2018&filter%5Btags_logic%5D=or&useFilter=y','2018-02-18','3rv88npdafkhabiq70dk5q40is@google.com',60,1,55,1),(302,172,18,6,NULL,'2018-02-03','12:30:00','1','https://codabra.amocrm.ru/leads/pipeline/592459/?filter%5Bcf%5D%5B190655%5D=433403&filter%5Bcf%5D%5B190397%5D=413783&filter%5Bcf%5D%5B183593%5D%5Bfrom%5D=3.02.2018&filter%5Bcf%5D%5B183593%5D%5Bto%5D=3.02.2018&filter%5Btags_logic%5D=or&useFilter=y','2018-02-17','s8nmqeua0f99s1q6vkltmvhaoc@google.com',60,1,50,1),(303,172,18,6,NULL,'2018-02-10','12:30:00','2','https://codabra.amocrm.ru/leads/pipeline/592459/?filter%5Bcf%5D%5B190655%5D=433403&filter%5Bcf%5D%5B190397%5D=413783&filter%5Bcf%5D%5B183593%5D%5Bfrom%5D=10.02.2018&filter%5Bcf%5D%5B183593%5D%5Bto%5D=10.02.2018&filter%5Btags_logic%5D=or&useFilter=y','2018-02-17','m72itmvbeo262lo12r9dedc5js@google.com',60,1,50,1),(304,173,18,9,NULL,'2018-01-27','14:30:00','1','https://codabra.amocrm.ru/leads/pipeline/655627/?filter%5Bcf%5D%5B190655%5D=410475&filter%5Bcf%5D%5B190397%5D=413791&filter%5Bcf%5D%5B183593%5D%5Bfrom%5D=27.01.2018&filter%5Bcf%5D%5B183593%5D%5Bto%5D=27.01.2018&filter%5Btags_logic%5D=or&useFilter=y','2018-02-10','q347bkpf7ajgaa0u5453hcsl5s@google.com',60,1,50,1),(305,173,18,9,NULL,'2018-02-03','14:30:00','2','https://codabra.amocrm.ru/leads/pipeline/592459/?filter%5Bcf%5D%5B190655%5D=410475&filter%5Bcf%5D%5B190397%5D=413791&filter%5Bcf%5D%5B183593%5D%5Bfrom%5D=3.02.2018&filter%5Bcf%5D%5B183593%5D%5Bto%5D=3.02.2018&filter%5Btags_logic%5D=or&useFilter=y','2018-02-10','9ljhl5jp1gk93eglt55lit0tn8@google.com',60,1,50,1),(306,94,19,6,NULL,'2018-01-27','12:00:00','4','https://codabra.amocrm.ru/leads/pipeline/592459/?filter%5Bcf%5D%5B190655%5D=433403&filter%5Bcf%5D%5B190397%5D=413781&filter%5Bcf%5D%5B183593%5D%5Bfrom%5D=27.01.2018&filter%5Bcf%5D%5B183593%5D%5Bto%5D=27.01.2018&filter%5Btags_logic%5D=or&useFilter=y','2018-02-10','nq7fctsthkoh0ulhtkcngefovg@google.com',60,1,40,1),(307,94,19,6,NULL,'2018-02-03','12:00:00','5','https://codabra.amocrm.ru/leads/pipeline/592459/?filter%5Bcf%5D%5B190655%5D=433403&filter%5Bcf%5D%5B190397%5D=413781&filter%5Bcf%5D%5B183593%5D%5Bfrom%5D=3.02.2018&filter%5Bcf%5D%5B183593%5D%5Bto%5D=3.02.2018&filter%5Btags_logic%5D=or&useFilter=y','0108-02-10','fv8fmql5db1tvuqetqjgq8p8r4@google.com',60,1,40,1),(308,175,20,9,40,'2018-01-28','14:30:00','1','https://codabra.amocrm.ru/leads/pipeline/592459/?filter%5Bcf%5D%5B190655%5D=410475&filter%5Bcf%5D%5B190397%5D=413791&filter%5Bcf%5D%5B183593%5D%5Bfrom%5D=28.01.2018&filter%5Bcf%5D%5B183593%5D%5Bto%5D=28.01.2018&filter%5Btags_logic%5D=or&useFilter=y','2018-02-11','ti3ndaem5rfe2ltk13u3asiquc@google.com',60,1,70,1),(309,175,20,9,40,'2018-02-04','14:30:00','2','https://codabra.amocrm.ru/leads/pipeline/592459/?filter%5Bcf%5D%5B190655%5D=410475&filter%5Bcf%5D%5B190397%5D=413791&filter%5Bcf%5D%5B183593%5D%5Bfrom%5D=4.02.2018&filter%5Bcf%5D%5B183593%5D%5Bto%5D=4.02.2018&filter%5Btags_logic%5D=or&useFilter=y','2018-02-11','tpcv9qtjtar7278cu4pdmuq104@google.com',60,1,70,1),(310,177,18,7,25,'2018-02-04','12:00:00','1','https://codabra.amocrm.ru/leads/pipeline/592459/?filter%5Bcf%5D%5B190655%5D=417397&filter%5Bcf%5D%5B190397%5D=413781&filter%5Bcf%5D%5B183593%5D%5Bfrom%5D=4.02.2018&filter%5Bcf%5D%5B183593%5D%5Bto%5D=4.02.2018&filter%5Btags_logic%5D=or&useFilter=y','2018-02-18','7g69np73j9qnqn7bbgpu5kstas@google.com',60,1,50,1),(311,177,18,7,25,'2018-02-11','12:00:00','2','https://codabra.amocrm.ru/leads/pipeline/592459/?filter%5Bcf%5D%5B190655%5D=417397&filter%5Bcf%5D%5B190397%5D=413781&filter%5Bcf%5D%5B183593%5D%5Bfrom%5D=11.02.2018&filter%5Bcf%5D%5B183593%5D%5Bto%5D=11.02.2018&filter%5Btags_logic%5D=or&useFilter=y','2018-02-18','9ar6ikokefsi3ququu82vcgf0k@google.com',60,1,50,1),(312,132,20,12,47,'2018-01-27','12:00:00','3','https://codabra.amocrm.ru/leads/pipeline/592459/?filter%5Bcf%5D%5B190655%5D=410471&filter%5Bcf%5D%5B190397%5D=413781&filter%5Bcf%5D%5B183593%5D%5Bfrom%5D=27.01.2018&filter%5Bcf%5D%5B183593%5D%5Bto%5D=27.01.2018&filter%5Btags_logic%5D=or&useFilter=y','2018-02-03','4s16chnt4vnpg85hm1i6iu7t7s@google.com',60,1,75,1),(313,178,23,6,20,'2018-02-03','13:00:00','1','https://codabra.amocrm.ru/leads/pipeline/592459/?filter%5Bcf%5D%5B190655%5D=433403&filter%5Bcf%5D%5B190397%5D=413785&filter%5Bcf%5D%5B183593%5D%5Bfrom%5D=3.02.2018&filter%5Bcf%5D%5B183593%5D%5Bto%5D=3.02.2018&filter%5Btags_logic%5D=or&useFilter=y','2018-02-17','4j2cj80oj6gq9gssrumgnjmt1c@google.com',60,1,40,1),(314,178,23,6,20,'2018-02-10','13:00:00','2','https://codabra.amocrm.ru/leads/pipeline/592459/?filter%5Bcf%5D%5B190655%5D=433403&filter%5Bcf%5D%5B190397%5D=413785&filter%5Bcf%5D%5B183593%5D%5Bfrom%5D=10.02.2018&filter%5Bcf%5D%5B183593%5D%5Bto%5D=10.02.2018&filter%5Btags_logic%5D=or&useFilter=y','2018-02-17','vr0ghd2snu9i617t9uq7p2e3bc@google.com',60,1,40,1),(315,179,23,7,20,'2018-02-03','15:00:00','1','https://codabra.amocrm.ru/leads/pipeline/592459/?filter%5Bcf%5D%5B190655%5D=417397&filter%5Bcf%5D%5B190397%5D=413793&filter%5Bcf%5D%5B183593%5D%5Bfrom%5D=3.02.2018&filter%5Bcf%5D%5B183593%5D%5Bto%5D=3.02.2018&filter%5Btags_logic%5D=or&useFilter=y','2018-02-17','hgm4418dern90njb1tllkv3i68@google.com',60,1,40,1),(316,179,23,7,20,'2018-02-10','15:00:00','2','https://codabra.amocrm.ru/leads/pipeline/592459/?filter%5Bcf%5D%5B190655%5D=417397&filter%5Bcf%5D%5B190397%5D=413793&filter%5Bcf%5D%5B183593%5D%5Bfrom%5D=10.02.2018&filter%5Bcf%5D%5B183593%5D%5Bto%5D=10.02.2018&filter%5Btags_logic%5D=or&useFilter=y','2018-02-17','h6oddt3ltekr41gk068lgdahvs@google.com',60,1,40,1),(317,180,23,9,23,'2018-02-03','17:00:00','1','https://codabra.amocrm.ru/leads/pipeline/592459/?filter%5Bcf%5D%5B190655%5D=410475&filter%5Bcf%5D%5B190397%5D=413805&filter%5Bcf%5D%5B183593%5D%5Bfrom%5D=3.02.2018&filter%5Bcf%5D%5B183593%5D%5Bto%5D=3.02.2018&filter%5Btags_logic%5D=or&useFilter=y','2018-02-17','0knlurn9ou7l858l432kc0d3es@google.com',60,1,40,1),(318,180,23,9,23,'2018-02-10','17:00:00','2','https://codabra.amocrm.ru/leads/pipeline/592459/?filter%5Bcf%5D%5B190655%5D=410475&filter%5Bcf%5D%5B190397%5D=413805&filter%5Bcf%5D%5B183593%5D%5Bfrom%5D=10.02.2018&filter%5Bcf%5D%5B183593%5D%5Bto%5D=10.02.2018&filter%5Btags_logic%5D=or&useFilter=y','2018-02-17','mvlehk4mch9gvfaiqr9q6gfni8@google.com',60,1,40,1),(319,181,23,12,16,'2018-02-04','19:00:00','1','https://codabra.amocrm.ru/leads/pipeline/592459/?filter%5Bcf%5D%5B190655%5D=410471&filter%5Bcf%5D%5B190397%5D=413813&filter%5Bcf%5D%5B183593%5D%5Bfrom%5D=4.02.2018&filter%5Bcf%5D%5B183593%5D%5Bto%5D=4.02.2018&filter%5Btags_logic%5D=or&useFilter=y','2018-02-18','99tu4p0c7nt1dv3subqq4q67j0@google.com',60,1,40,1),(320,181,23,12,16,'2018-02-11','17:00:00','2','https://codabra.amocrm.ru/leads/pipeline/592459/?filter%5Bcf%5D%5B190655%5D=410471&filter%5Bcf%5D%5B190397%5D=413805&filter%5Bcf%5D%5B183593%5D%5Bfrom%5D=11.02.2018&filter%5Bcf%5D%5B183593%5D%5Bto%5D=11.02.2018&filter%5Btags_logic%5D=or&useFilter=y','2018-02-18','nkc35a0j2544cjmq1o9f8bds64@google.com',60,1,40,1),(322,182,21,16,15,'2018-02-04','18:00:00','1','https://codabra.amocrm.ru/leads/pipeline/592459/?filter%5Bcf%5D%5B190655%5D=439071&filter%5Bcf%5D%5B190397%5D=413809&filter%5Bcf%5D%5B183593%5D%5Bfrom%5D=4.02.2018&filter%5Bcf%5D%5B183593%5D%5Bto%5D=4.02.2018&filter%5Btags_logic%5D=or&useFilter=y','2018-02-18','nh4ebbaokm4nm9ha3i32qjmfs0@google.com',60,1,50,1),(323,182,21,16,15,'2018-02-11','18:00:00','2','https://codabra.amocrm.ru/leads/pipeline/874927/?filter%5Bcf%5D%5B190655%5D=439071&filter%5Bcf%5D%5B190397%5D=413809&filter%5Bcf%5D%5B183593%5D%5Bfrom%5D=11.02.2018&filter%5Bcf%5D%5B183593%5D%5Bto%5D=11.02.2018&filter%5Btags_logic%5D=or&useFilter=y','2018-02-18','9flttb8nkv9hr4akh447ofakj4@google.com',60,1,50,1),(324,185,21,9,30,'2018-02-03','18:00:00','1','https://codabra.amocrm.ru/leads/pipeline/592459/?filter%5Bcf%5D%5B190655%5D=410475&filter%5Bcf%5D%5B190397%5D=413809&filter%5Bcf%5D%5B183593%5D%5Bfrom%5D=3.02.2018&filter%5Bcf%5D%5B183593%5D%5Bto%5D=3.02.2018&filter%5Btags_logic%5D=or&useFilter=y','2018-02-17','4p9e8uuuv6gpis33jcudhh7f70@google.com',60,1,50,1),(325,185,21,9,30,'2018-02-10','18:00:00','2','https://codabra.amocrm.ru/leads/pipeline/592459/?filter%5Bcf%5D%5B190655%5D=410475&filter%5Bcf%5D%5B190397%5D=413809&filter%5Bcf%5D%5B183593%5D%5Bfrom%5D=10.02.2018&filter%5Bcf%5D%5B183593%5D%5Bto%5D=10.02.2018&filter%5Btags_logic%5D=or&useFilter=y','2018-02-17','rv7tkttfnnfvmm50mf5ecbrjh0@google.com',60,1,50,1),(326,186,21,6,30,'2018-02-03','14:30:00','1','https://codabra.amocrm.ru/leads/pipeline/592459/?filter%5Bcf%5D%5B190655%5D=433403&filter%5Bcf%5D%5B190397%5D=413791&filter%5Bcf%5D%5B183593%5D%5Bfrom%5D=3.02.2018&filter%5Bcf%5D%5B183593%5D%5Bto%5D=3.02.2018&filter%5Btags_logic%5D=or&useFilter=y','2018-02-17','1gli32p0rriufau3ohnbhhr9oo@google.com',60,1,50,1),(327,186,21,6,30,'2018-02-10','14:30:00','2','https://codabra.amocrm.ru/leads/pipeline/592459/?filter%5Bcf%5D%5B190655%5D=433403&filter%5Bcf%5D%5B190397%5D=413791&filter%5Bcf%5D%5B183593%5D%5Bfrom%5D=10.02.2018&filter%5Bcf%5D%5B183593%5D%5Bto%5D=10.02.2018&filter%5Btags_logic%5D=or&useFilter=y','2018-02-17','o4lve4vectefscpetpj8c8t8vk@google.com',60,1,50,1),(328,187,21,12,11,'2018-02-04','14:00:00','1','https://codabra.amocrm.ru/leads/pipeline/592459/?filter%5Bcf%5D%5B190655%5D=410471&filter%5Bcf%5D%5B190397%5D=413789&filter%5Bcf%5D%5B183593%5D%5Bfrom%5D=4.02.2018&filter%5Bcf%5D%5B183593%5D%5Bto%5D=4.02.2018&filter%5Btags_logic%5D=or&useFilter=y','2018-02-18','tv1g52j74uktpt1uo3me3tpkrs@google.com',60,1,30,1),(329,187,21,12,11,'2018-02-11','12:00:00','2','https://codabra.amocrm.ru/leads/pipeline/592459/?filter%5Bcf%5D%5B190655%5D=410471&filter%5Bcf%5D%5B190397%5D=413781&filter%5Bcf%5D%5B183593%5D%5Bfrom%5D=11.02.2018&filter%5Bcf%5D%5B183593%5D%5Bto%5D=11.02.2018&filter%5Btags_logic%5D=or&useFilter=y','2018-02-18','tt9cp176dtgo1anvcj80k7e4e8@google.com',60,1,30,1),(331,78,13,7,25,'2018-02-03','10:30:00','7','https://codabra.amocrm.ru/leads/pipeline/592459/?filter%5Bcf%5D%5B190655%5D=417397&filter%5Bcf%5D%5B190397%5D=413797&filter%5Bcf%5D%5B183593%5D%5Bfrom%5D=3.02.2018&filter%5Bcf%5D%5B183593%5D%5Bto%5D=3.02.2018&filter%5Btags_logic%5D=or&useFilter=y','2018-02-10','f4kb3g01f18a41ki1e09l1s50k@google.com',60,1,60,1),(332,190,24,6,NULL,'2018-02-10','12:00:00','1','https://codabra.amocrm.ru/leads/pipeline/592459/?filter%5Bcf%5D%5B190655%5D=433403&filter%5Bcf%5D%5B190397%5D=413781&filter%5Bcf%5D%5B183593%5D%5Bfrom%5D=10.02.2018&filter%5Bcf%5D%5B183593%5D%5Bto%5D=10.02.2018&filter%5Btags_logic%5D=or&useFilter=y','2018-03-03','3lgjb9f6betglmag196cue25nc@google.com',60,1,50,1),(333,190,24,6,NULL,'2018-02-17','12:00:00','2','','2018-03-03','t2bq5hi3lj9j2eudkac8c07490@google.com',60,1,50,1),(334,191,24,9,NULL,'2018-02-10','14:30:00','1','https://codabra.amocrm.ru/leads/pipeline/592459/?filter%5Bcf%5D%5B190655%5D=410475&filter%5Bcf%5D%5B190397%5D=413791&filter%5Bcf%5D%5B183593%5D%5Bfrom%5D=10.02.2018&filter%5Bcf%5D%5B183593%5D%5Bto%5D=10.02.2018&filter%5Btags_logic%5D=or&useFilter=y','2018-03-03','jndnk2fj4g5lp7kh097soakjgo@google.com',60,1,50,1),(335,191,24,9,NULL,'2018-02-17','14:30:00','2','','2018-03-03','qdrainshr0uojl49fm7fticpbg@google.com',60,1,50,1),(336,189,24,12,NULL,'2018-02-10','18:00:00','1','https://codabra.amocrm.ru/leads/pipeline/592459/?filter%5Bcf%5D%5B190655%5D=410471&filter%5Bcf%5D%5B190397%5D=413809&filter%5Bcf%5D%5B183593%5D%5Bfrom%5D=10.02.2018&filter%5Bcf%5D%5B183593%5D%5Bto%5D=10.02.2018&filter%5Btags_logic%5D=or&useFilter=y','2018-03-03','l8gmvvlu46anjgj7nj37f5hr6g@google.com',60,1,50,1),(337,189,24,12,NULL,'2018-02-17','18:00:00','2','','2018-03-03','iddhbhfa5o60ibbvqmlt5d84q4@google.com',60,1,50,1),(338,199,24,7,25,'2018-03-03','15:30:00','1','https://codabra.amocrm.ru/leads/pipeline/592459/?filter%5Bcf%5D%5B190655%5D=417397&filter%5Bcf%5D%5B190397%5D=413799&filter%5Bcf%5D%5B183593%5D%5Bfrom%5D=3.03.2018&filter%5Bcf%5D%5B183593%5D%5Bto%5D=3.03.2018&filter%5Btags_logic%5D=or&useFilter=y','2018-03-17',NULL,60,NULL,30,1),(339,199,24,7,25,'2018-03-03','15:30:00','1','','2018-03-17',NULL,60,NULL,30,1),(340,199,24,7,25,'2018-03-03','15:30:00','1','https://codabra.amocrm.ru/leads/pipeline/592459/?filter%5Bcf%5D%5B190655%5D=417397&filter%5Bcf%5D%5B190397%5D=413799&filter%5Bcf%5D%5B183593%5D%5Bfrom%5D=3.03.2018&filter%5Bcf%5D%5B183593%5D%5Bto%5D=3.03.2018&filter%5Btags_logic%5D=or&useFilter=y','2018-03-17',NULL,60,NULL,30,1),(345,201,20,6,NULL,'2018-03-18','12:00:00','1','https://codabra.amocrm.ru/leads/pipeline/592459/?filter%5Bcf%5D%5B190655%5D=433403&filter%5Bcf%5D%5B190397%5D=413781&filter%5Bcf%5D%5B183593%5D%5Bfrom%5D=18.03.2018&filter%5Bcf%5D%5B183593%5D%5Bto%5D=18.03.2018&filter%5Btags_logic%5D=or&useFilter=y','2018-03-25','sgr5r428ngtd64nq1lctja5uo4@google.com',60,NULL,40,1),(346,175,20,9,NULL,'2018-03-18','14:30:00','3','https://codabra.amocrm.ru/leads/pipeline/592459/?filter%5Bcf%5D%5B190655%5D=410475&filter%5Bcf%5D%5B190397%5D=413791&filter%5Bcf%5D%5B183593%5D%5Bfrom%5D=18.03.2018&filter%5Bcf%5D%5B183593%5D%5Bto%5D=18.03.2018&filter%5Btags_logic%5D=or&useFilter=y','2018-03-25','j1va0mjj7ohorbnmifup5pabi8@google.com',60,NULL,70,1),(350,205,15,20,56,NULL,'13:13:00','','',NULL,NULL,555,NULL,12,1),(351,205,15,20,56,NULL,'13:13:00','','',NULL,'9gru10t9c6pkdp6aa6fs5942po@google.com',555,2,12,1),(352,204,25,20,56,NULL,'13:13:00','','',NULL,'tq9lrd2veevki26u0ndajt0gro@google.com',NULL,3,11,1),(353,206,24,12,NULL,'2018-03-18','14:30:00','1','https://codabra.amocrm.ru/leads/pipeline/592459/?filter%5Bcf%5D%5B190655%5D=410471&filter%5Bcf%5D%5B190397%5D=413791&filter%5Bcf%5D%5B183593%5D%5Bfrom%5D=18.03.2018&filter%5Bcf%5D%5B183593%5D%5Bto%5D=18.03.2018&filter%5Btags_logic%5D=or&useFilter=y','2018-03-25','v0m4cjuu2ilf25vbl4gtjvdvjs@google.com',60,1,30,1),(358,205,15,20,56,NULL,'13:13:00','','',NULL,'ui0v3hf3r66gq6onbfudevckrc@google.com',555,2,12,1),(359,205,15,20,56,NULL,'13:13:00','','',NULL,'3t8a7s5davs7oaete8t0vbj0d4@google.com',555,2,12,1),(360,205,15,20,56,NULL,'13:13:00','','',NULL,'it99p6s8gmaprsd1ghfilun9os@google.com',555,2,12,1),(361,205,15,20,56,NULL,'13:13:00','','',NULL,'6344c8vqejvjru5ohd8k1u924g@google.com',555,2,12,1),(362,205,15,20,56,NULL,'13:13:00','','',NULL,'sjnss48pea0j0lhftv7es88dj8@google.com',555,2,12,1),(363,205,15,20,56,NULL,'13:13:00','','',NULL,'75na65hf2qf078uhdugj799kv0@google.com',555,2,12,1),(364,205,15,20,56,NULL,'13:13:00','','',NULL,'27t2tfvivj3e7420enubvis6ec@google.com',555,2,12,1),(365,205,15,20,56,NULL,'13:13:00','','',NULL,'7uin2jdggb4b9bu3ov4mmab8fs@google.com',555,2,12,1),(366,205,15,20,56,NULL,'13:13:00','','',NULL,'1g5mnvvkb2crifoaihm2s6209c@google.com',555,2,12,1),(367,205,15,20,56,NULL,'13:13:00','','',NULL,'pe29h4e63op7jujg8b0111rv38@google.com',555,2,12,1),(368,205,15,20,56,NULL,'13:13:00','','',NULL,'nkakbak8qvqe48eh8t6f0ukrv8@google.com',555,2,12,1),(369,205,15,20,56,NULL,'13:13:00','','',NULL,'odlgs21229ajtrjb54jhafhr6s@google.com',555,2,12,1),(370,205,15,20,56,NULL,'13:13:00','','',NULL,'g1so3scqlh8ccf5444sp7pgs04@google.com',555,2,12,1),(371,205,15,20,56,NULL,'13:13:00','','',NULL,'fjo810jmvbnii69k96kgai2eq4@google.com',555,2,12,1),(372,205,15,20,56,NULL,'13:13:00','','',NULL,'gludi1vdmpqd9569a1kte7flgo@google.com',555,2,12,1),(373,205,15,20,56,NULL,'13:13:00','','',NULL,'c7am0qdc09dqilsutgnaglnojg@google.com',555,2,12,1),(374,205,15,20,56,NULL,'13:13:00','','',NULL,'jg07icc0u1d7ro285dfp57nvds@google.com',555,2,12,1),(375,205,15,20,56,NULL,'13:13:00','','',NULL,'sj4t18jcf1gu4p87113cn09c5s@google.com',555,2,12,1),(376,205,15,20,56,NULL,'13:13:00','','',NULL,'0dgqae310derdoa70991fl76dk@google.com',555,2,12,1),(377,205,15,20,56,NULL,'13:13:00','','',NULL,'5ogjbbjr23me6cq3uptg4jejkc@google.com',555,2,12,1),(378,205,15,20,56,NULL,'13:13:00','','',NULL,'p6b8h5e8r327nm2vqp14bjt8l4@google.com',555,2,12,1),(379,205,15,20,56,NULL,'13:13:00','','',NULL,'ocp0eu12jjieomil5hmndjbmsc@google.com',555,2,12,1),(380,205,15,20,56,NULL,'13:13:00','','',NULL,'n3gg04em2089bnsdhqm9o20j2c@google.com',555,2,12,1),(381,205,15,20,56,NULL,'13:13:00','','',NULL,'22an3s23l4npqi1ief70i82298@google.com',555,2,12,1),(382,205,15,20,56,NULL,'13:13:00','','',NULL,'2jqio20i8h4jeb1bg8p9tfbq3s@google.com',555,2,12,1),(383,205,15,20,56,NULL,'13:13:00','','',NULL,'9onmpfe96nvs4cispkothjhf6g@google.com',555,2,12,1),(384,205,15,20,56,NULL,'13:13:00','','',NULL,'qpjenle5mmqaovtn9d38fr8k40@google.com',555,2,12,1),(385,205,15,20,56,NULL,'13:13:00','','',NULL,'cmn2sgofl1iaqjv41f18r3ca44@google.com',555,2,12,1),(386,205,15,20,56,NULL,'13:13:00','','',NULL,'ea7bfu1tr0n2uc9jglpu2ehvtg@google.com',555,2,12,1),(387,205,15,20,56,NULL,'13:13:00','','',NULL,'uf0ge0unju46b6188fo3q8sunc@google.com',555,2,12,1),(388,205,15,20,56,NULL,'13:13:00','','',NULL,'54dbhn08d8chnvri1c3hom5r2s@google.com',555,2,12,1),(404,19,13,5,NULL,'2017-11-30','14:00:00','1','https://codabra.amocrm.ru/leads/pipeline/592459/?filter%5Bcf%5D%5B202119%5D%5Bto%5D=106&filter%5Bcf%5D%5B185143%5D%5Bto%5D=%D0%9C1%D0%9C2','1987-12-03',NULL,NULL,1,10,1),(405,68,21,7,7,'2017-11-12','12:00:00','','https://codabra.amocrm.ru/leads/pipeline/592459/?filter%5Bcf%5D%5B202119%5D%5Bto%5D=107','2017-11-19',NULL,NULL,1,20,1),(406,69,21,12,6,'2017-11-12','14:00:00','','','2017-11-19',NULL,NULL,1,20,1),(407,70,13,12,12,'2017-11-12','16:45:00','','https://codabra.amocrm.ru/leads/pipeline/592459/?filter%5Bcf%5D%5B202119%5D%5Bto%5D=109','2017-11-19',NULL,NULL,1,20,1),(408,71,13,12,NULL,'2017-11-11','17:30:00','','','2017-11-25',NULL,NULL,1,20,1),(409,72,21,6,30,'2017-11-11','14:00:00','','https://codabra.amocrm.ru/leads/pipeline/592459/?filter%5Bcf%5D%5B202119%5D%5Bto%5D=111','2017-11-25',NULL,NULL,1,20,1),(410,73,14,4,NULL,'2017-11-12','11:00:00','','','2017-12-03',NULL,NULL,1,0,1),(411,74,21,9,30,'2017-11-11','16:00:00','','','2017-11-25',NULL,NULL,1,20,1),(412,75,14,9,NULL,'2017-11-12','14:30:00','','','2017-11-19',NULL,NULL,1,20,1),(413,78,13,7,24,'2017-11-18','10:30:00','1','','2017-12-02',NULL,60,1,60,1),(414,79,14,12,NULL,'2017-11-19','18:00:00','1','','2017-12-03',NULL,60,1,20,1),(415,71,13,12,41,'2017-11-18','17:30:00','2','','2017-11-25',NULL,60,1,20,1),(416,72,21,6,30,'2017-11-18','14:00:00','2','','2017-11-25',NULL,60,1,20,1),(417,80,13,9,29,'2017-11-19','13:30:00','1','','2017-12-10',NULL,60,1,20,1),(418,74,21,9,30,'2017-11-18','16:00:00','2','','2017-11-25',NULL,60,1,20,1),(419,85,17,7,26,'2017-11-25','11:00:00','1','https://codabra.amocrm.ru/leads/pipeline/592459/?filter%5Bcf%5D%5B202119%5D%5Bto%5D=155','2017-12-09',NULL,60,1,30,1),(420,78,13,7,24,'2017-11-25','10:30:00','2','','2017-12-02',NULL,60,1,60,1),(421,61,13,4,36,'2017-11-25','12:00:00','3','https://codabra.amocrm.ru/leads/pipeline/592459/?filter%5Bcf%5D%5B202119%5D%5Bto%5D=157','2017-12-02',NULL,60,1,15,1),(422,86,17,12,NULL,'2017-11-25','18:00:00','1','','2017-12-09',NULL,60,1,20,1),(423,210,17,12,NULL,'2018-03-04','18:00:00','1','https://codabra.amocrm.ru/leads/pipeline/592459/?filter%5Bcf%5D%5B190655%5D=410471&filter%5Bcf%5D%5B190397%5D=413809&filter%5Bcf%5D%5B183593%5D%5Bfrom%5D=4.03.2018&filter%5Bcf%5D%5B183593%5D%5Bto%5D=4.03.2018&filter%5Btags_logic%5D=or&useFilter=y','2018-03-18','vevcen04qh693nb0mkh3iuaov4@google.com',60,1,30,1),(424,211,24,4,NULL,'2018-03-04','12:00:00','1','https://codabra.amocrm.ru/leads/pipeline/592459/?filter%5Bcf%5D%5B190655%5D=417399&filter%5Bcf%5D%5B190397%5D=413781&filter%5Bcf%5D%5B183593%5D%5Bfrom%5D=4.03.2018&filter%5Bcf%5D%5B183593%5D%5Bto%5D=4.03.2018&filter%5Btags_logic%5D=or&useFilter=y','2018-03-18','4pq76cltjssgro1llmpjgt79g0@google.com',60,1,30,1),(425,212,17,9,NULL,'2018-03-03','18:00:00','1','https://codabra.amocrm.ru/leads/pipeline/592459/?filter%5Bcf%5D%5B190655%5D=410475&filter%5Bcf%5D%5B190397%5D=413809&filter%5Bcf%5D%5B183593%5D%5Bfrom%5D=3.03.2018&filter%5Bcf%5D%5B183593%5D%5Bto%5D=3.03.2018&filter%5Btags_logic%5D=or&useFilter=y','2018-03-17','pvrkvehm7166b8e4kq0tjpvrho@google.com',60,1,30,1),(426,214,24,16,NULL,'2018-03-04','15:00:00','1','https://codabra.amocrm.ru/leads/pipeline/592459/?filter%5Bcf%5D%5B190655%5D=439071&filter%5Bcf%5D%5B190397%5D=413793&filter%5Bcf%5D%5B183593%5D%5Bfrom%5D=4.03.2018&filter%5Bcf%5D%5B183593%5D%5Bto%5D=4.03.2018&filter%5Btags_logic%5D=or&useFilter=y','2018-03-18','7q1j70mltc30m2brk4oav3gamc@google.com',60,1,30,1),(429,215,27,7,16,'2018-03-03','12:00:00','1','https://codabra.amocrm.ru/leads/pipeline/592459/?filter%5Bcf%5D%5B190655%5D=417397&filter%5Bcf%5D%5B190397%5D=413781&filter%5Bcf%5D%5B183593%5D%5Bfrom%5D=3.03.2018&filter%5Bcf%5D%5B183593%5D%5Bto%5D=3.03.2018&filter%5Btags_logic%5D=or&useFilter=y','2018-03-17','rfrrsgljm84eodqfeig5enqoqk@google.com',60,NULL,30,1),(430,216,27,12,16,'2018-03-03','14:00:00','1','https://codabra.amocrm.ru/leads/pipeline/592459/?filter%5Bcf%5D%5B190655%5D=410471&filter%5Bcf%5D%5B190397%5D=413789&filter%5Bcf%5D%5B183593%5D%5Bfrom%5D=3.03.2018&filter%5Bcf%5D%5B183593%5D%5Bto%5D=3.03.2018&filter%5Btags_logic%5D=or&useFilter=y','2018-03-17','56ub1o7ccfl48oc2ko4jis4ca4@google.com',60,NULL,30,1),(431,213,27,6,20,'2018-03-04','15:00:00','1','https://codabra.amocrm.ru/leads/pipeline/592459/?filter%5Bcf%5D%5B190655%5D=433403&filter%5Bcf%5D%5B190397%5D=413793&filter%5Bcf%5D%5B183593%5D%5Bfrom%5D=4.03.2018&filter%5Bcf%5D%5B183593%5D%5Bto%5D=4.03.2018&filter%5Btags_logic%5D=or&useFilter=y','2018-03-18','0tr8gstakg72p24h8umf9nf3v8@google.com',60,NULL,30,1),(432,218,27,16,20,'2018-03-04','17:00:00','1','https://codabra.amocrm.ru/leads/pipeline/592459/?filter%5Bcf%5D%5B190655%5D=439071&filter%5Bcf%5D%5B190397%5D=413805&filter%5Bcf%5D%5B183593%5D%5Bfrom%5D=4.03.2018&filter%5Bcf%5D%5B183593%5D%5Bto%5D=4.03.2018&filter%5Btags_logic%5D=or&useFilter=y','2018-03-18','nn3vv5vspmu25u1era6quh4kco@google.com',60,NULL,30,1),(433,217,27,9,53,'2018-03-04','19:00:00','1','https://codabra.amocrm.ru/leads/pipeline/592459/?filter%5Bcf%5D%5B190655%5D=410475&filter%5Bcf%5D%5B190397%5D=413813&filter%5Bcf%5D%5B183593%5D%5Bfrom%5D=4.03.2018&filter%5Bcf%5D%5B183593%5D%5Bto%5D=4.03.2018&filter%5Btags_logic%5D=or&useFilter=y','2018-03-18','avcqgqh2n1vj904e5egogaeth4@google.com',60,NULL,30,1),(436,225,14,4,NULL,'2018-03-10','11:00:00','1','https://codabra.amocrm.ru/leads/pipeline/592459/?filter%5Bcf%5D%5B190655%5D=417399&filter%5Bcf%5D%5B190397%5D=413777&filter%5Bcf%5D%5B183593%5D%5Bfrom%5D=10.03.2018&filter%5Bcf%5D%5B183593%5D%5Bto%5D=10.03.2018&filter%5Btags_logic%5D=or&useFilter=y',NULL,'f24blh9lj0hbs1mpuu3st00ofg@google.com',50,1,20,1),(437,227,14,22,NULL,'2018-03-10','11:00:00','1','https://codabra.amocrm.ru/leads/pipeline/592459/?filter%5Bcf%5D%5B190655%5D=445288&filter%5Bcf%5D%5B190397%5D=413777&filter%5Bcf%5D%5B183593%5D%5Bfrom%5D=10.03.2018&filter%5Bcf%5D%5B183593%5D%5Bto%5D=10.03.2018&filter%5Btags_logic%5D=or&useFilter=y',NULL,'3ar7nf4iv8bvper5kbojn9ureo@google.com',50,1,20,1),(438,231,14,21,NULL,'2018-03-10','12:15:00','1','https://codabra.amocrm.ru/leads/pipeline/592459/?filter%5Bcf%5D%5B190655%5D=445286&filter%5Bcf%5D%5B190397%5D=415195&filter%5Bcf%5D%5B183593%5D%5Bfrom%5D=10.03.2018&filter%5Bcf%5D%5B183593%5D%5Bto%5D=10.03.2018&filter%5Btags_logic%5D=or&useFilter=y',NULL,'h6g3pliab7vuncetncaf56s048@google.com',50,1,15,1),(439,229,14,6,NULL,'2018-03-10','12:15:00','1','https://codabra.amocrm.ru/leads/pipeline/592459/?filter%5Bcf%5D%5B190655%5D=433403&filter%5Bcf%5D%5B190397%5D=415195&filter%5Bcf%5D%5B183593%5D%5Bfrom%5D=10.03.2018&filter%5Bcf%5D%5B183593%5D%5Bto%5D=10.03.2018&filter%5Btags_logic%5D=or&useFilter=y',NULL,'ndstkvbpf5bpmcg3dbi5sdaja4@google.com',50,1,20,1),(440,233,14,9,NULL,'2018-03-10','13:30:00','1','https://codabra.amocrm.ru/leads/pipeline/592459/?filter%5Bcf%5D%5B190655%5D=410475&filter%5Bcf%5D%5B190397%5D=413787&filter%5Bcf%5D%5B183593%5D%5Bfrom%5D=10.03.2018&filter%5Bcf%5D%5B183593%5D%5Bto%5D=10.03.2018&filter%5Btags_logic%5D=or&useFilter=y',NULL,'cis9dc8tg11ceelagdhfsirqrk@google.com',50,1,15,1),(441,237,14,10,NULL,'2018-03-10','13:30:00','1','https://codabra.amocrm.ru/leads/pipeline/592459/?filter%5Bcf%5D%5B190655%5D=433407&filter%5Bcf%5D%5B190397%5D=413787&filter%5Bcf%5D%5B183593%5D%5Bfrom%5D=10.03.2018&filter%5Bcf%5D%5B183593%5D%5Bto%5D=10.03.2018&filter%5Btags_logic%5D=or&useFilter=y',NULL,'9s9g7gs4lvthnjmnrsfurhp8qo@google.com',50,1,15,1),(442,234,14,9,NULL,'2018-03-10','14:45:00','1','https://codabra.amocrm.ru/leads/pipeline/592459/?filter%5Bcf%5D%5B190655%5D=410475&filter%5Bcf%5D%5B190397%5D=415205&filter%5Bcf%5D%5B183593%5D%5Bfrom%5D=10.03.2018&filter%5Bcf%5D%5B183593%5D%5Bto%5D=10.03.2018&filter%5Btags_logic%5D=or&useFilter=y',NULL,'hlrf9k6ukp0j82279stoh0a9rk@google.com',50,1,20,1),(443,238,14,10,NULL,'2018-03-10','14:45:00','1','https://codabra.amocrm.ru/leads/pipeline/592459/?filter%5Bcf%5D%5B190655%5D=433407&filter%5Bcf%5D%5B190397%5D=415205&filter%5Bcf%5D%5B183593%5D%5Bfrom%5D=10.03.2018&filter%5Bcf%5D%5B183593%5D%5Bto%5D=10.03.2018&filter%5Btags_logic%5D=or&useFilter=y',NULL,'5m5kqdn8jrj2bq0amcplmsnpbk@google.com',50,1,15,1),(444,241,14,12,NULL,'2018-03-10','16:00:00','1','https://codabra.amocrm.ru/leads/pipeline/592459/?filter%5Bcf%5D%5B190655%5D=410471&filter%5Bcf%5D%5B190397%5D=413801&filter%5Bcf%5D%5B183593%5D%5Bfrom%5D=10.03.2018&filter%5Bcf%5D%5B183593%5D%5Bto%5D=10.03.2018&filter%5Btags_logic%5D=or&useFilter=y',NULL,'tn3sodgedolv31ub35j69h81ks@google.com',50,1,15,1),(445,246,14,16,NULL,'2018-03-10','16:00:00','1','https://codabra.amocrm.ru/leads/pipeline/592459/?filter%5Bcf%5D%5B190655%5D=439071&filter%5Bcf%5D%5B190397%5D=413801&filter%5Bcf%5D%5B183593%5D%5Bfrom%5D=10.03.2018&filter%5Bcf%5D%5B183593%5D%5Bto%5D=10.03.2018&filter%5Btags_logic%5D=or&useFilter=y',NULL,'a75galu17n9s7i2633nmum5h1g@google.com',50,1,15,1),(446,242,14,12,NULL,'2018-03-10','17:15:00','1','https://codabra.amocrm.ru/leads/pipeline/592459/?filter%5Bcf%5D%5B190655%5D=410471&filter%5Bcf%5D%5B190397%5D=415215&filter%5Bcf%5D%5B183593%5D%5Bfrom%5D=10.03.2018&filter%5Bcf%5D%5B183593%5D%5Bto%5D=10.03.2018&filter%5Btags_logic%5D=or&useFilter=y',NULL,'p5gl2am2gd1duc2rhudgkuimro@google.com',50,1,15,1),(447,247,14,16,NULL,'2018-03-10','17:15:00','1','https://codabra.amocrm.ru/leads/pipeline/592459/?filter%5Bcf%5D%5B190655%5D=439071&filter%5Bcf%5D%5B190397%5D=415215&filter%5Bcf%5D%5B183593%5D%5Bfrom%5D=10.03.2018&filter%5Bcf%5D%5B183593%5D%5Bto%5D=10.03.2018&filter%5Btags_logic%5D=or&useFilter=y',NULL,'h2bmqov3m2riidvk0f0bcie7hg@google.com',50,1,15,1),(448,226,14,4,NULL,'2018-03-11','11:00:00','','https://codabra.amocrm.ru/leads/pipeline/592459/?filter%5Bcf%5D%5B190655%5D=417399&filter%5Bcf%5D%5B190397%5D=413777&filter%5Bcf%5D%5B183593%5D%5Bfrom%5D=11.03.2018&filter%5Bcf%5D%5B183593%5D%5Bto%5D=11.03.2018&filter%5Btags_logic%5D=or&useFilter=y',NULL,'6k3l7f4lcfiih87mfvkld77cqc@google.com',50,1,20,1),(449,228,14,22,NULL,'2018-03-11','11:00:00','','https://codabra.amocrm.ru/leads/pipeline/655627/?filter%5Bcf%5D%5B190655%5D=445288&filter%5Bcf%5D%5B190397%5D=413777&filter%5Bcf%5D%5B183593%5D%5Bfrom%5D=11.03.2018&filter%5Bcf%5D%5B183593%5D%5Bto%5D=11.03.2018&filter%5Btags_logic%5D=or&useFilter=y',NULL,'nvm95g75t3otg58jd8i5enlfo8@google.com',50,1,15,1),(450,232,14,21,NULL,'2018-03-11','12:15:00','','https://codabra.amocrm.ru/leads/pipeline/592459/?filter%5Bcf%5D%5B190655%5D=445286&filter%5Bcf%5D%5B190397%5D=415195&filter%5Bcf%5D%5B183593%5D%5Bfrom%5D=11.03.2018&filter%5Bcf%5D%5B183593%5D%5Bto%5D=11.03.2018&filter%5Btags_logic%5D=or&useFilter=y',NULL,'45msq1hnc3tg2chb3md1ke36l0@google.com',50,1,23,1),(451,230,14,6,NULL,'2018-03-11','12:15:00','','https://codabra.amocrm.ru/leads/pipeline/592459/?filter%5Bcf%5D%5B190655%5D=433403&filter%5Bcf%5D%5B190397%5D=415195&filter%5Bcf%5D%5B183593%5D%5Bfrom%5D=11.03.2018&filter%5Bcf%5D%5B183593%5D%5Bto%5D=11.03.2018&filter%5Btags_logic%5D=or&useFilter=y',NULL,'c45scmlp7vpqssjk58ehv0922s@google.com',50,1,20,1),(452,235,14,9,NULL,'2018-03-11','13:30:00','','https://codabra.amocrm.ru/leads/pipeline/592459/?filter%5Bcf%5D%5B190655%5D=410475&filter%5Bcf%5D%5B190397%5D=413787&filter%5Bcf%5D%5B183593%5D%5Bfrom%5D=11.03.2018&filter%5Bcf%5D%5B183593%5D%5Bto%5D=11.03.2018&filter%5Btags_logic%5D=or&useFilter=y',NULL,'8diurc9b69f5ubr0mvpard853g@google.com',50,1,15,1),(453,239,14,10,NULL,'2018-03-11','13:30:00','','',NULL,'fc4pdu7bf3jdtiadp0qrv9g8lg@google.com',50,1,15,1),(454,236,14,9,NULL,'2018-03-11','14:45:00','','https://codabra.amocrm.ru/leads/pipeline/592459/?filter%5Bcf%5D%5B190655%5D=410475&filter%5Bcf%5D%5B190397%5D=415205&filter%5Bcf%5D%5B183593%5D%5Bfrom%5D=11.03.2018&filter%5Bcf%5D%5B183593%5D%5Bto%5D=11.03.2018&filter%5Btags_logic%5D=or&useFilter=y',NULL,'m0c8n2u77oc6g32kn6c4nsd32g@google.com',50,1,20,1),(455,240,14,10,NULL,'2018-03-11','14:45:00','','https://codabra.amocrm.ru/leads/pipeline/592459/?filter%5Bcf%5D%5B190655%5D=433407&filter%5Bcf%5D%5B190397%5D=415205&filter%5Bcf%5D%5B183593%5D%5Bfrom%5D=11.03.2018&filter%5Bcf%5D%5B183593%5D%5Bto%5D=11.03.2018&filter%5Btags_logic%5D=or&useFilter=y',NULL,'pmg92mesa9mttdkpi297vj3c8g@google.com',50,1,15,1),(456,243,14,12,NULL,'2018-03-11','16:00:00','','https://codabra.amocrm.ru/leads/pipeline/592459/?filter%5Bcf%5D%5B190655%5D=410471&filter%5Bcf%5D%5B190397%5D=413801&filter%5Bcf%5D%5B183593%5D%5Bfrom%5D=11.03.2018&filter%5Bcf%5D%5B183593%5D%5Bto%5D=11.03.2018&filter%5Btags_logic%5D=or&useFilter=y',NULL,'oq08e1io941lreis0p40umnu44@google.com',50,1,20,1),(457,248,14,16,NULL,'2018-03-11','16:00:00','','https://codabra.amocrm.ru/leads/pipeline/592459/?filter%5Bcf%5D%5B190655%5D=439071&filter%5Bcf%5D%5B190397%5D=413801&filter%5Bcf%5D%5B183593%5D%5Bfrom%5D=11.03.2018&filter%5Bcf%5D%5B183593%5D%5Bto%5D=11.03.2018&filter%5Btags_logic%5D=or&useFilter=y',NULL,'pk7so6kf1trcb3usfr0fmsuafc@google.com',50,1,20,1),(458,245,14,12,NULL,'2018-03-11','17:15:00','','https://codabra.amocrm.ru/leads/pipeline/592459/?filter%5Bcf%5D%5B190655%5D=410471&filter%5Bcf%5D%5B190397%5D=415215&filter%5Bcf%5D%5B183593%5D%5Bfrom%5D=11.03.2018&filter%5Bcf%5D%5B183593%5D%5Bto%5D=11.03.2018&filter%5Btags_logic%5D=or&useFilter=y',NULL,'g3nosb3vu7ka11lrv3f6vn7t54@google.com',50,1,20,1),(459,249,14,16,NULL,'2018-03-11','17:15:00','','https://codabra.amocrm.ru/leads/pipeline/592459/?filter%5Bcf%5D%5B190655%5D=439071&filter%5Bcf%5D%5B190397%5D=415215&filter%5Bcf%5D%5B183593%5D%5Bfrom%5D=11.03.2018&filter%5Bcf%5D%5B183593%5D%5Bto%5D=11.03.2018&filter%5Btags_logic%5D=or&useFilter=y',NULL,'poloa69i6j3vo7bjrqc5cm6f80@google.com',50,1,15,1),(460,172,18,6,NULL,'2018-03-03','12:00:00','3','https://codabra.amocrm.ru/leads/pipeline/592459/?filter%5Bcf%5D%5B190655%5D=433403&filter%5Bcf%5D%5B190397%5D=413781&filter%5Bcf%5D%5B183593%5D%5Bfrom%5D=3.03.2018&filter%5Bcf%5D%5B183593%5D%5Bto%5D=3.03.2018&filter%5Btags_logic%5D=or&useFilter=y','2018-03-17','rv0apcm8s6bdg69kee0oj9n34g@google.com',60,1,50,1),(461,220,17,6,42,'2018-03-03','14:30:00','','https://codabra.amocrm.ru/leads/pipeline/592459/?filter%5Bcf%5D%5B190655%5D=433403&filter%5Bcf%5D%5B190397%5D=413791&filter%5Bcf%5D%5B183593%5D%5Bfrom%5D=3.03.2018&filter%5Bcf%5D%5B183593%5D%5Bto%5D=3.03.2018&filter%5Btags_logic%5D=or&useFilter=y',NULL,'hkivp9millukt7kg1lcomm7etg@google.com',60,1,12,1),(462,171,18,12,12,'2018-03-04','18:00:00','','https://codabra.amocrm.ru/leads/pipeline/592459/?filter%5Bcf%5D%5B190655%5D=410471&filter%5Bcf%5D%5B190397%5D=413809&filter%5Bcf%5D%5B183593%5D%5Bfrom%5D=4.03.2018&filter%5Bcf%5D%5B183593%5D%5Bto%5D=4.03.2018&filter%5Btags_logic%5D=or&useFilter=y',NULL,'5c55pqssjlo6vu9gn32v4cf33s@google.com',60,1,55,1),(463,251,23,6,53,'2018-03-11','11:00:00','1','https://codabra.amocrm.ru/leads/pipeline/592459/?filter%5Bcf%5D%5B190655%5D=433403&filter%5Bcf%5D%5B190397%5D=413777&filter%5Bcf%5D%5B183593%5D%5Bfrom%5D=11.03.2018&filter%5Bcf%5D%5B183593%5D%5Bto%5D=11.03.2018&filter%5Btags_logic%5D=or&useFilter=y',NULL,'9gfmvdpi1s5mer7gl3g4u0koio@google.com',60,2,30,1),(464,252,23,7,16,'2018-03-11','12:30:00','1','https://codabra.amocrm.ru/leads/pipeline/592459/?filter%5Bcf%5D%5B190655%5D=417397&filter%5Bcf%5D%5B190397%5D=413783&filter%5Bcf%5D%5B183593%5D%5Bfrom%5D=11.03.2018&filter%5Bcf%5D%5B183593%5D%5Bto%5D=11.03.2018&filter%5Btags_logic%5D=or&useFilter=y',NULL,'sc30hs7jtduvd65tg7bjkpopo4@google.com',60,2,30,1),(465,253,23,12,16,'2018-03-11','14:00:00','1','https://codabra.amocrm.ru/leads/pipeline/592459/?filter%5Bcf%5D%5B190655%5D=410471&filter%5Bcf%5D%5B190397%5D=413789&filter%5Bcf%5D%5B183593%5D%5Bfrom%5D=11.03.2018&filter%5Bcf%5D%5B183593%5D%5Bto%5D=11.03.2018&filter%5Btags_logic%5D=or&useFilter=y',NULL,'65t274v5q9unlicbvacj4gnq7k@google.com',60,2,30,1),(466,254,23,9,53,'2018-03-11','15:30:00','1','https://codabra.amocrm.ru/leads/pipeline/592459/?filter%5Bcf%5D%5B190655%5D=410475&filter%5Bcf%5D%5B190397%5D=413799&filter%5Bcf%5D%5B183593%5D%5Bfrom%5D=11.03.2018&filter%5Bcf%5D%5B183593%5D%5Bto%5D=11.03.2018&filter%5Btags_logic%5D=or&useFilter=y',NULL,'eiibpqtloa8dhhkrekvtcrmks4@google.com',60,2,30,1),(467,255,23,16,53,'2018-03-11','17:00:00','1','https://codabra.amocrm.ru/leads/pipeline/592459/?filter%5Bcf%5D%5B190655%5D=439071&filter%5Bcf%5D%5B190397%5D=413805&filter%5Bcf%5D%5B183593%5D%5Bfrom%5D=11.03.2018&filter%5Bcf%5D%5B183593%5D%5Bto%5D=11.03.2018&filter%5Btags_logic%5D=or&useFilter=y',NULL,'jdq5riceao05aha2fq5dj2j47o@google.com',60,2,30,1),(468,208,18,16,15,'2018-03-17','18:00:00','1','https://codabra.amocrm.ru/leads/pipeline/592459/?filter%5Bcf%5D%5B190655%5D=439071&filter%5Bcf%5D%5B190397%5D=413809&filter%5Bcf%5D%5B183593%5D%5Bfrom%5D=17.03.2018&filter%5Bcf%5D%5B183593%5D%5Bto%5D=17.03.2018&filter%5Btags_logic%5D=or&useFilter=y','2018-03-25','ug89c7b33qmnpmdgp1c0f7t7ec@google.com',60,1,30,1),(469,258,21,4,NULL,'2018-03-18','14:30:00','1','https://codabra.amocrm.ru/leads/pipeline/592459/?filter%5Bcf%5D%5B190655%5D=417399&filter%5Bcf%5D%5B190397%5D=413791&filter%5Bcf%5D%5B183593%5D%5Bfrom%5D=18.03.2018&filter%5Bcf%5D%5B183593%5D%5Bto%5D=18.03.2018&filter%5Btags_logic%5D=or&useFilter=y','2018-04-01','3q5km2ol6bsp0o74h90f1spceo@google.com',60,1,50,1),(470,199,24,22,25,'2018-03-17','14:30:00','','https://codabra.amocrm.ru/leads/pipeline/592459/?filter%5Bcf%5D%5B190655%5D=445288&filter%5Bcf%5D%5B190397%5D=413791&filter%5Bcf%5D%5B183593%5D%5Bfrom%5D=17.03.2018&filter%5Bcf%5D%5B183593%5D%5Bto%5D=17.03.2018&filter%5Btags_logic%5D=or&useFilter=y','2018-03-24','i62iarj5gbnh5h8ksabdoe292o@google.com',60,1,30,1),(471,259,16,6,57,'2018-03-18','12:00:00','1','https://codabra.amocrm.ru/leads/pipeline/592459/?filter%5Bcf%5D%5B190655%5D=433403&filter%5Bcf%5D%5B190397%5D=413781&filter%5Bcf%5D%5B183593%5D%5Bfrom%5D=18.03.2018&filter%5Bcf%5D%5B183593%5D%5Bto%5D=18.03.2018&filter%5Btags_logic%5D=or&useFilter=y','2018-04-01','u9jeao81r1jglksknbas0vh2pc@google.com',60,2,50,1),(472,259,16,6,57,'2018-03-25','12:00:00','2','https://codabra.amocrm.ru/leads/pipeline/592459/?filter%5Bcf%5D%5B190655%5D=433403&filter%5Bcf%5D%5B190397%5D=413781&filter%5Bcf%5D%5B183593%5D%5Bfrom%5D=25.03.2018&filter%5Bcf%5D%5B183593%5D%5Bto%5D=25.03.2018&filter%5Btags_logic%5D=or&useFilter=y','2018-04-01','8b6o5cbe2kv7k8ffe8f2mlooio@google.com',60,2,50,1),(474,260,27,12,58,'2018-03-24','18:00:00','2','https://codabra.amocrm.ru/leads/pipeline/592459/?filter%5Bcf%5D%5B190655%5D=410471&filter%5Bcf%5D%5B190397%5D=413809&filter%5Bcf%5D%5B183593%5D%5Bfrom%5D=24.03.2018&filter%5Bcf%5D%5B183593%5D%5Bto%5D=24.03.2018&filter%5Btags_logic%5D=or&useFilter=y','2018-03-31','svj8k8ft0v7g7jsa3jonk19su0@google.com',60,2,50,1),(475,261,22,7,19,'2018-03-18','13:00:00','1','https://codabra.amocrm.ru/leads/pipeline/592459/?filter%5Bcf%5D%5B190655%5D=417397&filter%5Bcf%5D%5B190397%5D=413785&filter%5Bcf%5D%5B183593%5D%5Bfrom%5D=18.03.2018&filter%5Bcf%5D%5B183593%5D%5Bto%5D=18.03.2018&filter%5Btags_logic%5D=or&useFilter=y','2018-04-01','evldnt4nvgjtv2pq8h6mnrgqi8@google.com',60,2,50,1),(476,261,22,7,19,'2018-03-25','13:00:00','2','https://codabra.amocrm.ru/leads/pipeline/592459/?filter%5Bcf%5D%5B190655%5D=417397&filter%5Bcf%5D%5B190397%5D=413785&filter%5Bcf%5D%5B183593%5D%5Bfrom%5D=25.03.2018&filter%5Bcf%5D%5B183593%5D%5Bto%5D=25.03.2018&filter%5Btags_logic%5D=or&useFilter=y','2018-04-01','2g6kjjut3rhnlfge21tl73ib18@google.com',60,2,50,1),(477,262,22,12,60,'2018-03-18','15:00:00','1','https://codabra.amocrm.ru/leads/pipeline/592459/?filter%5Bcf%5D%5B190655%5D=410471&filter%5Bcf%5D%5B190397%5D=413793&filter%5Bcf%5D%5B183593%5D%5Bfrom%5D=18.03.2018&filter%5Bcf%5D%5B183593%5D%5Bto%5D=18.03.2018&filter%5Btags_logic%5D=or&useFilter=y','2018-04-01','hf0mq59ajq3h9pi71v40l4m26g@google.com',60,2,40,1),(478,262,22,12,60,'2018-03-25','15:00:00','2','https://codabra.amocrm.ru/leads/pipeline/592459/?filter%5Bcf%5D%5B190655%5D=410471&filter%5Bcf%5D%5B190397%5D=413793&filter%5Bcf%5D%5B183593%5D%5Bfrom%5D=25.03.2018&filter%5Bcf%5D%5B183593%5D%5Bto%5D=25.03.2018&filter%5Btags_logic%5D=or&useFilter=y','2018-04-01','moai4t5f2naudupb1vrpemqqn4@google.com',60,2,40,1),(479,265,14,4,NULL,'2018-04-15','13:00:00','1','https://codabra.amocrm.ru/leads/pipeline/592459/?filter%5Bcf%5D%5B190655%5D=417399&filter%5Bcf%5D%5B190397%5D=413785&filter%5Bcf%5D%5B183593%5D%5Bfrom%5D=15.04.2018&filter%5Bcf%5D%5B183593%5D%5Bto%5D=15.04.2018&filter%5Btags_logic%5D=or&useFilter=y','2018-04-22','198kp76bmk9fveh88tts013o4s@google.com',60,1,30,1),(480,263,16,9,21,'2018-03-24','15:00:00','1','https://codabra.amocrm.ru/leads/pipeline/592459/?filter%5Bcf%5D%5B190655%5D=410475&filter%5Bcf%5D%5B190397%5D=413793&filter%5Bcf%5D%5B183593%5D%5Bfrom%5D=24.03.2018&filter%5Bcf%5D%5B183593%5D%5Bto%5D=24.03.2018&filter%5Btags_logic%5D=or&useFilter=y','2018-04-07','jb6h3d71bvej2fshh0lrtcv4ns@google.com',60,2,60,1),(481,263,16,9,21,'2018-03-31','15:00:00','2','https://codabra.amocrm.ru/leads/pipeline/592459/?filter%5Bcf%5D%5B190655%5D=410475&filter%5Bcf%5D%5B190397%5D=413793&filter%5Bcf%5D%5B183593%5D%5Bfrom%5D=31.03.2018&filter%5Bcf%5D%5B183593%5D%5Bto%5D=31.03.2018&filter%5Btags_logic%5D=or&useFilter=y','2018-04-07','nh8t7l8ha0qjl026ums1g5mgsc@google.com',60,2,60,1),(482,268,16,7,59,'2018-03-24','12:00:00','1','https://codabra.amocrm.ru/leads/pipeline/592459/?filter%5Bcf%5D%5B190655%5D=417397&filter%5Bcf%5D%5B190397%5D=413781&filter%5Bcf%5D%5B183593%5D%5Bfrom%5D=24.03.2018&filter%5Bcf%5D%5B183593%5D%5Bto%5D=24.03.2018&filter%5Btags_logic%5D=or&useFilter=y','2018-04-07','av4oqfhvibb5s2a2m16bk542l4@google.com',60,2,60,1),(483,268,16,7,59,'2018-03-31','12:00:00','2','https://codabra.amocrm.ru/leads/pipeline/592459/?filter%5Bcf%5D%5B190655%5D=417397&filter%5Bcf%5D%5B190397%5D=413781&filter%5Bcf%5D%5B183593%5D%5Bfrom%5D=31.03.2018&filter%5Bcf%5D%5B183593%5D%5Bto%5D=31.03.2018&filter%5Btags_logic%5D=or&useFilter=y','2018-04-07','egn0isca6ms7k3hi0ppds5lks4@google.com',60,2,60,1),(484,266,17,4,42,'2018-03-24','13:00:00','1','https://codabra.amocrm.ru/leads/pipeline/592459/?filter%5Bcf%5D%5B190655%5D=417399&filter%5Bcf%5D%5B190397%5D=413785&filter%5Bcf%5D%5B183593%5D%5Bfrom%5D=24.03.2018&filter%5Bcf%5D%5B183593%5D%5Bto%5D=24.03.2018&filter%5Btags_logic%5D=or&useFilter=y','2018-04-07','9vopfibsmkcrel70jvs52775t4@google.com',60,1,30,1),(485,266,17,4,42,'2018-03-31','13:00:00','2','https://codabra.amocrm.ru/leads/pipeline/592459/?filter%5Bcf%5D%5B190655%5D=417399&filter%5Bcf%5D%5B190397%5D=413785&filter%5Bcf%5D%5B183593%5D%5Bfrom%5D=31.03.2018&filter%5Bcf%5D%5B183593%5D%5Bto%5D=31.03.2018&filter%5Btags_logic%5D=or&useFilter=y','2018-04-07','k0udnmcblcn9sdo6go7srbbr10@google.com',60,1,30,1),(486,258,21,4,NULL,'2018-03-25','14:30:00','2','https://codabra.amocrm.ru/leads/pipeline/592459/?filter%5Bcf%5D%5B190655%5D=417399&filter%5Bcf%5D%5B190397%5D=413791&filter%5Bcf%5D%5B183593%5D%5Bfrom%5D=25.03.2018&filter%5Bcf%5D%5B183593%5D%5Bto%5D=25.03.2018&filter%5Btags_logic%5D=or&useFilter=y','2018-04-01','7qtt5o4qj4ch6g7tgqu84bv5no@google.com',60,1,50,1),(487,201,20,6,NULL,'2018-03-18','10:30:00','2','https://codabra.amocrm.ru/leads/pipeline/592459/?filter%5Bcf%5D%5B190655%5D=433403&filter%5Bcf%5D%5B190397%5D=413797&filter%5Bcf%5D%5B183593%5D%5Bfrom%5D=18.03.2018&filter%5Bcf%5D%5B183593%5D%5Bto%5D=18.03.2018&filter%5Btags_logic%5D=or&useFilter=y','2018-03-25','qbm0ionjod5007298l87ucuaio@google.com',60,1,40,1),(488,269,28,22,NULL,'2018-04-07','14:30:00','1','https://codabra.amocrm.ru/leads/pipeline/592459/?filter%5Bcf%5D%5B190655%5D=445288&filter%5Bcf%5D%5B190397%5D=413791&filter%5Bcf%5D%5B183593%5D%5Bfrom%5D=7.04.2018&filter%5Bcf%5D%5B183593%5D%5Bto%5D=7.04.2018&filter%5Btags_logic%5D=or&useFilter=y','2018-04-07','j9bmc43ubv54qorp4ema152r60@google.com',60,1,30,1),(489,269,28,22,NULL,'2018-03-24','14:30:00','2','https://codabra.amocrm.ru/leads/pipeline/592459/?filter%5Bcf%5D%5B190655%5D=445288&filter%5Bcf%5D%5B190397%5D=413791&filter%5Bcf%5D%5B183593%5D%5Bfrom%5D=24.03.2018&filter%5Bcf%5D%5B183593%5D%5Bto%5D=24.03.2018&filter%5Btags_logic%5D=or&useFilter=y','2018-04-07','rlaaelstuu4p38163lkijd13sg@google.com',60,1,30,1),(490,277,28,6,NULL,'2018-03-25','13:40:00','1','https://codabra.amocrm.ru/leads/pipeline/592459/?filter%5Bcf%5D%5B190655%5D=433403&filter%5Bcf%5D%5B190397%5D=446888&filter%5Bcf%5D%5B183593%5D%5Bfrom%5D=25.03.2018&filter%5Bcf%5D%5B183593%5D%5Bto%5D=25.03.2018&filter%5Btags_logic%5D=or&useFilter=y','2018-04-08','f37eb217k4btk0jrggtj6cm4a4@google.com',60,1,30,1),(491,277,28,6,NULL,'2018-04-01','13:40:00','2','https://codabra.amocrm.ru/leads/pipeline/592459/?filter%5Bcf%5D%5B190655%5D=433403&filter%5Bcf%5D%5B190397%5D=446888&filter%5Bcf%5D%5B183593%5D%5Bfrom%5D=1.04.2018&filter%5Bcf%5D%5B183593%5D%5Bto%5D=1.04.2018&filter%5Btags_logic%5D=or&useFilter=y','2018-04-08','vsb7s67umkqv11v931l4ee0lhk@google.com',60,1,30,1),(492,278,28,9,NULL,'2018-03-25','17:00:00','1','https://codabra.amocrm.ru/leads/pipeline/592459/?filter%5Bcf%5D%5B190655%5D=410475&filter%5Bcf%5D%5B190397%5D=413805&filter%5Bcf%5D%5B183593%5D%5Bfrom%5D=25.03.2018&filter%5Bcf%5D%5B183593%5D%5Bto%5D=25.03.2018&filter%5Btags_logic%5D=or&useFilter=y','2018-04-08','n4h44fps5sivlgoch4i3gr2b74@google.com',60,1,30,1),(493,278,28,9,NULL,'2018-04-01','17:00:00','2','https://codabra.amocrm.ru/leads/pipeline/592459/?filter%5Bcf%5D%5B190655%5D=410475&filter%5Bcf%5D%5B190397%5D=413805&filter%5Bcf%5D%5B183593%5D%5Bfrom%5D=1.04.2018&filter%5Bcf%5D%5B183593%5D%5Bto%5D=1.04.2018&filter%5Btags_logic%5D=or&useFilter=y','2018-04-08','ev2c3llcqol01rrjbt9n81kik8@google.com',60,1,30,1),(494,224,18,21,7,'2018-03-24','11:00:00','1','https://codabra.amocrm.ru/leads/pipeline/592459/?filter%5Bcf%5D%5B190655%5D=445286&filter%5Bcf%5D%5B190397%5D=413777&filter%5Bcf%5D%5B183593%5D%5Bfrom%5D=24.03.2018&filter%5Bcf%5D%5B183593%5D%5Bto%5D=24.03.2018&filter%5Btags_logic%5D=or&useFilter=y','2018-03-31','jkkbdntof9bta1bue7svakrouo@google.com',60,1,30,1),(495,279,28,12,NULL,'2018-03-24','18:00:00','1','https://codabra.amocrm.ru/leads/pipeline/592459/?filter%5Bcf%5D%5B190655%5D=410471&filter%5Bcf%5D%5B190397%5D=413809&filter%5Bcf%5D%5B183593%5D%5Bfrom%5D=24.03.2018&filter%5Bcf%5D%5B183593%5D%5Bto%5D=24.03.2018&filter%5Btags_logic%5D=or&useFilter=y','2018-04-07','4t85ta6s1p3fpcua8da0ff51l4@google.com',60,1,30,1),(496,279,28,12,NULL,'2018-03-31','18:00:00','2','https://codabra.amocrm.ru/leads/pipeline/592459/?filter%5Bcf%5D%5B190655%5D=410471&filter%5Bcf%5D%5B190397%5D=413809&filter%5Bcf%5D%5B183593%5D%5Bfrom%5D=31.03.2018&filter%5Bcf%5D%5B183593%5D%5Bto%5D=31.03.2018&filter%5Btags_logic%5D=or&useFilter=y','2018-04-07','99lr6uqmdkt92mhtb1pivda1dg@google.com',60,1,30,1),(497,281,17,22,25,'2018-03-24','11:00:00','1','https://codabra.amocrm.ru/leads/pipeline/592459/?filter%5Bcf%5D%5B190655%5D=445288&filter%5Bcf%5D%5B190397%5D=413777&filter%5Bcf%5D%5B183593%5D%5Bfrom%5D=24.03.2018&filter%5Bcf%5D%5B183593%5D%5Bto%5D=24.03.2018&filter%5Btags_logic%5D=or&useFilter=y','2018-04-07','g16274ksq3g905gnrhjb2jm56s@google.com',60,1,30,1),(498,281,17,22,25,'2018-03-31','11:00:00','2','https://codabra.amocrm.ru/leads/pipeline/592459/?filter%5Bcf%5D%5B190655%5D=445288&filter%5Bcf%5D%5B190397%5D=413777&filter%5Bcf%5D%5B183593%5D%5Bfrom%5D=31.03.2018&filter%5Bcf%5D%5B183593%5D%5Bto%5D=31.03.2018&filter%5Btags_logic%5D=or&useFilter=y','2018-04-07','sihc4mqtoa4pt1q56cv317qe88@google.com',60,1,30,1),(499,282,14,22,NULL,'2018-03-31','14:30:00','1','https://codabra.amocrm.ru/leads/pipeline/592459/?filter%5Bcf%5D%5B190655%5D=445288&filter%5Bcf%5D%5B190397%5D=413791&filter%5Bcf%5D%5B183593%5D%5Bfrom%5D=31.03.2018&filter%5Bcf%5D%5B183593%5D%5Bto%5D=31.03.2018&filter%5Btags_logic%5D=or&useFilter=y','2018-04-07','aru8qt1ertcnqf0ttd7h033e0c@google.com',60,1,23,1),(500,283,14,6,NULL,'2018-03-31','11:00:00','1','https://codabra.amocrm.ru/leads/pipeline/592459/?filter%5Bcf%5D%5B190655%5D=433403&filter%5Bcf%5D%5B190397%5D=413777&filter%5Bcf%5D%5B183593%5D%5Bfrom%5D=31.03.2018&filter%5Bcf%5D%5B183593%5D%5Bto%5D=31.03.2018&filter%5Btags_logic%5D=or&useFilter=y','2018-04-07','um081n1fvgo306so5g6sae2d1g@google.com',60,1,30,1),(503,208,18,16,15,'2018-03-24','18:00:00','','https://codabra.amocrm.ru/leads/pipeline/592459/?filter%5Bcf%5D%5B190655%5D=439071&filter%5Bcf%5D%5B190397%5D=413809&filter%5Bcf%5D%5B183593%5D%5Bfrom%5D=24.03.2018&filter%5Bcf%5D%5B183593%5D%5Bto%5D=24.03.2018&filter%5Btags_logic%5D=or&useFilter=y','2018-03-31','4a33q3u4eoll10ccab7sq0ct9c@google.com',60,1,30,1),(506,259,16,6,57,'2018-03-25','10:30:00','3','https://codabra.amocrm.ru/leads/pipeline/592459/?filter%5Bcf%5D%5B190655%5D=433403&filter%5Bcf%5D%5B190397%5D=413797&filter%5Bcf%5D%5B183593%5D%5Bfrom%5D=25.03.2018&filter%5Bcf%5D%5B183593%5D%5Bto%5D=25.03.2018&filter%5Btags_logic%5D=or&useFilter=y','2018-04-01','9630knjkr6de08er7aqvehhu70@google.com',60,2,50,1),(507,175,20,9,32,'2018-03-25','14:30:00','','https://codabra.amocrm.ru/leads/pipeline/592459/?filter%5Bcf%5D%5B190655%5D=410475&filter%5Bcf%5D%5B190397%5D=413791&filter%5Bcf%5D%5B183593%5D%5Bfrom%5D=25.03.2018&filter%5Bcf%5D%5B183593%5D%5Bto%5D=25.03.2018&filter%5Btags_logic%5D=or&useFilter=y','2018-04-01','q0budgh98fbvjv1pnifi85rcq0@google.com',60,1,70,1),(508,288,13,12,12,'2018-03-31','14:00:00','1','https://codabra.amocrm.ru/leads/pipeline/592459/?filter%5Bcf%5D%5B190655%5D=410471&filter%5Bcf%5D%5B190397%5D=413789&filter%5Bcf%5D%5B183593%5D%5Bfrom%5D=31.03.2018&filter%5Bcf%5D%5B183593%5D%5Bto%5D=31.03.2018&filter%5Btags_logic%5D=or&useFilter=y','2018-04-14','bht2sirmi922amvbuaf98up8ps@google.com',60,1,30,1),(509,288,13,12,12,'2018-04-07','14:00:00','2','https://codabra.amocrm.ru/leads/pipeline/592459/?filter%5Bcf%5D%5B190655%5D=410471&filter%5Bcf%5D%5B190397%5D=413789&filter%5Bcf%5D%5B183593%5D%5Bfrom%5D=7.04.2018&filter%5Bcf%5D%5B183593%5D%5Bto%5D=7.04.2018&filter%5Btags_logic%5D=or&useFilter=y','2018-04-14','19loeflcp2u33lsoddi75f5io4@google.com',60,1,30,1),(510,287,17,9,33,'2018-04-01','11:00:00','1','https://codabra.amocrm.ru/leads/pipeline/592459/?filter%5Bcf%5D%5B190655%5D=410475&filter%5Bcf%5D%5B190397%5D=413777&filter%5Bcf%5D%5B183593%5D%5Bfrom%5D=1.04.2018&filter%5Bcf%5D%5B183593%5D%5Bto%5D=1.04.2018&filter%5Btags_logic%5D=or&useFilter=y','2018-04-15','c767oc23bjcdkt0e92p0jpi4gk@google.com',60,1,40,1),(511,287,17,9,33,'2018-04-08','11:00:00','2','https://codabra.amocrm.ru/leads/pipeline/592459/?filter%5Bcf%5D%5B190655%5D=410475&filter%5Bcf%5D%5B190397%5D=413777&filter%5Bcf%5D%5B183593%5D%5Bfrom%5D=8.04.2018&filter%5Bcf%5D%5B183593%5D%5Bto%5D=8.04.2018&filter%5Btags_logic%5D=or&useFilter=y','2018-04-15','38c69kg155fc4g6vu5rhdmcmrs@google.com',60,1,40,1),(512,295,13,21,7,'2018-04-08','11:00:00','1','https://codabra.amocrm.ru/leads/pipeline/592459/?filter%5Bcf%5D%5B190655%5D=445286&filter%5Bcf%5D%5B190397%5D=413777&filter%5Bcf%5D%5B183593%5D%5Bfrom%5D=8.04.2018&filter%5Bcf%5D%5B183593%5D%5Bto%5D=8.04.2018&filter%5Btags_logic%5D=or&useFilter=y','2018-04-22','0jd7khlloo9fsups293kv4luek@google.com',60,1,30,1),(513,295,13,21,7,'2018-04-15','11:00:00','2','https://codabra.amocrm.ru/leads/pipeline/798337/?filter%5Bcf%5D%5B190655%5D=445286&filter%5Bcf%5D%5B190397%5D=413777&filter%5Bcf%5D%5B183593%5D%5Bfrom%5D=15.04.2018&filter%5Bcf%5D%5B183593%5D%5Bto%5D=15.04.2018&filter%5Btags_logic%5D=or&useFilter=y','2018-04-22','9ijb1a8ll6hj6qbqbp09ppgu00@google.com',60,1,30,1),(514,296,13,6,36,'2018-04-07','11:00:00','1','https://codabra.amocrm.ru/leads/pipeline/592459/?filter%5Bcf%5D%5B190655%5D=433403&filter%5Bcf%5D%5B190397%5D=413777&filter%5Bcf%5D%5B183593%5D%5Bfrom%5D=7.04.2018&filter%5Bcf%5D%5B183593%5D%5Bto%5D=7.04.2018&filter%5Btags_logic%5D=or&useFilter=y','2018-04-21','tooabochg65uij1o9ejunk2d5k@google.com',60,1,35,1),(515,296,13,6,36,'2018-04-14','11:00:00','2','https://codabra.amocrm.ru/leads/pipeline/592459/?filter%5Bcf%5D%5B190655%5D=433403&filter%5Bcf%5D%5B190397%5D=413777&filter%5Bcf%5D%5B183593%5D%5Bfrom%5D=14.04.2018&filter%5Bcf%5D%5B183593%5D%5Bto%5D=14.04.2018&filter%5Btags_logic%5D=or&useFilter=y','2018-04-21','7r1n9d2s3adsacibl11baephu0@google.com',60,1,35,1),(516,260,27,12,58,'2018-03-31','18:00:00','3','https://codabra.amocrm.ru/leads/pipeline/592459/?filter%5Bcf%5D%5B190655%5D=410471&filter%5Bcf%5D%5B190397%5D=413809&filter%5Bcf%5D%5B183593%5D%5Bfrom%5D=31.03.2018&filter%5Bcf%5D%5B183593%5D%5Bto%5D=31.03.2018&filter%5Btags_logic%5D=or&useFilter=y','2018-04-07',NULL,60,2,50,1),(517,262,22,12,60,'2018-04-01','15:00:00','3','https://codabra.amocrm.ru/leads/pipeline/592459/?filter%5Bcf%5D%5B190655%5D=410471&filter%5Bcf%5D%5B190397%5D=413793&filter%5Bcf%5D%5B183593%5D%5Bfrom%5D=1.04.2018&filter%5Bcf%5D%5B183593%5D%5Bto%5D=1.04.2018&filter%5Btags_logic%5D=or&useFilter=y','2018-04-08','d88phicn24pu2in9rq8mgd4rb0@google.com',60,2,40,1),(518,298,18,12,12,'2018-04-08','14:30:00','1','https://codabra.amocrm.ru/leads/pipeline/592459/?filter%5Bcf%5D%5B190655%5D=410471&filter%5Bcf%5D%5B190397%5D=413791&filter%5Bcf%5D%5B183593%5D%5Bfrom%5D=8.04.2018&filter%5Bcf%5D%5B183593%5D%5Bto%5D=8.04.2018&filter%5Btags_logic%5D=or&useFilter=y','2018-04-22','8ol0lpud60qvquit76eblfs0ms@google.com',60,1,32,1),(519,298,18,12,12,'2018-04-15','14:30:00','2','https://codabra.amocrm.ru/leads/pipeline/592459/?filter%5Bcf%5D%5B190655%5D=410471&filter%5Bcf%5D%5B190397%5D=413791&filter%5Bcf%5D%5B183593%5D%5Bfrom%5D=15.04.2018&filter%5Bcf%5D%5B183593%5D%5Bto%5D=15.04.2018&filter%5Btags_logic%5D=or&useFilter=y','2018-04-22','1vva921qiobvsgjivmgioi3gf4@google.com',60,1,32,1),(520,268,16,7,59,'2018-03-31','13:30:00','3','https://codabra.amocrm.ru/leads/pipeline/592459/?filter%5Bcf%5D%5B190655%5D=417397&filter%5Bcf%5D%5B190397%5D=413787&filter%5Bcf%5D%5B183593%5D%5Bfrom%5D=31.03.2018&filter%5Bcf%5D%5B183593%5D%5Bto%5D=31.03.2018&filter%5Btags_logic%5D=or&useFilter=y','2018-04-07','dtb6bgmru5bhuh92kpktjqjj78@google.com',60,2,60,1),(521,299,16,6,57,'2018-04-08','15:00:00','1','https://codabra.amocrm.ru/leads/pipeline/592459/?filter%5Bcf%5D%5B190655%5D=433403&filter%5Bcf%5D%5B190397%5D=413793&filter%5Bcf%5D%5B183593%5D%5Bfrom%5D=8.04.2018&filter%5Bcf%5D%5B183593%5D%5Bto%5D=8.04.2018&filter%5Btags_logic%5D=or&useFilter=y','2018-04-22','u958rf9rma0bgd2dpr0ehupsl4@google.com',60,2,60,1),(522,299,16,6,57,'2018-04-15','15:00:00','2','https://codabra.amocrm.ru/leads/pipeline/592459/?filter%5Bcf%5D%5B190655%5D=433403&filter%5Bcf%5D%5B190397%5D=413793&filter%5Bcf%5D%5B183593%5D%5Bfrom%5D=15.04.2018&filter%5Bcf%5D%5B183593%5D%5Bto%5D=15.04.2018&filter%5Btags_logic%5D=or&useFilter=y','2018-04-22','9bivh3nbjlqpo5ah88d808ill0@google.com',60,2,60,1),(523,301,16,12,60,'2018-04-07','18:00:00','1','https://codabra.amocrm.ru/leads/pipeline/592459/?filter%5Bcf%5D%5B190655%5D=410471&filter%5Bcf%5D%5B190397%5D=413809&filter%5Bcf%5D%5B183593%5D%5Bfrom%5D=7.04.2018&filter%5Bcf%5D%5B183593%5D%5Bto%5D=7.04.2018&filter%5Btags_logic%5D=or&useFilter=y','2018-04-21','0q9sgj0vo42n90r86ar6gphrb8@google.com',60,2,42,1),(524,301,16,12,22,'2018-04-14','19:00:00','2','https://codabra.amocrm.ru/leads/pipeline/592459/?filter%5Bcf%5D%5B190655%5D=410471&filter%5Bcf%5D%5B190397%5D=413813&filter%5Bcf%5D%5B183593%5D%5Bfrom%5D=14.04.2018&filter%5Bcf%5D%5B183593%5D%5Bto%5D=14.04.2018&filter%5Btags_logic%5D=or&useFilter=y','2018-04-21','16q1008vrf07fubtc4fe0e66b8@google.com',60,2,42,1),(525,303,31,22,NULL,'2018-04-07','14:30:00','1','https://codabra.amocrm.ru/leads/pipeline/826213/?filter%5Bcf%5D%5B190655%5D=445288&filter%5Bcf%5D%5B190397%5D=413791&filter%5Bcf%5D%5B183593%5D%5Bfrom%5D=7.04.2018&filter%5Bcf%5D%5B183593%5D%5Bto%5D=7.04.2018&filter%5Btags_logic%5D=or&useFilter=y','2018-04-14','c1qjrtn08k9b6bmotq77qvv1b8@google.com',60,1,39,1),(526,304,31,12,48,'2018-04-07','18:00:00','1','https://codabra.amocrm.ru/leads/pipeline/592459/?filter%5Bcf%5D%5B190655%5D=410471&filter%5Bcf%5D%5B190397%5D=413809&filter%5Bcf%5D%5B183593%5D%5Bfrom%5D=7.04.2018&filter%5Bcf%5D%5B183593%5D%5Bto%5D=7.04.2018&filter%5Btags_logic%5D=or&useFilter=y','2018-04-14','l4ton9rohmc9nt3kktrkiunh8k@google.com',60,1,30,1),(529,309,14,16,30,'2018-04-15','14:30:00','1','https://codabra.amocrm.ru/leads/pipeline/592459/?filter%5Bcf%5D%5B190655%5D=439071&filter%5Bcf%5D%5B190397%5D=413791&filter%5Bcf%5D%5B183593%5D%5Bfrom%5D=15.04.2018&filter%5Bcf%5D%5B183593%5D%5Bto%5D=15.04.2018&filter%5Btags_logic%5D=or&useFilter=y','2018-04-22','9oan2tf84ufekripn3pl42mq2s@google.com',60,1,30,1),(530,307,24,12,46,'2018-04-15','18:10:00','1','https://codabra.amocrm.ru/leads/pipeline/592459/?filter%5Bcf%5D%5B190655%5D=410471&filter%5Bcf%5D%5B190397%5D=undefined&filter%5Bcf%5D%5B183593%5D%5Bfrom%5D=15.04.2018&filter%5Bcf%5D%5B183593%5D%5Bto%5D=15.04.2018&filter%5Btags_logic%5D=or&useFilter=y','2018-04-22','7lfa2jl3kefjn74nv8c2t8lm28@google.com',60,1,30,1),(531,310,13,31,36,'2018-04-07','00:01:00','','https://codabra.amocrm.ru/leads/pipeline/1005492/?filter%5Bcf%5D%5B190655%5D=undefined&filter%5Bcf%5D%5B190397%5D=undefined&filter%5Bcf%5D%5B183593%5D%5Bfrom%5D=7.04.2018&filter%5Bcf%5D%5B183593%5D%5Bto%5D=7.04.2018&filter%5Btags_logic%5D=or&useFilter=y',NULL,'f5i44kedu7tj9iu2d3dmfie708@google.com',2,1,20,1),(532,303,31,22,27,'2018-04-14','14:30:00','2','https://codabra.amocrm.ru/leads/pipeline/592459/?filter%5Bcf%5D%5B190655%5D=445288&filter%5Bcf%5D%5B190397%5D=413791&filter%5Bcf%5D%5B183593%5D%5Bfrom%5D=14.04.2018&filter%5Bcf%5D%5B183593%5D%5Bto%5D=14.04.2018&filter%5Btags_logic%5D=or&useFilter=y','2018-04-21','1g4iqopjck1rgtg6tkt09ls04o@google.com',60,1,39,1),(533,304,31,12,48,'2018-04-14','18:00:00','2','https://codabra.amocrm.ru/leads/pipeline/592459/?filter%5Bcf%5D%5B190655%5D=410471&filter%5Bcf%5D%5B190397%5D=413809&filter%5Bcf%5D%5B183593%5D%5Bfrom%5D=14.04.2018&filter%5Bcf%5D%5B183593%5D%5Bto%5D=14.04.2018&filter%5Btags_logic%5D=or&useFilter=y','2018-04-21','mslgik0aoqnb693q4vfd011d8c@google.com',60,1,30,1),(534,305,31,6,39,'2018-04-15','11:00:00','1','https://codabra.amocrm.ru/leads/pipeline/592459/?filter%5Bcf%5D%5B190655%5D=433403&filter%5Bcf%5D%5B190397%5D=413777&filter%5Bcf%5D%5B183593%5D%5Bfrom%5D=15.04.2018&filter%5Bcf%5D%5B183593%5D%5Bto%5D=15.04.2018&filter%5Btags_logic%5D=or&useFilter=y','2018-04-22','p86mhodp2mvm7jme6ukog3rc2s@google.com',60,1,30,1),(535,306,31,9,39,'2018-04-15','14:30:00','1','https://codabra.amocrm.ru/leads/pipeline/592459/?filter%5Bcf%5D%5B190655%5D=410475&filter%5Bcf%5D%5B190397%5D=413791&filter%5Bcf%5D%5B183593%5D%5Bfrom%5D=15.04.2018&filter%5Bcf%5D%5B183593%5D%5Bto%5D=15.04.2018&filter%5Btags_logic%5D=or&useFilter=y','2018-04-22','vm72vs3tvrhgjji3bdgk7k35c8@google.com',60,1,30,1),(536,442,13,52,NULL,'2018-05-20','11:00:00','','https://codabra.amocrm.ru/leads/pipeline/798337/?filter%5Bcf%5D%5B190655%5D=452192&filter%5Bcf%5D%5B190397%5D=413777&filter%5Bcf%5D%5B183593%5D%5Bfrom%5D=20.05.2018&filter%5Bcf%5D%5B183593%5D%5Bto%5D=20.05.2018&filter%5Btags_logic%5D=or&useFilter=y',NULL,'psjntfurdoe76ld6v7th2o8afk@google.com',NULL,1,35,1),(537,443,13,52,NULL,'2018-05-20','12:15:00','','https://codabra.amocrm.ru/leads/pipeline/798337/?filter%5Bcf%5D%5B190655%5D=452192&filter%5Bcf%5D%5B190397%5D=415195&filter%5Bcf%5D%5B183593%5D%5Bfrom%5D=20.05.2018&filter%5Bcf%5D%5B183593%5D%5Bto%5D=20.05.2018&filter%5Btags_logic%5D=or&useFilter=y',NULL,'l92lif0cifqnd3kp7ksovh03jg@google.com',NULL,1,35,1),(538,444,13,52,NULL,'2018-05-20','13:45:00','','https://codabra.amocrm.ru/leads/pipeline/592459/?filter%5Bcf%5D%5B190655%5D=452192&filter%5Bcf%5D%5B190397%5D=415201&filter%5Bcf%5D%5B183593%5D%5Bfrom%5D=20.05.2018&filter%5Bcf%5D%5B183593%5D%5Bto%5D=20.05.2018&filter%5Btags_logic%5D=or&useFilter=y',NULL,'v5u6hk4hfjalpnh5g16oqc5jqg@google.com',NULL,1,35,1),(539,445,13,52,NULL,'2018-05-20','15:00:00','','https://codabra.amocrm.ru/leads/pipeline/798337/?filter%5Bcf%5D%5B190655%5D=452192&filter%5Bcf%5D%5B190397%5D=413793&filter%5Bcf%5D%5B183593%5D%5Bfrom%5D=20.05.2018&filter%5Bcf%5D%5B183593%5D%5Bto%5D=20.05.2018&filter%5Btags_logic%5D=or&useFilter=y',NULL,'5ev051f5mqb0u99vj4g6jgfqds@google.com',NULL,1,35,1),(540,446,34,52,NULL,'2018-05-19','11:00:00','','https://codabra.amocrm.ru/leads/pipeline/592459/?filter%5Bcf%5D%5B190655%5D=452192&filter%5Bcf%5D%5B190397%5D=413777&filter%5Bcf%5D%5B183593%5D%5Bfrom%5D=19.05.2018&filter%5Bcf%5D%5B183593%5D%5Bto%5D=19.05.2018&filter%5Btags_logic%5D=or&useFilter=y',NULL,NULL,NULL,1,35,1),(541,447,34,52,NULL,'2018-05-19','12:15:00','','https://codabra.amocrm.ru/leads/pipeline/798337/?filter%5Bcf%5D%5B190655%5D=452192&filter%5Bcf%5D%5B190397%5D=415195&filter%5Bcf%5D%5B183593%5D%5Bfrom%5D=19.05.2018&filter%5Bcf%5D%5B183593%5D%5Bto%5D=19.05.2018&filter%5Btags_logic%5D=or&useFilter=y',NULL,NULL,NULL,1,35,1),(542,448,34,52,NULL,'2018-05-19','13:45:00','','https://codabra.amocrm.ru/leads/pipeline/826213/?filter%5Bcf%5D%5B190655%5D=452192&filter%5Bcf%5D%5B190397%5D=415201&filter%5Bcf%5D%5B183593%5D%5Bfrom%5D=19.05.2018&filter%5Bcf%5D%5B183593%5D%5Bto%5D=19.05.2018&filter%5Btags_logic%5D=or&useFilter=y',NULL,NULL,NULL,1,35,1),(543,449,34,52,NULL,'2018-05-19','15:00:00','','https://codabra.amocrm.ru/leads/pipeline/592459/?filter%5Bcf%5D%5B190655%5D=452192&filter%5Bcf%5D%5B190397%5D=413793&filter%5Bcf%5D%5B183593%5D%5Bfrom%5D=19.05.2018&filter%5Bcf%5D%5B183593%5D%5Bto%5D=19.05.2018&filter%5Btags_logic%5D=or&useFilter=y',NULL,NULL,NULL,1,35,1),(544,462,37,53,NULL,'2018-05-26','11:00:00','','https://codabra.amocrm.ru/leads/pipeline/798337/?filter%5Bcf%5D%5B190655%5D=452192&filter%5Bcf%5D%5B190397%5D=413777&filter%5Bcf%5D%5B183593%5D%5Bfrom%5D=26.05.2018&filter%5Bcf%5D%5B183593%5D%5Bto%5D=26.05.2018&filter%5Btags_logic%5D=or&useFilter=y',NULL,'ialt2sj0phtm4r377fgamt0lmk@google.com',75,2,30,1),(545,463,37,53,NULL,'2018-05-26','12:30:00','','https://codabra.amocrm.ru/leads/pipeline/798337/?filter%5Bcf%5D%5B190655%5D=452192&filter%5Bcf%5D%5B190397%5D=413783&filter%5Bcf%5D%5B183593%5D%5Bfrom%5D=26.05.2018&filter%5Bcf%5D%5B183593%5D%5Bto%5D=26.05.2018&filter%5Btags_logic%5D=or&useFilter=y',NULL,'d7o9tq2map23i5hcgfmn1sofb8@google.com',75,2,30,1),(546,464,37,53,NULL,'2018-05-26','14:15:00','','https://codabra.amocrm.ru/leads/pipeline/798337/?filter%5Bcf%5D%5B190655%5D=452192&filter%5Bcf%5D%5B190397%5D=415203&filter%5Bcf%5D%5B183593%5D%5Bfrom%5D=26.05.2018&filter%5Bcf%5D%5B183593%5D%5Bto%5D=26.05.2018&filter%5Btags_logic%5D=or&useFilter=y',NULL,'7kid4mook187jdibr0i5td4ss0@google.com',75,2,30,1),(547,465,37,53,NULL,'2018-05-26','15:45:00','','https://codabra.amocrm.ru/leads/pipeline/798337/?filter%5Bcf%5D%5B190655%5D=452192&filter%5Bcf%5D%5B190397%5D=415209&filter%5Bcf%5D%5B183593%5D%5Bfrom%5D=26.05.2018&filter%5Bcf%5D%5B183593%5D%5Bto%5D=26.05.2018&filter%5Btags_logic%5D=or&useFilter=y',NULL,'8rc9r6d7h54b2r6bfadvkjg1ic@google.com',75,2,30,1),(554,479,36,52,NULL,'2018-06-17','11:00:00','','https://codabra.amocrm.ru/leads/pipeline/798337/?filter%5Bcf%5D%5B190655%5D=452192&filter%5Bcf%5D%5B190397%5D=413777&filter%5Bcf%5D%5B183593%5D%5Bfrom%5D=17.06.2018&filter%5Bcf%5D%5B183593%5D%5Bto%5D=17.06.2018&filter%5Btags_logic%5D=or&useFilter=y',NULL,'sv9jhldq0ug3i8r9l8ti5rj5m0@google.com',NULL,1,35,1),(555,480,36,52,NULL,'2018-06-17','13:00:00','','https://codabra.amocrm.ru/leads/pipeline/798337/?filter%5Bcf%5D%5B190655%5D=452192&filter%5Bcf%5D%5B190397%5D=413785&filter%5Bcf%5D%5B183593%5D%5Bfrom%5D=17.06.2018&filter%5Bcf%5D%5B183593%5D%5Bto%5D=17.06.2018&filter%5Btags_logic%5D=or&useFilter=y',NULL,'kv37nfr1nqp7cfbfnnhf458t9s@google.com',NULL,1,35,1),(556,481,36,52,NULL,'2018-06-17','15:00:00','','https://codabra.amocrm.ru/leads/pipeline/592459/?filter%5Bcf%5D%5B190655%5D=452192&filter%5Bcf%5D%5B190397%5D=413793&filter%5Bcf%5D%5B183593%5D%5Bfrom%5D=17.06.2018&filter%5Bcf%5D%5B183593%5D%5Bto%5D=17.06.2018&filter%5Btags_logic%5D=or&useFilter=y',NULL,'3hfdrimdm5s53a9bd1k27b74q8@google.com',NULL,1,35,1),(560,482,46,55,62,'2018-06-02','12:30:00','1','','2018-06-05','tcgrbroegdi6911doslhcba4ss@google.com',60,5,8,1),(561,482,46,55,62,'2018-06-02','14:30:00','2','','2018-06-05','nb3fu22m0f2ja03cm12m6eptq4@google.com',60,5,8,1),(562,482,46,55,62,'2018-06-02','16:00:00','3','','2018-06-05','gf869eofefvg45nvsk5p87gqv4@google.com',60,5,8,1),(563,482,46,55,62,'2018-06-02','17:30:00','4','','2018-06-05','t7087bgrhrn1ngnsqe0ghel5u8@google.com',60,5,8,1),(564,483,46,56,65,'2018-06-02','11:00:00','1','','2018-06-05','mqdl013ucf6o1ifv1biic1d2m8@google.com',60,5,8,1),(565,482,40,55,65,'2018-06-13','14:00:00','1','','2018-07-03','4ro73p6k2c5bgujhk7bk9ikdak@google.com',60,5,8,1),(566,483,40,56,65,'2018-06-13','15:30:00','2','','2018-07-04','nh2hdgv52vi4ht7q8eo7es08cs@google.com',60,5,8,1),(567,483,40,56,65,'2018-06-13','17:00:00','3','','2018-07-04','5jd0bv89v2d3dr3vdr6iff68mk@google.com',60,5,8,1),(569,483,40,56,65,'2018-06-23','11:00:00','5','','2018-07-04','6dhpag9hu1n01fe7usmtik8tb8@google.com',60,5,8,1),(571,483,46,56,65,'2018-06-21','19:00:00','4','','2018-07-04','67jio6ecskmlcs9glojn5354r0@google.com',60,5,8,1),(572,494,36,21,NULL,'2018-06-24','11:00:00','','https://codabra.amocrm.ru/leads/pipeline/798337/?filter%5Bcf%5D%5B190655%5D=445286&filter%5Bcf%5D%5B190397%5D=413777&filter%5Bcf%5D%5B183593%5D%5Bfrom%5D=24.06.2018&filter%5Bcf%5D%5B183593%5D%5Bto%5D=24.06.2018&filter%5Btags_logic%5D=or&useFilter=y',NULL,'clttac8cior8m7tb1dkbfo2fpk@google.com',NULL,6,0,1),(573,495,36,9,NULL,'2018-06-24','13:00:00','','https://codabra.amocrm.ru/leads/pipeline/798337/?filter%5Bcf%5D%5B190655%5D=410475&filter%5Bcf%5D%5B190397%5D=413785&filter%5Bcf%5D%5B183593%5D%5Bfrom%5D=24.06.2018&filter%5Bcf%5D%5B183593%5D%5Bto%5D=24.06.2018&filter%5Btags_logic%5D=or&useFilter=y',NULL,'ls3do9j4d1aem8dub5bsius4cs@google.com',NULL,6,0,1),(574,482,40,55,65,'2018-06-23','14:30:00','2','','2018-07-03','36ta1nefqmidtnuv7h5srhekeg@google.com',60,5,8,1),(575,482,40,55,65,'2018-06-23','16:00:00','3','','2018-07-03','59674voo41hc4vqjgfojsirla4@google.com',60,5,8,1),(576,503,45,53,NULL,'2018-07-07','11:00:00','','https://codabra.amocrm.ru/leads/pipeline/798337/?filter%5Bcf%5D%5B190655%5D=452192&filter%5Bcf%5D%5B190397%5D=413777&filter%5Bcf%5D%5B183593%5D%5Bfrom%5D=7.07.2018&filter%5Bcf%5D%5B183593%5D%5Bto%5D=7.07.2018&filter%5Btags_logic%5D=or&useFilter=y','2018-07-08','30m7gh09gncm6tmjip2f7ofrpg@google.com',NULL,2,53,1),(577,504,45,53,NULL,'2018-07-07','13:00:00','','https://codabra.amocrm.ru/leads/pipeline/798337/?filter%5Bcf%5D%5B190655%5D=452192&filter%5Bcf%5D%5B190397%5D=413785&filter%5Bcf%5D%5B183593%5D%5Bfrom%5D=7.07.2018&filter%5Bcf%5D%5B183593%5D%5Bto%5D=7.07.2018&filter%5Btags_logic%5D=or&useFilter=y',NULL,'l346qkch62pp72okg6oku81dgk@google.com',NULL,2,35,1),(578,506,49,61,NULL,'2018-07-21','11:00:00','','https://codabra.amocrm.ru/leads/pipeline/798337/?filter%5Bcf%5D%5B190655%5D=undefined&filter%5Bcf%5D%5B190397%5D=413777&filter%5Bcf%5D%5B183593%5D%5Bfrom%5D=21.07.2018&filter%5Bcf%5D%5B183593%5D%5Bto%5D=21.07.2018&filter%5Btags_logic%5D=or&useFilter=y',NULL,'prdq0qo1pq868e461b3duatjes@google.com',180,7,50,1),(580,507,48,62,NULL,'2018-08-04','11:00:00','','https://codabra.amocrm.ru/leads/pipeline/798337/?filter%5Bcf%5D%5B190655%5D=undefined&filter%5Bcf%5D%5B190397%5D=413777&filter%5Bcf%5D%5B183593%5D%5Bfrom%5D=4.08.2018&filter%5Bcf%5D%5B183593%5D%5Bto%5D=4.08.2018&filter%5Btags_logic%5D=or&useFilter=y',NULL,'39prri6h9e9a3cop4h3ct48kvo@google.com',180,7,50,1),(581,508,49,61,NULL,'2018-07-21','13:00:00','','https://codabra.amocrm.ru/leads/pipeline/798337/?filter%5Bcf%5D%5B190655%5D=undefined&filter%5Bcf%5D%5B190397%5D=413785&filter%5Bcf%5D%5B183593%5D%5Bfrom%5D=21.07.2018&filter%5Bcf%5D%5B183593%5D%5Bto%5D=21.07.2018&filter%5Btags_logic%5D=or&useFilter=y',NULL,'pfpl8a2csl4q18gave36tjndlk@google.com',180,7,30,1),(582,517,44,53,NULL,'2018-07-22','11:00:00','','https://codabra.amocrm.ru/leads/pipeline/798337/?filter%5Bcf%5D%5B190655%5D=452192&filter%5Bcf%5D%5B190397%5D=413777&filter%5Bcf%5D%5B183593%5D%5Bfrom%5D=22.07.2018&filter%5Bcf%5D%5B183593%5D%5Bto%5D=22.07.2018&filter%5Btags_logic%5D=or&useFilter=y',NULL,'uv4qj7ua5ipof0iu0igm3ohhhk@google.com',45,6,35,1),(583,518,44,52,NULL,'2018-07-22','12:00:00','','https://codabra.amocrm.ru/leads/pipeline/798337/?filter%5Bcf%5D%5B190655%5D=undefined&filter%5Bcf%5D%5B190397%5D=413781&filter%5Bcf%5D%5B183593%5D%5Bfrom%5D=22.07.2018&filter%5Bcf%5D%5B183593%5D%5Bto%5D=22.07.2018&filter%5Btags_logic%5D=or&useFilter=y',NULL,'b45lm3amnbfurdd7q75p3cb7n4@google.com',45,6,35,1),(584,519,44,52,NULL,'2018-07-22','13:00:00','','https://codabra.amocrm.ru/leads/pipeline/798337/?filter%5Bcf%5D%5B190655%5D=undefined&filter%5Bcf%5D%5B190397%5D=413785&filter%5Bcf%5D%5B183593%5D%5Bfrom%5D=22.07.2018&filter%5Bcf%5D%5B183593%5D%5Bto%5D=22.07.2018&filter%5Btags_logic%5D=or&useFilter=y',NULL,'okmn0seo5oq50b6k2npu0c9qds@google.com',45,6,35,1),(585,520,44,52,NULL,'2018-07-22','14:00:00','','https://codabra.amocrm.ru/leads/pipeline/798337/?filter%5Bcf%5D%5B190655%5D=undefined&filter%5Bcf%5D%5B190397%5D=413789&filter%5Bcf%5D%5B183593%5D%5Bfrom%5D=22.07.2018&filter%5Bcf%5D%5B183593%5D%5Bto%5D=22.07.2018&filter%5Btags_logic%5D=or&useFilter=y',NULL,'v94tij9lgo5eid8vs9jdblmmnk@google.com',45,6,35,1),(586,522,45,53,NULL,'2018-07-28','11:00:00','','https://codabra.amocrm.ru/leads/pipeline/592459/?filter%5Bcf%5D%5B190655%5D=452192&filter%5Bcf%5D%5B190397%5D=413777&filter%5Bcf%5D%5B183593%5D%5Bfrom%5D=28.07.2018&filter%5Bcf%5D%5B183593%5D%5Bto%5D=28.07.2018&filter%5Btags_logic%5D=or&useFilter=y',NULL,'slkf2tajsg9e0q2p6l77tq2520@google.com',90,2,60,1),(587,523,45,53,NULL,'2018-07-28','13:00:00','','https://codabra.amocrm.ru/leads/pipeline/798337/?filter%5Bcf%5D%5B190655%5D=452192&filter%5Bcf%5D%5B190397%5D=413785&filter%5Bcf%5D%5B183593%5D%5Bfrom%5D=28.07.2018&filter%5Bcf%5D%5B183593%5D%5Bto%5D=28.07.2018&filter%5Btags_logic%5D=or&useFilter=y',NULL,'ncltgniib2r062dc728a3h3qhs@google.com',90,2,60,1),(588,524,35,63,NULL,'2018-07-21','11:00:00','','https://codabra.amocrm.ru/leads/pipeline/592459/?filter%5Bcf%5D%5B190655%5D=452192&filter%5Bcf%5D%5B190397%5D=413777&filter%5Bcf%5D%5B183593%5D%5Bfrom%5D=21.07.2018&filter%5Bcf%5D%5B183593%5D%5Bto%5D=21.07.2018&filter%5Btags_logic%5D=or&useFilter=y',NULL,'iaqjqkr7kkl8he784hjcs8q68c@google.com',NULL,1,35,1),(589,525,35,63,NULL,'2018-07-21','12:15:00','','https://codabra.amocrm.ru/leads/pipeline/798337/?filter%5Bcf%5D%5B190655%5D=452192&filter%5Bcf%5D%5B190397%5D=415195&filter%5Bcf%5D%5B183593%5D%5Bfrom%5D=21.07.2018&filter%5Bcf%5D%5B183593%5D%5Bto%5D=21.07.2018&filter%5Btags_logic%5D=or&useFilter=y',NULL,'0v1dft0cbq70uu86akb72hoock@google.com',NULL,1,35,1),(590,526,35,63,NULL,'2018-07-21','13:45:00','','https://codabra.amocrm.ru/leads/pipeline/798337/?filter%5Bcf%5D%5B190655%5D=452192&filter%5Bcf%5D%5B190397%5D=415201&filter%5Bcf%5D%5B183593%5D%5Bfrom%5D=21.07.2018&filter%5Bcf%5D%5B183593%5D%5Bto%5D=21.07.2018&filter%5Btags_logic%5D=or&useFilter=y',NULL,'itfenq7l4u6fin5blodman09hc@google.com',NULL,1,35,1),(591,527,35,63,NULL,'2018-07-21','15:00:00','','https://codabra.amocrm.ru/leads/pipeline/798337/?filter%5Bcf%5D%5B190655%5D=452192&filter%5Bcf%5D%5B190397%5D=413793&filter%5Bcf%5D%5B183593%5D%5Bfrom%5D=21.07.2018&filter%5Bcf%5D%5B183593%5D%5Bto%5D=21.07.2018&filter%5Btags_logic%5D=or&useFilter=y',NULL,'4eg64irqlrm00ohmpqlcrsr5fg@google.com',NULL,1,35,1),(592,528,51,63,NULL,'2018-07-22','11:00:00','','https://codabra.amocrm.ru/leads/pipeline/592459/?filter%5Bcf%5D%5B190655%5D=452192&filter%5Bcf%5D%5B190397%5D=413777&filter%5Bcf%5D%5B183593%5D%5Bfrom%5D=22.07.2018&filter%5Bcf%5D%5B183593%5D%5Bto%5D=22.07.2018&filter%5Btags_logic%5D=or&useFilter=y',NULL,'mqnmpasc13rm3kvad803kunfak@google.com',60,1,16,1),(593,529,51,63,NULL,'2018-07-22','12:00:00','','https://codabra.amocrm.ru/leads/pipeline/592459/?filter%5Bcf%5D%5B190655%5D=452192&filter%5Bcf%5D%5B190397%5D=413781&filter%5Bcf%5D%5B183593%5D%5Bfrom%5D=22.07.2018&filter%5Bcf%5D%5B183593%5D%5Bto%5D=22.07.2018&filter%5Btags_logic%5D=or&useFilter=y',NULL,'60k10jj45g7ps261kivrbd093g@google.com',60,1,16,1),(594,530,51,63,NULL,'2018-07-22','14:00:00','','https://codabra.amocrm.ru/leads/pipeline/1239987/?filter%5Bcf%5D%5B190655%5D=452192&filter%5Bcf%5D%5B190397%5D=413789&filter%5Bcf%5D%5B183593%5D%5Bfrom%5D=22.07.2018&filter%5Bcf%5D%5B183593%5D%5Bto%5D=22.07.2018&filter%5Btags_logic%5D=or&useFilter=y',NULL,'q3msn9kn0jfjg0its2mbccisbk@google.com',60,1,16,1),(595,531,51,63,NULL,'2018-07-22','15:00:00','','https://codabra.amocrm.ru/leads/pipeline/592459/?filter%5Bcf%5D%5B190655%5D=452192&filter%5Bcf%5D%5B190397%5D=413793&filter%5Bcf%5D%5B183593%5D%5Bfrom%5D=22.07.2018&filter%5Bcf%5D%5B183593%5D%5Bto%5D=22.07.2018&filter%5Btags_logic%5D=or&useFilter=y',NULL,'ha2ailcvi02k986ar9uqrjdu2o@google.com',60,1,16,1),(596,538,51,64,NULL,'2018-07-22','14:00:00','','https://codabra.amocrm.ru/leads/pipeline/592459/?filter%5Bcf%5D%5B190655%5D=undefined&filter%5Bcf%5D%5B190397%5D=413789&filter%5Bcf%5D%5B183593%5D%5Bfrom%5D=22.07.2018&filter%5Bcf%5D%5B183593%5D%5Bto%5D=22.07.2018&filter%5Btags_logic%5D=or&useFilter=y',NULL,'ucjngh3m023a6esgaqlv4ob6lg@google.com',60,NULL,16,1),(597,539,51,68,NULL,'2018-07-22','15:00:00','','https://codabra.amocrm.ru/leads/pipeline/592459/?filter%5Bcf%5D%5B190655%5D=undefined&filter%5Bcf%5D%5B190397%5D=413793&filter%5Bcf%5D%5B183593%5D%5Bfrom%5D=22.07.2018&filter%5Bcf%5D%5B183593%5D%5Bto%5D=22.07.2018&filter%5Btags_logic%5D=or&useFilter=y',NULL,'pkkrvp5d9i6iphco6cd3ogfu44@google.com',60,NULL,16,1),(598,540,49,61,NULL,'2018-07-21','11:00:00','','https://codabra.amocrm.ru/leads/pipeline/798337/?filter%5Bcf%5D%5B190655%5D=undefined&filter%5Bcf%5D%5B190397%5D=413777&filter%5Bcf%5D%5B183593%5D%5Bfrom%5D=21.07.2018&filter%5Bcf%5D%5B183593%5D%5Bto%5D=21.07.2018&filter%5Btags_logic%5D=or&useFilter=y','2018-08-06','ini8i9u99om0mtrjpeclqc016o@google.com',45,7,15,1),(599,541,49,61,NULL,'2018-07-21','11:45:00','','https://codabra.amocrm.ru/leads/pipeline/798337/?filter%5Bcf%5D%5B190655%5D=undefined&filter%5Bcf%5D%5B190397%5D=415193&filter%5Bcf%5D%5B183593%5D%5Bfrom%5D=21.07.2018&filter%5Bcf%5D%5B183593%5D%5Bto%5D=21.07.2018&filter%5Btags_logic%5D=or&useFilter=y','2018-08-27','pjnqnrdudgn1fooc185ntp51v8@google.com',45,7,40,1),(600,542,49,61,NULL,'2018-07-21','14:00:00','','https://codabra.amocrm.ru/leads/pipeline/798337/?filter%5Bcf%5D%5B190655%5D=undefined&filter%5Bcf%5D%5B190397%5D=413789&filter%5Bcf%5D%5B183593%5D%5Bfrom%5D=21.07.2018&filter%5Bcf%5D%5B183593%5D%5Bto%5D=21.07.2018&filter%5Btags_logic%5D=or&useFilter=y','2018-08-20','k88pat1mhb8b0lmuc1p4hidugg@google.com',45,7,15,1),(601,543,49,61,NULL,'2018-07-21','13:00:00','','https://codabra.amocrm.ru/leads/pipeline/798337/?filter%5Bcf%5D%5B190655%5D=undefined&filter%5Bcf%5D%5B190397%5D=413785&filter%5Bcf%5D%5B183593%5D%5Bfrom%5D=21.07.2018&filter%5Bcf%5D%5B183593%5D%5Bto%5D=21.07.2018&filter%5Btags_logic%5D=or&useFilter=y','2018-08-13','6msm66qpb2dptdrn63987962f4@google.com',45,7,15,1),(603,545,51,53,NULL,'2018-07-22','12:00:00','','https://codabra.amocrm.ru/leads/pipeline/1239987/?filter%5Bcf%5D%5B190655%5D=452192&filter%5Bcf%5D%5B190397%5D=413781&filter%5Bcf%5D%5B183593%5D%5Bfrom%5D=22.07.2018&filter%5Bcf%5D%5B183593%5D%5Bto%5D=22.07.2018&filter%5Btags_logic%5D=or&useFilter=y',NULL,'um7f5299tpgsc3aoduidnmf6tc@google.com',60,NULL,16,1),(604,547,48,62,NULL,'2018-08-04','12:00:00','','https://codabra.amocrm.ru/leads/pipeline/798337/?filter%5Bcf%5D%5B190655%5D=undefined&filter%5Bcf%5D%5B190397%5D=413781&filter%5Bcf%5D%5B183593%5D%5Bfrom%5D=4.08.2018&filter%5Bcf%5D%5B183593%5D%5Bto%5D=4.08.2018&filter%5Btags_logic%5D=or&useFilter=y','2018-08-20','8o1gpe4ntasq24lnpq63a7fub4@google.com',60,7,15,1),(605,548,48,62,NULL,'2018-08-04','13:00:00','','https://codabra.amocrm.ru/leads/pipeline/798337/?filter%5Bcf%5D%5B190655%5D=undefined&filter%5Bcf%5D%5B190397%5D=413785&filter%5Bcf%5D%5B183593%5D%5Bfrom%5D=4.08.2018&filter%5Bcf%5D%5B183593%5D%5Bto%5D=4.08.2018&filter%5Btags_logic%5D=or&useFilter=y','2018-08-27','m4se9ve4tse8p4psecthvjtpr4@google.com',60,7,25,1),(606,549,48,62,NULL,'2018-08-04','14:00:00','','https://codabra.amocrm.ru/leads/pipeline/592459/?filter%5Bcf%5D%5B190655%5D=undefined&filter%5Bcf%5D%5B190397%5D=413789&filter%5Bcf%5D%5B183593%5D%5Bfrom%5D=4.08.2018&filter%5Bcf%5D%5B183593%5D%5Bto%5D=4.08.2018&filter%5Btags_logic%5D=or&useFilter=y','2018-08-13','93lcipvm8u5mpt7qghsdrijbeo@google.com',60,7,25,1),(608,552,51,66,NULL,'2018-07-04','11:00:00','','',NULL,'j6mlelvcb89rkhus5d34hjt6es@google.com',60,NULL,16,0),(609,553,51,67,NULL,'2018-08-04','12:00:00','','',NULL,'dj4q197vsorl63ns84v5sq3mqo@google.com',60,1,16,1),(610,552,51,66,NULL,'2018-08-04','11:00:00','','',NULL,'pnj034t24681solpdlmepvbji0@google.com',60,1,16,1),(611,554,51,66,NULL,'2018-08-04','13:30:00','','',NULL,'5a598l335uu8a9uo4k8hvvb560@google.com',60,NULL,16,1),(612,571,51,65,NULL,'2018-08-12','11:00:00','1','',NULL,'72sa4n1v0surbbbtnqm4ln2i6c@google.com',60,1,16,1),(613,572,51,64,NULL,'2018-08-12','12:30:00','1','',NULL,'glt9jbt9fvss0sr8sih3i4m11k@google.com',60,NULL,16,1),(614,573,51,65,NULL,'2018-08-12','14:00:00','2','',NULL,'tpphtmmku1l9fa36d37k158l20@google.com',60,NULL,16,1),(615,574,51,64,NULL,'2018-08-12','15:30:00','2','',NULL,'lbpdrcpji31le87fj2o2uq8n5o@google.com',60,NULL,16,1);
/*!40000 ALTER TABLE `trial_lesson` ENABLE KEYS */;
UNLOCK TABLES;

--
-- Table structure for table `user`
--

DROP TABLE IF EXISTS `user`;
/*!40101 SET @saved_cs_client     = @@character_set_client */;
/*!40101 SET character_set_client = utf8 */;
CREATE TABLE `user` (
  `user_id` int(10) unsigned NOT NULL AUTO_INCREMENT,
  `full_name` tinytext,
  `username` tinytext,
  `password` text,
  `city_id` int(10) unsigned DEFAULT NULL,
  `info` text,
  `auth_key` text,
  `access_token` text,
  `role` enum('main_admin','regional_admin') NOT NULL DEFAULT 'regional_admin',
  PRIMARY KEY (`user_id`),
  KEY `city_ind` (`city_id`),
  CONSTRAINT `user_ibfk_1` FOREIGN KEY (`city_id`) REFERENCES `city` (`city_id`) ON DELETE SET NULL
) ENGINE=InnoDB AUTO_INCREMENT=18 DEFAULT CHARSET=utf8 COMMENT='users';
/*!40101 SET character_set_client = @saved_cs_client */;

--
-- Dumping data for table `user`
--

LOCK TABLES `user` WRITE;
/*!40000 ALTER TABLE `user` DISABLE KEYS */;
INSERT INTO `user` VALUES (5,'мастер','Master','1231231231',4,'','lEcY29426rePkTkq_atsmLaIPNujGDk5','codabr-tokenyBMeQL5Mm1rPMExR_9Mf9MY-oqZGDQ-l','main_admin'),(8,'Имя','dragon','codabr',1,'','m_gxmkjgZ0DEyBV7Pt4U5H2ax2UU7kYd','codabr-tokent7865sre5665e4s','regional_admin'),(12,'томичянин','tomsk','123',3,'','_LlwEH_E1t_yfqagTtpkgppdmxTMSZtE','codabr-tokenP3MLyyXWdzSVbz1v0WM0MU0tm-qmbpdC','regional_admin'),(13,'Питер','piter','codabr',2,'','omMaw1aV9-5Gv-3EwM08DbgJasYN5MYb','codabr-token7EKS2bnsTA6vMHHFzLaDMXfzY7GewosK','regional_admin'),(14,'Уфа','Codabraufa','ufaCodabra210',5,'','Vq9Yr8Zb37mmsWTmJYGnmEcMb3De-51k','codabr-tokenguDBCM7YSaI7wvAx7ahTlWTN6h6GmV2G','regional_admin'),(15,'Анна Семкина','Sean','CodabraSean',6,'Директор филиала','JAmvm9lKWBTB745rf9WYcVvBdyeanj29','codabr-tokenYqJ6bawLfOmwUE4GyDpe12HXfpYp1xZo','regional_admin'),(16,'Галина','Sukonkina','Codabra_SG',7,'Директор Филиала','V5xVpqFf2dF27_7wRP039WeTLf6I-ciW','codabr-tokenckFxOqnFDDTRttDFJ2DSdmbDC345awvQ','regional_admin'),(17,'Sergei Suntsev','Greyewi','WuN3GO',1,'','MYl0l28wtfZAiYSfVlWrGD3NyeZs7ze4','codabr-tokenE6w8NzjFIP5zh7C1an3YEaD6MUoay1iU','regional_admin');
/*!40000 ALTER TABLE `user` ENABLE KEYS */;
UNLOCK TABLES;
/*!40103 SET TIME_ZONE=@OLD_TIME_ZONE */;

/*!40101 SET SQL_MODE=@OLD_SQL_MODE */;
/*!40014 SET FOREIGN_KEY_CHECKS=@OLD_FOREIGN_KEY_CHECKS */;
/*!40014 SET UNIQUE_CHECKS=@OLD_UNIQUE_CHECKS */;
/*!40101 SET CHARACTER_SET_CLIENT=@OLD_CHARACTER_SET_CLIENT */;
/*!40101 SET CHARACTER_SET_RESULTS=@OLD_CHARACTER_SET_RESULTS */;
/*!40101 SET COLLATION_CONNECTION=@OLD_COLLATION_CONNECTION */;
/*!40111 SET SQL_NOTES=@OLD_SQL_NOTES */;

-- Dump completed on 2018-08-05 13:52:56
